"","Indiv","Clu_CM000001_4_107998114","Clu_CM000001_4_2063927","Clu_CM000002_4_16168713","Clu_CM000002_4_7243669","Clu_CM000002_4_81773732","Clu_CM000004_4_18368340","Clu_CM000004_4_43925588","Clu_CM000005_4_26189713","Clu_CM000005_4_51349606","Clu_CM000006_4_40833158","Clu_CM000007_4_26889129","Clu_CM000009_4_25894540","Clu_CM000009_4_44879591","Clu_CM000009_4_48595","Clu_CM000009_4_60133904","Clu_CM000010_4_56031396","Clu_CM000010_4_60100316","Clu_CM000011_4_3242856","Clu_CM000011_4_33953383","Clu_CM000011_4_60102821","Clu_CM000012_4_40786777","Clu_CM000013_4_28252400","Clu_CM000014_4_22834397","Clu_CM000014_4_375484","Clu_CM000015_4_20346831","Clu_CM000015_4_32675734","Clu_CM000015_4_55704305","Clu_CM000016_4_33500360","Clu_CM000016_4_3568828","Clu_CM000017_4_15807923","Clu_CM000017_4_29767731","Clu_CM000017_4_56970002","Clu_CM000019_4_18621920","Clu_CM000019_4_39221794","Clu_CM000019_4_46579034","Clu_CM000022_4_42333522","Clu_CM000022_4_45882365","Clu_CM000023_4_38742797","Clu_CM000023_4_4061462","Clu_CM000025_4_38069498","Clu_CM000026_4_3574780","Clu_CM000027_5_2724686","Clu_CM000027_5_30389478","Clu_CM000028_4_13430306","Clu_CM000030_4_793232","Clu_CM000031_4_3952896","Clu_CM000032_5_12235321","Clu_CM000032_5_5526601","Clu_CM000033_4_18592030","Clu_CM000036_4_9481167","Clu_CM000001_4_14963079","Clu_CM000001_4_18555876","Clu_CM000001_4_40580125","Clu_CM000001_4_42676185","Clu_CM000001_4_77197557","Clu_CM000001_4_8833163","Clu_CM000001_4_88484444","Clu_CM000002_4_25100117","Clu_CM000002_4_58193917","Clu_CM000002_4_79182372","Clu_CM000003_4_13260504","Clu_CM000003_4_49666979","Clu_CM000003_4_57185740","Clu_CM000003_4_65055076","Clu_CM000003_4_69280895","Clu_CM000003_4_88141132","Clu_CM000003_4_93113552","Clu_CM000004_4_10258625","Clu_CM000004_4_27540882","Clu_CM000004_4_32351447","Clu_CM000004_4_41442770","Clu_CM000004_4_81069221","Clu_CM000005_4_17273932","Clu_CM000005_4_31180595","Clu_CM000005_4_35046040","Clu_CM000005_4_4296151","Clu_CM000005_4_57504115","Clu_CM000005_4_83040455","Clu_CM000006_4_44306020","Clu_CM000006_4_61570270","Clu_CM000006_4_79752759","Clu_CM000007_4_1317300","Clu_CM000007_4_23823928","Clu_CM000007_4_37586974","Clu_CM000007_4_72334052","Clu_CM000007_4_75021251","Clu_CM000007_4_79786147","Clu_CM000008_4_15890115","Clu_CM000008_4_2136466","Clu_CM000009_4_22723518","Clu_CM000009_4_4999485","Clu_CM000010_4_14223828","Clu_CM000010_4_26017081","Clu_CM000010_4_28684996","Clu_CM000010_4_31178429","Clu_CM000010_4_67812878","Clu_CM000011_4_14387765","Clu_CM000011_4_20443121","Clu_CM000011_4_22840121","Clu_CM000012_4_10454755","Clu_CM000012_4_49902994","Clu_CM000013_4_2510763","Clu_CM000013_4_38632731","Clu_CM000013_4_52174036","Clu_CM000014_4_38865394","Clu_CM000014_4_51051551","Clu_CM000014_4_6743067","Clu_CM000015_4_13172841","Clu_CM000015_4_22693855","Clu_CM000015_4_36377462","Clu_CM000015_4_42548037","Clu_CM000015_4_50197822","Clu_CM000015_4_61384596","Clu_CM000016_4_36557056","Clu_CM000016_4_47473818","Clu_CM000017_4_24323605","Clu_CM000018_4_29225241","Clu_CM000019_4_10869317","Clu_CM000019_4_27171221","Clu_CM000019_4_29194628","Clu_CM000019_4_36983501","Clu_CM000020_4_12620885","Clu_CM000020_4_23023046","Clu_CM000020_4_37701864","Clu_CM000020_4_48422072","Clu_CM000020_4_53459102","Clu_CM000021_4_21807055","Clu_CM000021_4_24387109","Clu_CM000021_4_34793788","Clu_CM000021_4_39120164","Clu_CM000021_4_6359298","Clu_CM000022_4_57800579","Clu_CM000022_4_60128704","Clu_CM000023_4_12403559","Clu_CM000023_4_17000771","Clu_CM000023_4_27222289","Clu_CM000023_4_35770746","Clu_CM000023_4_44664126","Clu_CM000023_4_9069626","Clu_CM000024_4_19328861","Clu_CM000024_4_22112507","Clu_CM000024_4_33783455","Clu_CM000024_4_36320369","Clu_CM000025_4_20440981","Clu_CM000025_4_27641802","Clu_CM000025_4_40169574","Clu_CM000025_4_4481089","Clu_CM000025_4_9894874","Clu_CM000026_4_21319378","Clu_CM000026_4_31903580","Clu_CM000026_4_7318946","Clu_CM000027_5_12026384","Clu_CM000027_5_18700391","Clu_CM000028_4_11193564","Clu_CM000028_4_21682769","Clu_CM000028_4_39713790","Clu_CM000029_4_16340006","Clu_CM000029_4_37177873","Clu_CM000031_4_31008979","Clu_CM000031_4_34385824","Clu_CM000031_4_7854087","Clu_CM000032_5_15250289","Clu_CM000032_5_21231302","Clu_CM000032_5_31314479","Clu_CM000033_4_13753414","Clu_CM000033_4_15910031","Clu_CM000033_4_25457156","Clu_CM000033_4_4695236","Clu_CM000034_4_12020072","Clu_CM000034_4_14317473","Clu_CM000034_4_23994330","Clu_CM000034_4_26271218","Clu_CM000034_4_48650577","Clu_CM000034_4_5215590","Clu_CM000034_4_8335695","Clu_CM000036_4_29900470","Clu_CM000036_4_3317581","Clu_CM000037_4_8095091","Clu_CM000038_4_16360231","Clu_CM000038_4_2868664"
"1","i026_F12_IDGW_S4_MID2_1112E3","11","11","21","12","12","12","21","22","22","21","11","22","12","11","21","12","12","12","11","11","11","22","11","22","22","21","21","11","22","12","22","22","11","11","21","22","11","21","11","22","24","22","11","11","23","22","12","21","22","22","42","12","43","22","14","33","11","13","22","11","11","13","23","22","32","34","33","11","22","32","13","33","21","32","13","21","12","33","32","33","41","12","23","32","21","22","21","13","23","23","21","12","21","42","11","12","31","15","23","11","22","31","32","22","32","22","11","11","23","44","33","52","33","43","22","21","33","32","21","32","42","23","11","23","33","44","23","32","33","13","32","32","12","12","11","23","33","12","32","21","13","13","32","23","11","44","31","33","33","12","33","12","21","11","11","44","33","31","11","33","33","34","41","31","12","14","44","31","12","33","22","34","32","11","22","24","21","23","31","22"
"2","i033_D02_IDGW_S8_HIGH_1112EC","22","22","12","22","21","22","21","12","11","21","11","12","12","11","11","21","11","12",NA,"11",NA,"22","11","12","21","21","11","11","11","11","22","22","11","21","12","21","22","22","11","12","43","12","11","11","22","22","12","12","22","32","44","22","23","22",NA,"22","22","33","22","12","11","32","32","22","22","34","32","31","22","53","11","63","32","21","33","23","12","11","22","13","55","32","31","22","12","23","21","33","12","11","21","24","13","14","12","25","23",NA,"21","22","22","11","32","22","33","33","21","32","32","33","33","54",NA,"22","22","11","21","32","21","11","43","31","21","32","11",NA,"33","22","22","33","32","12","32","23","31","13","23","12","23","22","11","32","33","44","11","22","12","13","23","22","11","13",NA,NA,"15","43","23","11","11","33","43","32","42","22","22","11","43","11","21","13","21","22","22","11","12","23","33","13","22","11"
"3","i024_C04_IDGW_S2_MID1_1112EG","22","22","12","22","21","22","12","12","11","12","11","21","21","11","11","12","11","12","11","11","11","22","11","21","12","12","11","11","11","11","22","22","11","21","21","12","22","22","11","21","43","21","11","11","22","22","21","21","22","23","44","22","23","22","11","22","22","33","22","12","11","23","32","22","22","34","23","13","22","53","11","63","32","21","33","23","12","11","22","13","55","32","31","22","21","32","21","33","12","11","12","24","31","14","21","52","32","55","12","22","22","11","32","22","33","33","12","32","32","33","33","54","43","22","22","11","12","32","12","11","43","31","21","32","11","14","33","22","22","33","32","21","32","32","13","31","23","21","23","22","11","23","33","44","11","22","21","13","32","22","11","13","22","33","15","43","23",NA,"11","33","43","23","24","22","22","11","43","11","12","13","12","22","22","11","21","32","33","13","22","11"
"4","i002_B05_IDGW_S14_LOW_1112EK_redo","21",NA,NA,NA,"12",NA,NA,"12",NA,"21","22",NA,"21",NA,"12","21",NA,NA,NA,"22",NA,NA,NA,NA,"11",NA,"12","12",NA,"12",NA,"21",NA,"11",NA,"21","21","22",NA,"12",NA,NA,NA,"12","33","22","12",NA,NA,NA,NA,"21",NA,NA,NA,"22",NA,"13","21","22","11","32",NA,NA,"33",NA,"12","13",NA,NA,NA,NA,NA,"14",NA,NA,"21",NA,"22","51","52","21",NA,"33","11","12","11",NA,NA,"31","23","44","32",NA,"11","11","12",NA,NA,"23",NA,"23",NA,"11","34",NA,NA,"12","13",NA,"32","44",NA,"42","22","32","33","21",NA,"31",NA,NA,"11","21","33",NA,"33","22","12","53","23","23","21",NA,"31","12","22","32","23","12","22","32",NA,NA,"12",NA,"21","33","22","13","11",NA,NA,NA,"55","33","32","31","23","32","55","32",NA,"21",NA,"11",NA,"32","42",NA,"11",NA,"22",NA,NA,NA,NA,"11",NA,NA
"5","i036_A05_IDGW_S16_MID1_MID2_1112EQ","21","21","12","21","22","12","12","21","12","11","11","22","22","11","21","12","12","21","11","11","11",NA,"11","12","21","22","12","11","21","11","22","22","11","12","21","22","12","22",NA,"12","43",NA,NA,"11","22","22","21","12","22","22","42","21","24","22",NA,"23","21","33","22","11","11","23","23","22","23","44","33","13","22","33","11","33","23","31","31","22","11","13","22","33","15","12","12","22","22","22","12","33","32","12","12","14","21","24","12","51","31",NA,"23","12","22","31","32","22","23","23","11","12","33","43","33","55",NA,"23","22","11","23","33","21","12","24","31","11","22","13","14","33","32","23","33","32","21","21",NA,"11","12","23","21","23","12","31","13","32",NA,"11","24","32","13","33","22","31","11",NA,NA,"51","44","32","13","11","33","43","42","21","23","21","14","34","31","12","33","22","24","32","11","21","43","13","33","23",NA
"6","i037_F05_IDGW_S17_MID2_HIGH_1112ES","22","22","12","22","21","22","12","12","11","21","11","21","12","11","11","12","11","12",NA,"11",NA,NA,"11","21","12",NA,"11","11","11","11","22","22","11","21",NA,"21","22","22",NA,"12","34",NA,NA,"11","22","22","12",NA,"22","32","44","22","32","22",NA,"22","22","33","22","12","11","23","32","22","22","43","32","31","22","35","11",NA,"32","12",NA,"32","21",NA,"22","13","55","32","31","22","21","32","12",NA,"12","11","21","24","13",NA,"21","52","23","55","12","22","22","11","23","22","33",NA,"21","32","32",NA,"33","45",NA,"22","22","11","12","32","21","11",NA,"13","12","23","11","41","33","22","22","33","23","21","22","32","31","31","23","12","23","22","11","23","33","44","11",NA,"21","13","32","22","11",NA,NA,"33","15","43","32","11","11","33","43","32",NA,"22","22","11","43","31","21",NA,"12",NA,"22","11",NA,NA,"33","13","22",NA
"7","i037_F01_IDGW_S17_MID2_HIGH_1112F1","12","12","21","12","22","22","22","21","12","12","11","22","11","11","12","22","21","21",NA,"11","11","22","11","22","12","11","11","11","12","11","22","22","11","21","22","22","12","22",NA,"22","43",NA,"11","11","22","22","11","11","22","32","42","12","33","22","11","32","12","33","22","11","11","13","32","22","22","43","33","31","22","23","31","33","31","21","33","12","22","31","32","33","15","22","31","23","12","22","22","33","31","31","11","22","13","14","11","12","33","55","22","21","22","11","23","22","33","23","12","21","33","34","33","52","33","42","22","11","13","22","22","31","44","32","11","22","31","41","33","23","23","33","32","21","12","31","31","23","33","21","22","12","11","33","33","24","11","24","12","31","33","22","31","23",NA,"13","11","43","23","13","11","33","33","33","42","12","21","41","44","31","11","31","21","42","22","11","22","23","13","33","21","21"
"8","i036_F04_IDGW_S16_MID1_MID2_1112F3","21","12","12","12","22","22","22","21","12","12","11","22","11","11","21","22","21","12","11","11","11","22","11","22","21","11","11","11","12","11","22","22","11","12","22","22","21","22","11","22","43","12","11","11","22","22","11","11","22","23","42","21","33","22","11","32","21","33","22","11","11","31","23","22","22","43","33","13","22","23","13","33","31","21","33","21","22","13","23","33","51","22","31","32","21","22","22","33","31","13","11","22","31","14","11","12","33","55","22","21","22","11","23","22","33","23","12","21","33","34","33","25","33","42","22","11","31","22","22","31","44","23","11","22","31","41","33","32","32","33","32","12","12","13","13","23","33","12","22","12","11","33","33","24","11","42","21","31","33","22","31","23",NA,"13","11","43","32","31","11","33","33","33","42","21","21","14","44","31","11","31","12","42","22","11","22","23","13","33","12","21"
"9","i037_D05_IDGW_S17_MID2_HIGH_1112F9","12","21","11","22","21","22","11","21","21","21","11","12","22","11","12","12","12","21","11","11",NA,"22","11","12","12","12","11","11","12","11","22","22","11","11","21","22","12","22",NA,"22","44",NA,NA,"11","22","22","21","12","22","23","44","22","33","22","11","23","12","13","22","21","11","23","23","22","32","43","23","13","22","35","11","36","22","31","13","31","21","13","23","31","15","13","33","23","21","22","22","13","12","21","22","21","32","12","11","25","13","51","23","21","22","31","33","22","33","32","11","12","33","34","33","52","33","24","22","11","32","22","12","31","43","12","12","33","31","44","23","22","23","13","23","21","22","21","11","32","33","12","23","22","11","32","33","34","11","24","21","31","23","21","31","21",NA,"13","11","44","33","11","11","33","34","43","14","12","21","14","43","31","21","31","21","23","22","11","22","34","23","21","21","12"
"10","i036_B08_IDGW_S16_MID1_MID2_1112FD","12","12",NA,"22","21","22",NA,"12",NA,"12","11",NA,"22","11","12","21",NA,NA,NA,"11",NA,NA,"11","12","12",NA,"11","11","21","11","22","22","11","11",NA,"22","21","22",NA,"22","44",NA,NA,"11","22","22","21","12","22","23","44","22","33","22",NA,"32","11","31","22","21","11","32","23","22","32",NA,"23","13","22","53","11",NA,"22","13","13","13","12",NA,"32","13","51","31","33","32","21","22","22",NA,"21","12","22","21","32",NA,"11","25","31",NA,"23","21","22","31","33","22","33",NA,"11","21","33","43","33","52",NA,"42","22","11","23","22",NA,"13",NA,"12","22","33","13",NA,"32","22","23","31","23","12","22",NA,"11","32","33","21","32","22","11","23",NA,"34","11",NA,"12","31","23","12","31",NA,NA,NA,"11","44","33","11","11","33","43","34",NA,"12",NA,"41","34","13","12",NA,"21",NA,"22","11",NA,NA,"23","12","21",NA
"11","i037_E03_IDGW_S17_MID2_HIGH_1112FJ","12","12","11","22","12","22","11","12","12","21","11","12","22","11","12","12","12","21","11","11","11","22","11","12","12","21","11","11","12","11","22","22","11","11","21","22","21","22","11","22","44","22","11","11","22","22","21","21","22","32","44","22","33","22","11","32","12","13","22","12","11","23","32","22","32","34","23","31","22","35","11","36","22","13","31","31","21","13","23","31","15","31","33","32","21","22","22","13","21","21","22","12","23","21","11","52","31","15","23","21","22","31","33","22","33","32","11","21","33","43","33","25","33","24","22","11","32","22","12","13","34","21","12","33","31","44","32","22","23","13","23","12","22","21","11","23","33","21","32","22","11","23","33","43","11","24","21","13","23","21","31","21",NA,"31","11","44","33","11","11","33","43","34","14","21","12","14","34","31","12","13","21","32","22","11","22","34","23","21","21","12"
"12","i037_B09_IDGW_S17_MID2_HIGH_1112FU_redo","22","12","22","21","22","21","12","22","22","11","22","22","21","22","12","22","22","12","11","11","11","12","21","21","12","11","22","11","21","21","22","21","12","22","21","12","21","22","21","22","32","11","22","11","22","22","22","11","22","13","44","23","44","12","11","32","32","33","22","32","11","22","22","12","23","33","32","11","22","42","21","62","12","42","23","13","22","32","33","33","33","12","11","32","12","22","23","13","11","21","31","33","11","44","33","13","11","55","31","13","21","31","23","12","22","12","11","12","22","32","32","14","55","34","22","22","32","22","11","12","34","31","11","22","31","24","13","22","32","25","33","11","21","23","21","23","32","32","23","22","11","23","21","33","32","23","13","33","33","22","11","31",NA,"33","45","33","32","13","21","23","24","23","22","23","32","11","41","13","12","33","11","24","32","13","23","34","13","13","12","11"
"13","i024_B07_IDGW_S2_MID1_1112GY","12","21","22","21","22","12","12","22","22","12","21","12","21","22","12","22","12","12","21","11","11","11","12","21","21","12","21","11","22","21","21","11","11","11","11","12","21","11","11","22","24","21","12","12","22","22","22","21","22","21","14","32","44","21","11","23","21","33","22","32","21","22","22","21","23","33","32","11","22","24","12","36","22","42","23","21","21","23","23","35","32","22","31","23","21","33","23","13","11","21","31","13","12","24","13","32","11","55","13","31","21","12","22","11","32","21","11","12","12","43","33","44","54","34","22","22","32","21","31","23","34","11","11","22","31","14","12","22","23","55","33","11","21","33","33","21","23","23","32","22","11","32","12","33","22","32","22","31","33","22","21","31","21","33","52","33","12",NA,"21","23","24","23","22","23","33","31","11","13","21","33","11","24","22","13","33","34","11","13","22","11"
"14","i024_C08_IDGW_S2_MID1_1112H4","21","12","22","21","21","21","21","22","22","21","21","11","22","22","12","22","12","22","11","12","11","11","12","21","21","11","22","12","22","21","12","11","11","12","21","21","12","22","22","22","42","11","12","11","22","22","21","12","22","31","41","33","44","12","11","33","23","33","21","22","11","22","22","12","32","32","23","11","22","22","32","62","22","24","23","21","21","32","22","15","35","21","13","33","22","23","23","31","11","11","33","31","23","22","31","31","13","54","13","31","12","21","22","21","33","12","11","21","22","23","32","41","55","43","22","22","32","12","31","31","43","13","11","22","13","41","21","22","32","55","33","11","31","32","12","23","23","23","22","22","11","31","12","33","23","32","21","31","33","22","12","31","21","33","45","23","21",NA,"12","32","52","34","22","22","33","31","11","13","11","33","11","24","23","33","33","43","31","31","12","11"
"15","i033_E05_IDGW_S8_HIGH_1112HJ","12","12","21","12","22","12","12","12","12","12","12","22","12","22","22","22","22","22","11","11","11","11","12","21","12","11","22","11","22","21","12","12","12","21","11","12","21","21","12","22","42","12","22","21","22","22","22","21","22","32","44","22","34","21","11","23","12","33","21","32","21","23","23","33","12","32","23","11","22","42","12","26","23","11","23","22","22","12","22","15","32","12","13","33","22","32","23","11","11","21","13","33","11","44","33","13","11","55","13","31","12","21","22","11","22","21","11","12","22","32","23","14","51","33","22","22","33","22","11","22","43","13","11","22","31","42","31","22","23","52","33","11","12","33","13","31","22","22","22","22","11","23","12","32","32","23","21","13","31","12","12","13",NA,"11","45","33","31","12","13","32","25","23","22","23","21","31","41","31","12","33","11","24","22","13","32","34","33","11","22","11"
"16","i028_A03_IDGW_S5_MID2_1112HM","22","11","21","22","22","21","22","22","22","21","22","12","22","11","12","11","22","21","11","12","11","22","21","11","11","11","12","11","22","11","12","22","22","21","11","21","12","12","21","21","42","22","12","22","12","11","12","22","12","31","13","31","34","11","21","33","12","32","11","11","21","33","32","12","32","33","33","11","22","44","11","33","22","22","33","21","12","31","32","11","55","12","11","32","22","22","11","32","21","12","22","22","11","22","11","53","33","45","11","11","31","21","33","21","32","22","33","31","12","34","33","42","14","34","32","21","31","22","21","22","42","11","11","33","23","24","22","23","31","15","31","23","21","32","31","12","33","21","23","21","32","32","33","41","11","23","21","33","33","12","12","11",NA,"11","52","23","23","21","33","33","45","44","13","22","23","13","34","23","11","13","11","24","33","31","12","41","23","13","22","11"
"17","i024_D08_IDGW_S2_MID1_1112I1","12","11","21","22","12","12","22","11","12","12","22","21","22","21","21","11","22","21","11","11","12","12","21","21","11","21","11","21","12","11","11","22","11","22","21","12","11","11","12","12","34","12","21","21","22","12","21","22","21","31","14","23","44","21","12","23","22","33","21","11","12","33","23","21","32","43","33","11","22","44","11","33","11","44","11","11","12","13","32","11","55","12","13","32","12","22","12","23","11","11","22","41","21","23","21","23","33","55","11","21","31","13","33","21","12","32","31","13","12","44","33","22","11","33","32","22","31","32","12","31","44","11","12","13","12","24","22","32","13","51","31","22","21","23","31","32","33","21","23","12","22","33","33","43","31","32","21","33","22","22","11","11","11","13","22","23","33",NA,"31","33","55","44","31","22","22","15","41","23","11","13","11","42","33","13","21","14","13","22","12","21"
"18","i033_F05_IDGW_S8_HIGH_1112IH","22","11","21","22","21","22","12","12","12","21","22","21","22","11","21","12","22","11","11","11","21","12","11","22","11","12","21","12","21","11","11","12","22","21","11","12","11","11","21","11","24","21","22","21","22","11","11","12","21","31","41","32","44","12","42","33","21","23","11","11","12","33","32","12","23","33","33","21","12","42","12","33","21","24","13","11","22","31","23","11","55","12","11","23","11","22","12","13","22","21","22","24","11","32","21","33","33","54","13","21","31","13","33","21","12","23","21","13","21","43","33","42","44","33","23","22","13","22","21","22","32","11","11","33","22","22","22","32","21","53","31","22","11","32","31","32","33","11","32","21","23","12","32","34","31","22","21","33","33","21","12","11",NA,"13","12","33","33","11","13","33","54","34","32","22","23","13","41","32","11","13","11","24","33","33","21","44","21","32","12","12"
"19","i001_B05_IDGW_S13_LOW_1112IR","12","11",NA,NA,NA,NA,NA,"12",NA,"12","22",NA,"21","21","12","12",NA,NA,NA,"22",NA,NA,NA,NA,"11",NA,"21","21","12","12",NA,"12",NA,"21",NA,"21","12","22",NA,"12",NA,NA,NA,"12",NA,NA,"12",NA,NA,NA,NA,"21",NA,NA,NA,"22",NA,"31","21","22",NA,"23",NA,NA,"33",NA,"21","13","12",NA,NA,NA,NA,"41",NA,NA,"21",NA,"21","51","52","12",NA,"33","11","12","11",NA,NA,"13","32","44","23",NA,"11","11","12",NA,NA,"23","22","32","13",NA,"34",NA,NA,"21","31",NA,"23","44",NA,NA,"22","32","33","12","22","31",NA,NA,"11","21","13",NA,"23","22",NA,"35","23","32","21",NA,"13","12",NA,NA,"23","12","22","32",NA,NA,"12",NA,"12","33","22","13","11",NA,NA,NA,NA,"33","23","31","32","32","55","32",NA,"12",NA,"11",NA,"23","24",NA,"11",NA,"32","12",NA,NA,NA,NA,NA,NA
"20","i033_A03_IDGW_S8_HIGH_1112IX","12","11","21","22","22","21","12","11","22","11","22","12","22","11","22","11","22","21","11","12","11","22","21","12","11","21","11","11","21","11","21","21","21","12","11","11","12","11","12","12","42","22","11","22","21","11","21","11","21","23","13","31","44","12","22","33","21","33","22","12","21","33","23","12","32","33","33","12","31","25","32","33","11","44","11","11","11","33","31","11","55","21","31","32","11","22","21","31","22","12","22","14","12","32","12","52","33","45","11","11","13","12","33","12","32","22","31","13","22","44","33","22","41","43","23","22","31","22","11","32","32","31","21","13","21","24","22","32","21","53","13","22","11","23","13","21","33","11","23","21","22","33","33","41","13","33","21","33","33","12","12","11",NA,"11","25","32","33","21","31","33","45","34","23","22","22","15","14","23","11","33","11","41","33","33","21","44","22","22","21","11"
"21","i033_H01_IDGW_S8_HIGH_1112IZ","21","11","22","22","21","12","21","12","21","11","22","12","22","12","12","11","22","11","11","12","11","22","11","22","11","11","21","12","11","11","11","22","12","22","11","11","21","12","11","22","42","21","11","21","22","11","22","12","12","31","41","23","34","11","12","23","22","33","22","21","12","33","33","23","32","33","33","12","13","52","32","33","21","24","31","12","21","31","31","11","55","12","13","32","21","22","11","32","21","12","22","21","21","22","11","52","33","44","31","21","12","12","33","22","12","32","21","11","12","43","33","24","14","23","32","22","31","32","22","12","43","11","21","31","21","42","22","22","22","63","13","22","11","33","13","21","33","12","23","21","33","12","23","31","11","33","12","33","33","12","11","11",NA,"13","22","33","32","12","13","33","45","44","14","22","32","51","34","23","11","31","11","41","33","31","21","44","13","22","21","21"
"22","i028_A01_IDGW_S5_MID2_1112J1","12","21","12","22","22","12","22","22","22","12","22","21","22","11","21","11","22","11","11","21",NA,"12","11","22","11","21","21","21","12","11","21","22","22","12","11","21","11","22","21","21","34","21","12","12","11","11","21","11","21","32","34","12","34","12","24","32","22","33","12","11","12","33","33","32","23","43","33","11","22","44","11","33","22","22","33","21","21","31","32","11","55","21","31","32","22","22","11","31","22","21","23","41","21","32","12","53","33","44","13","12","13","13","33","12","21","23","21","31","21","34","33","24","44","33","23","21","31","22","12","22","23","13","11","33","32","24","22","23","12","53","31","22","12","33","31","12","33","23","32","21","22","33","33","11","13","32","12","33","22","22","11","11",NA,"13","22","33","23","11","13","33","55","43","42","22","23","31","14","32","11","31","11","41","32","13","21","12","32","12","12","12"
"23","i033_E02_IDGW_S8_HIGH_1112J4","12","11","12","22","22","21","12","11","22","11","22","21","22","11","22","11","22","21","11","12",NA,"22","12","12","11","21","11","11","12","11","21","21","12","21",NA,"11","12","11",NA,"12","42",NA,NA,"22","12","11","21","11","12","23","13","13","44","12","22","33","12","33","22","12","21","33","23","21","32","33","33","12","13","25","32","33","11","44","11","11","11","33","13","11","55","12","13","23","11","22","21","31","22","21","22","41","12","23","21","52","33",NA,"11","11","13","21","33","21","23","22","31","13","22","44","33","22","14","43","32","22","31","22","11","32","32","31","12","13","12","24","22","23","21","53","13","22","11","23","13","21","33","11","32","21","22","33","33","14","13",NA,"21","33","33","12","12","11",NA,NA,"25","32","33","12","31","33","45","43","32","22","22","15","41","32","11","33","11","14","33","33","12","44","22","22","21","11"
"24","i024_D04_IDGW_S2_MID1_1112J9","21","11","22","22","12","12","22","11","22","21","22","21","22","21","22","21","22","12","11","21","11","21","11","22","11","12","11","12","12","11","22","22","11","22","21","11","12","12","12","11","43","22","22","12","21","11","22","21","12","31","14","32","44","21","14","32","22","33","22","21","21","33","32","21","23","33","33","21","13","25","23","33","11","44","31","11","12","31","23","11","55","12","11","32","22","22","11","32","11","11","22","22","11","22","11","23","33","44","13","11","13","21","33","22","21","23","12","11","22","44","33","22","41","23","32","12","13","23","12","31","44","31","21","31","13","44","22","32","13","35","13","32","22","23","31","32","33","13","23","12","22","33","33","13","13","22","12","33","22","22","11","11","11","13","12","23","33",NA,"31","33","55","44","24","22","22","51","14","32","11","33","11","12","23","33","21","14","13","23","12","12"
"25","i033_G02_IDGW_S8_HIGH_1112JA","22","11","12","22","12","12","22","12","12","21","22","21","22","21","22","11","22","11","11","11","11","22","11","21","11","21","12","11","12","11","22","22","12","22","21","12","11","11","21","12","34","22","22","22","21","12","12","11","12","23","13","31","34","11","21","33","21","33","21","11","12","33","33","23","23","34","33","12","31","25","13","33","21","42","31","21","21","33","23","11","55","21","13","32","12","22","21","23","21","21","23","21","21","22","11","23","33","54","31","11","13","12","33","22","12","32","32","31","12","34","33","24","44","34","23","12","13","23","22","12","43","11","11","33","22","22","22","22","22","36","13","23","21","32","31","23","33","31","32","12","23","32","33","14","31","23","12","33","32","21","21","11",NA,"11","12","32","32","21","11","33","54","43","24","22","32","51","43","23","12","13","11","22","33","31","22","44","22","32","22","21"
"26","i036_A02_IDGW_S16_MID1_MID2_1112JK","21","11","22","21","21","12","12","21","11","11","22","22","22","11","22","21","11","12","11","22",NA,"12","21","22","21","21","21","12","21","11","21","21","12","11","12","21","21","22","12","12","22","11",NA,"11","23","22","21","22","12","33","44","22","43","22","44","22","21","33","12","22","11","23","22","22","33","34","31","11","22","53","21","31","22","42","31","22","22","33","22","15","55","12","13","33","11","11","11","13","12","31","22","42","13","13","21","12","22","45","14","21","22","13","21","11","33","32","12","22","13","24","21","44","43","23","22","21","33","22","21","32","34","31","11","21","31","44","32","32","32","33","23","23","21","33","31","11","21","12","23","22","12","23","23","32","12","22","11","23","22","32","31","31",NA,"33","25","13","22","11","12","23","55","32","24","21","22","13","31","33","12","23","11","42","22","11","12","14","13","11","13","11"
"27","i033_F02_IDGW_S8_HIGH_1112JP","12","21","22","12","21","22","12","12","21","21","22","21","12","11","21","12","12","12","11","12",NA,"22","11","22","21","21","22","11","21","21","11","12","21","12","12","22","21","22","22","11","24",NA,"12","12","23","22","12","12","22","23","44","22","43","21","44","12","21","33","22","22","11","33","23","22","33","34","23","11","21","32","21","21","21","44","12","22","21","33","23","15","25","22","13","33","11","21","11","13","21","23","22","44","23","12","11","12","22",NA,"14","11","22","21","11","11","43","23","21","12","11","24","31","44","13","23","23","23","33","22","21","32","44","13","11","12","33","24","32","32","22","35","33","23","21","31","33","12","12","11","23","12","22","32","32","42","21","12","21","33","21","21","13","33",NA,"23","25","31","32","13","11","33","55","23","24","21","22","11","43","32","24","43","11","24","22","12","31",NA,"21","11","33","11"
"28","i024_E03_IDGW_S2_MID1_1112JY","12","21","22","12","12","22","21","12","12","21","22","21","12","11","21","12","21","21","11","12","22","22","11","22","12","12","22","11","12","21","11","21","21","12","12","22","12","22","22","11","24","11","21","12","32","22","12","12","22","23","44","22","34","12","44","12","12","33","22","22","11","33","32","22","33","34","23","11","12","32","12","12","12","44","21","22","12","33","23","51","25","22","31","33","11","21","11","13","21","32","22","44","23","21","11","21","22","45","14","11","22","12","11","11","43","23","12","12","11","42","31","44","13","32","23","23","33","22","12","23","44","31","11","21","33","42","32","32","22","53","33","32","12","31","33","21","12","11","23","12","22","32","23","42","21","21","21","33","21","21","13","33","22","23","25","13","23",NA,"11","33","55","32","42","12","22","11","43","32","24","34","11","24","22","12","13","14","21","11","33","11"
"29","i024_B05_IDGW_S2_MID1_1112K2","22","21","22","21","21","12","22","12","21","21","22","22","21","11","21","11","11","11","12","22","22","22","11","22","12","22","22","22","22","11","12","22","12","12","21","22","21","22","22","22","22","11","12","21","32","22","22","22","22","23","44","22","34","22","41","21","22","31","12","22","11","33","23","22","32","43","33","13","21","25","22","33","21","44","12","22","21","33","32","15","55","11","11","33","21","31","11","11","22","32","22","42","21","43","12","11","21","45","24","12","22","21","11","11","34","32","12","12","11","24","13","44","33","34","22","21","33","22","12","32","44","33","11","21","31","44","33","22","32","53","32","22","11","13","13","21","23","23","33","22","12","32","23","42","23","21","21","32","12","12","31","11","12","23","55","31","23",NA,"21","32","52","22","24","21","22","11","43","32","11","24","11","44","22","12","32","44","12","11","13","11"
"30","i028_B01_IDGW_S5_MID2_1112K7","12","12","22","12","21","22","12","21","12","21","22","12","12","11","12","12","21","21","11","12",NA,"22","11","22","12","21","22","11","12","21","11","12","21","21","21","22","12","22","22","11","42","11","12","12","32","22","12","12","22","23","44","22","43","12","44","12","12","33","22","22","11","33","32","22","33","43","23","11","21","32","12","21","21","44","21","22","12","33","32","51","25","22","31","33","11","12","11","31","12","23","22","44","23","21","11","21","22","54","14","11","22","21","11","11","43","32","12","12","11","24","31","44","31","23","32","32","33","22","12","23","44","13","11","21","33","42","32","32","22","35","33","23","21","13","33","12","21","11","23","12","22","32","32","24","21","12","21","33","12","12","31","33",NA,"32","25","31","23","31","11","33","55","23","24","12","22","11","43","32","42","34","11","42","22","12","13","14","21","11","33","11"
"31","i033_B04_IDGW_S8_HIGH_1112KJ","21","21","22","21","12","22","12","12","12","12","22","21","12","11","21","21","12","21","11","21","22","22","11","22","21","12","22","11","21","12","11","21","12","12","12","22","21","22","22","11","42","11","21","12","23","22","21","21","22","23","44","22","34","21","44","21","12","33","22","22","11","33","23","22","33","34","32","11","12","32","21","21","12","44","12","22","21","33","23","15","25","22","31","33","11","21","11","13","12","32","22","44","23","12","11","21","22","45","14","11","22","12","11","11","34","23","12","12","11","24","31","44","13","32","32","23","33","22","21","23","44","13","11","21","33","24","32","32","22","53","33","23","21","13","33","21","21","11","32","21","22","32","32","42","12","12","12","33","12","12","13","33",NA,"32","52","31","32","13","11","33","55","23","24","12","22","11","43","23","42","34","11","24","22","12","13","41","21","11","33","11"
"32","i024_H03_IDGW_S2_MID1_1112KN","21","12","22","12","21","22","21","21","21","21","22","12","12","11","21","12","21","12","11","21","22","22","11","22","12","21","22","11","12","21","11","12","21","12","12","22","12","22","22","11","42","11","21","12","32","22","12","12","22","32","44","22","34","21","44","21","12","33","22","22","11","33","23","22","33","43","32","11","12","32","12","12","12","44","12","22","12","33","32","51","52","22","13","33","11","12","11","31","12","23","22","44","32","12","11","12","22","45","14","11","22","12","11","11","34","23","12","12","11","42","13","44","13","23","23","23","33","22","21","23","44","13","11","21","33","42","23","23","22","53","33","23","12","31","33","21","21","11","32","12","22","32","23","24","12","12","12","33","12","21","31","33","22","32","25","31","23",NA,"11","33","55","23","24","21","22","11","34","23","24","43","11","42","22","21","31","41","21","11","33","11"
"33","i024_F04_IDGW_S2_MID1_1112KT","22","12","22","12","12","21","22","21","12","12","22","22","12","11","21","11","11","11","21","22",NA,"22","11","22","21","22","22","22","22","11","12","22","21","12",NA,"22","12","22","22","22","22","11","21","12","32","22","22","22","22","23","44","22","34","22","41","12","22","31","21","22","11","33","23","22","32","43","33","31","12","25","22","33","21","44","21","22","12","33","23","15","55","11","11","33","21","13","11","11","22","32","22","42","21","43","21","11","21","45","42","12","22","12","11","11","43","23","12","21","11","42","13","44","33","34","22","21","33","22","21","32","44","33","11","21","13","44","33","22","23","35","32","22","11","31","13","12","23","32","33","22","12","32","23","42","32","21","21","23","21","12","13","11","21","23","55","31","32",NA,"12","23","52","22","24","12","22","11","34","23","11","24","11","44","22","21","23","44","12","11","13","11"
"34","i024_G04_IDGW_S2_MID1_1112KW","21","21","22","12","21","22","12","12","12","21","22","21","21","11","21","12","21","21","11","12","22","22","11","22","21","21","22","11","12","12","11","21","21","12",NA,"22","12","22","22","11","42","11","21","21","32","22","12","12","22","32","44","22","43","21","44","21","12","33","22","22","11","33","23","22","33","43","32","11","21","23","12","21","12","44","12","22","21","33","32","51","52","22","31","33","11","21","11","13","21","23","22","44","32","12","11","21","22","54","41","11","22","21","11","11","34","32","12","21","11","24","13","44","13","23","32","32","33","22","21","23","44","31","11","21","33","42","32","23","22","35","33","32","12","31","33","12","12","11","23","12","22","23","32","24","12","12","21","33","21","21","13","33","22","32","25","13","23",NA,"11","33","55","32","42","12","22","11","43","23","42","43","11","24","22","21","13","41","21","11","33","11"
"35","i024_A05_IDGW_S2_MID1_1112KY","12","12","22","12","12","22","21","12","21","12","22","21","21","11","12","21","12","21","11","21","22","22","11","22","12","21","22","11","12","21","11","21","21","21","12","22","12","22","22","11","42","11","12","12","23","22","12","21","22","32","44","22","43","12","44","21","21","33","22","22","11","33","23","22","33","43","32","11","21","32","21","12","12","44","12","22","12","33","32","51","52","22","13","33","11","21","11","13","21","32","22","44","32","12","11","21","22","45","14","11","22","12","11","11","43","32","21","21","11","42","31","44","13","23","23","23","33","22","12","23","44","13","11","21","33","42","23","23","22","53","33","32","21","31","33","21","12","11","32","12","22","32","23","42","21","12","12","33","12","21","13","33","22","32","25","31","23",NA,"11","33","55","32","42","21","22","11","34","32","42","43","11","42","22","12","31","14","21","11","33","11"
"36","i028_H10_IDGW_S5_MID2_1112L6","21","22","22","11","12","22","11","22","12","12","12","11","12","12","12","22","21","22","22","11","12","22","11","12","21","21","22","22","22","21","11","12","22","11","12","12","21","22","11","21","42","12","21","12","23","22","12","21","22","32","44","21","24","22","42","23","31","13","22","31","22","22","32","12","22","33","33","11","22","33","11","31","22","24","13","22","23","32","32","15","13","21","11","33","12","32","33","31","11","11","13","43","11","24","12","11","31","45","33","11","13","11","32","21","22","22","21","21","32","23","32","44","53","24","32","21","32","21","21","22","34","12","22","12","13","22","21","23","13","52","11","23","13","31","12","22","32","11","22","12","31","31","12","23","12","12","22","32","31","12","22","31",NA,"11","55","43","23","12","11","23","23","42","24","22","32","31","44","11","11","33","21","22","22","33","13","44","33","11","22","12"
"37","i028_G09_IDGW_S5_MID2_1112LS","12","12","22","11","22","22","11","12","22","11","21","12","21","21","21","22","22","22","22","12","11","22","12","21","12","22","21","22","21","11","21","21","12","12","12","11","22","12","11","11","24","11","12","11","31","22","11","11","21","23","44","12","43","12","21","32","31","33","22","12","12","22","31","12","32","33","33","13","22","33","11","33","21","44","11","22","23","33","21","51","33","22","21","23","22","23","23","33","11","11","31","42","11","24","13","31","11","55","23","12","21","11","21","21","23","22","23","32","23","24","33","44","13","34","22","31","22","31","12","22","34","23","21","21","11","42","22","13","11","65","31","33","11","13","11","23","33","21","22","22","21","13","22","23","31","32","22","32","33","32","21","13",NA,"22","45","33","22","11","41","23","25","44","12","32","32","33","44","11","11","33","12","42","23","33","31","24","23","31","22","11"
"38","i037_H01_IDGW_S17_MID2_HIGH_1112LU","12","21","22","11","22","22","12","21","11","21","11","12","11","11","11","22","12","22","22","21","11","22","21","21","21","21","21","21","22","11","11","21","12","21","12","21","22","11","11","11","42","12","12","22","21","22","11","11","12","23","44","11","22","22","14","22","11","13","21","21","21","22","32","12","32","34","23","31","32","23","13","31","21","24","31","22","22","23","31","51","51","22","21","32","11","22","23","33","11","11","21","32","11","44","23","13","11","55","31","12","12","11","33","11","32","22","32","12","23","42","33","14","31","23","23","12","23","12","23","23","33","31","12","12","11","42","21","21","33","52","31","33","11","33","12","32","23","12","22","21","12","33","12","33","13","32","22","23","33","23","21","11",NA,"11","52","34","31","11","11","33","25","44","24","23","23","33","44","21","12","33","12","24","32","32","33","42","33","12","12","21"
"39","i028_A12_IDGW_S5_MID2_1112LW","11","21","22","12","22","22","12","12","21","21","11","21","12","12","12","22","21","22","22","12","21","22","11","12","12","21","21","22","22","11","21","22","21","21","11","22","12","12","11","12","44","21","21","22","23","22","21","22","21","23","44","12","43","21","14","23","11","11","22","12","12","22","22","11","23","33","33","13","23","32","31","33","21","44","11","22","23","33","33","11","33","21","21","32","11","22","23","13","11","11","31","24","11","42","13","13","11","55","31","21","23","11","12","11","23","32","11","21","23","24","33","14","54","44","22","32","22","21","13","22","44","32","12","32","21","22","12","12","33","52","31","32","33","12","13","32","22","11","22","12","32","31","23","33","23","21","22","22","13","31","21","33",NA,"11","52","43","13","31","11","32","52","22","24","23","23","33","44","11","21","33","21","42","32","32","33","44","23","13","22","22"
"40","i037_C02_IDGW_S17_MID2_HIGH_1112LX","11","12","22","12","22","22","21","12","21","21","11","21","21","12","21","22","12","22","22","21","21","22","11","12","12","21","21","22","22","11","12","22","21","21","11","22","21","12","11","21","44","12","12","22","23","22","21","22","12","32","44","12","34","12","14","32","11","11","22","12","21","22","22","11","23","33","33","31","23","23","31","33","21","44","11","22","32","33","33","11","33","21","21","32","11","22","32","13","11","11","13","42","11","24","13","13","11","55","13","12","23","11","12","11","23","32","11","12","23","42","33","41","45","44","22","32","22","12","13","22","44","23","21","32","21","22","21","12","33","25","13","23","33","21","31","23","22","11","22","12","23","13","23","33","32","12","22","22","31","13","12","33",NA,"11","25","34","13","31","11","32","25","22","42","23","23","33","44","11","21","33","21","24","32","32","33","44","23","13","22","22"
"41","i036_C08_IDGW_S16_MID1_MID2_1112LY","12","21","22","11","22","22","11","12","21","21","11","12","21","12","11","22","22","22","22","21","21","22","11","21","22","21","22","22","12","21","21","22","12","12","12","22","12","11","11","11","21","21","11","12","22","22","12","21","22","33","14","23","24","22","12","33","32","31","12","21","21","22","21","11","32","43","32","13","32","32","11","33","21","42","31","22","12","12","13","11","53","12","11","33","21","32","32","33","11","11","32","24","11","42","13","31","31","45","13","21","32","11","32","21","32","22","11","31","22","34","23","44","45","24","22","32","22","13","12","22","34","32","21","12","11","42","21","21","33","25","31","32","33","33","12","32","23","12","22","22","12","33","12","33","31","23","21","33","33","32","12","33",NA,"12","54","44","21","21","11","33","53","24","14","32","23","11","43","21","11","33","11","22","21","33","31","44","23","12","12","22"
"42","i028_B12_IDGW_S5_MID2_1112M3","11","12","22","11","22","22","11","21","12","12","12","21","11","12","12","22","22","22","22","21","12","22","11","22","22","11","12","22","21","12","11","22","12","12","11","11","22",NA,"11","21","12","21","22","21","13","22","21","22","21","23","44","11","22","22","14","22","21","13","21","12","12","22","32","12","23","33","33","12","22","33","11","13","23","44","11","21","32","13","31","11","53","22","12","32","21","32","32","33","11","11","23","24","11","42","13","31","33","45","23","11","33","11","33","11","23","23","21","11","22","34","32","14","13","44","22","22","22","23","11","22","44","31","12","23","12","24","12","21","33","52","13","33","31","32","32","23","22","11","22","11","23","31","21","33","21","12","12","32","33","32","21","11",NA,NA,"25","43","12","11","14","33","53","22","14","23","32","33","44","21","11","33","21","22","21","33","31","44","32","13","22","21"
"43","i036_H05_IDGW_S16_MID1_MID2_1112M5","12","21","22","11","22","22","11","12","22","11","12","21","21","21","21","22","22","22","22","21","11","22","12","12","21","22","21","22","12","11","21","21","21","21","12","11","22","21","11","11","42","11","21","11","31","22","11","11","12","23","44","12","34","12","12","32","13","33","22","21","12","22","13","12","23","33","33","31","22","33","11","33","12","44","11","22","32","33","12","15","33","22","12","32","22","32","32","33","11","11","31","24","11","42","13","31","11","55","32","12","12","11","12","12","23","22","23","23","23","24","33","44","31","34","22","13","22","31","21","22","34","23","21","21","11","42","22","31","11","56","13","33","11","13","11","32","33","12","22","22","12","31","22","32","31","32","22","32","33","32","21","31",NA,"22","54","33","22","11","41","23","52","44","21","23","32","33","44","11","11","33","12","42","23","33","13","42","32","31","22","11"
"44","i037_A02_IDGW_S17_MID2_HIGH_1112M6","11","21","22",NA,"22","22","12","21",NA,"21","11","12","21","21","12","22",NA,NA,NA,"21",NA,NA,NA,"12","12",NA,"12","22","22","11",NA,"22",NA,"11",NA,"22","21","12",NA,"21","44",NA,NA,"22","32","22","12",NA,NA,"23","44","21",NA,"21",NA,"32",NA,"11","22","21","12","22","22","11","32","33","33","31","23","23","31",NA,"12","44","11",NA,"32","33","33","11","33","21","12","32","11","22","23",NA,"11","11","13","24","11",NA,"31","31","11","55","13","21","23","11","12","11","32",NA,"11","21","23",NA,"33","41",NA,"44","22","32","22","12","13","22",NA,"23","21","23","12","22","12","12","33","25","31","23","33",NA,"31","32","22",NA,"22","12","32","31","23",NA,"23",NA,"22","22","31","13","12",NA,NA,NA,"25","34","31","13","11","32","25","42",NA,"23","32","33","44","11","21","33","12",NA,"32","23","33",NA,"32","31","22","22"
"45","i033_H03_IDGW_S8_HIGH_1112M7","21","12","22","11","22","22","11","21","22","11","12","21","12","21","12","22","22","22","22","12","11","22","12","21","12","22","21","22","12","11","21","21","12","12","12","11","22","12","11","11","24","11","12","11","31","22","11","11","21","23","44","12","34","21","21","32","13","33","22","21","21","22","13","12","32","33","33","31","22","33","11","33","21","44","11","22","23","33","12","51","33","22","12","32","22","32","32","33","11","11","13","24","11","24","13","13","11","55","23","21","12","11","12","12","32","22","23","32","23","24","33","44","31","34","22","13","22","31","12","22","43","32","21","12","11","24","22","31","11","65","31","33","11","31","11","23","33","12","22","22","12","31","22","23","13","23","22","32","33","23","12","13",NA,NA,"54","33","22","11","14","23","25","44","12","32","32","33","44","11","11","33","21","42","32","33","31","42","23","13","22","11"
"46","i033_C05_IDGW_S8_HIGH_1112ME","21","11","11","22","11","22","22","11","21","21","11","12","22","12","11","21","12","11","11","11","11","12","11","12","21","22","22","11","22","12","22","12","11","11","11","11","21","22","12","22","44","22","21","21","22","22","21","22","22","22","24","12","34","21","14","33","22","21","12","11","11","13","32","22","23","34","33","32","22","33","11","63","13","41","31","21","21","13","33","33","15","32","21","22","22","22","11","33","11","31","13","22","33","41","11","22","31","55","11","12","12","12","23","12","22","22","21","11","31","34","33","52","33","33","22","22","33","32","21","22","23","32","11","22","33","44","31","22","32","32","13","33","22","32","32","32","23","13","22","22","13","32","33","34","11","34","11","33","33","12","11","12",NA,"13","54","34","33","31","13","33","34","23","44","12","12","14","34","31","22","33","23","22","22","31","11","24","33","32","12","11"
"47","i024_G05_IDGW_S2_MID1_1112MF","11","11","11","22","12","21","22","12","22","11","12","11","22","21","11","11","21","11","21","12","11","21","12","22","21","22","12","12","22","21","22","12","11","11","11","11","11","22","22","21","42","22","22","12","22","22","22","22","21","23","32","11","44","13","41","33","22","12","12","21","11","21","33","22","33","33","33","12","12","35","11","66","11","43","31","11","21","33","33","33","55","22","12","22","22","22","31","13","11","23","23","22","13","44","21","52","23","55","31","11","21","12","33","11","42","23","21","13","12","33","33","24","31","43","22","12","23","22","12","22","33","22","11","22","13","44","13","22","33","25","11","23","22","21","32","12","33","23","22","22","33","22","33","44","11","33","11","23","31","12","11","11","11","11","24","43","33",NA,"13","33","43","42","42","22","13","14","44","23","22","43","23","22","22","33","21","22","33","12","11","12"
"48","i033_B06_IDGW_S8_HIGH_1112MP","12","11","11","22","11","22","22","11","12","21","11","21","22","21","11","12","21","11","11","11","11","12","11","21","12","22","22","11","22","21","22","21","11","11","11","11","12","22","21","22","44","22","21","21","22","22","21","22","22","22","24","21","43","12","41","33","22","12","12","11","11","13","23","22","32","34","33","32","22","33","11","36","31","14","13","21","12","31","33","33","15","23","12","22","22","22","11","33","11","13","31","22","33","14","11","22","31","55","11","21","12","12","32","12","22","22","21","11","31","34","33","52","33","33","22","22","33","23","21","22","23","23","11","22","33","44","31","22","23","23","13","33","22","32","23","23","23","13","22","22","13","32","33","43","11","34","11","33","33","12","11","21",NA,"31","54","34","33","13","13","33","34","23","44","21","12","41","43","13","22","33","23","22","22","13","11","42","33","23","21","11"
"49","i033_A05_IDGW_S8_HIGH_1112MQ","12","11","11","22","11","22","22","11","21","21","11","21","22","12","11","21","12","11","11","11","11","12","11","12","12","22","22","11","22","21","22","12","11","11","11","11","12","22","21","22","44","22","12","21","22","22","21","22","22","22","24","12","43","12","14","33","22","21","21","11","11","13","32","22","32","34","33","23","22","33","11","36","31","14","31","21","12","31","33","33","15","32","12","22","22","22","11","33","11","31","13","22","33","14","11","22","13","55","11","21","12","12","32","12","22","22","12","11","13","34","33","52","33","33","22","22","33","23","21","22","32","32","11","22","33","44","13","22","32","32","13","33","22","23","32","32","32","31","22","22","13","32","33","43","11","43","11","33","33","21","11","12",NA,"31","45","43","33","13","13","33","43","32","44","12","12","14","43","31","22","33","32","22","22","31","11","42","33","32","21","11"
"50","i024_H06_IDGW_S2_MID1_1112N7","22","12","22","11","21","11","21","21","11","11","22","21","22","11","12","11","12","11","12","21",NA,"21","12","21","21","11","12","11","22","21","11","22","11","22","12","12","11","22","11","22","24","21","21","21","32","22","11","11","11","32","44","22","32","22","41","32","32","21","12","32","11","23","32","22","33","34","33","21","32","53","31","33","23","41","33","22","32","31","33","11","34","12","11","22","22","22","21","33","31","22","33","12","11","44","32","22","33","41","31","11","12","11","33","11","42","22","21","21","22","24","33","42","54","34","22","32","23","23","11","13","44","13","11","12","33","24","23","12","31","65","13","32","23","32","13","33","22","12","42","22","13","22","13","32","21","14","11","23","23","22","11","21","11","11","25","43","13",NA,"31","33","23","43","22","22","32","33","41","23","11","33","11","21","23","33","33","14","31","12","32","21"
"51","i028_C01_IDGW_S5_MID2_1112NL","22","22","22","11","11","11","22","11","21","11","12","12","22","21","21","11","21","12","11","21",NA,"11","12","22","12","11","12","12","22","11","21","22","12","12","12","12","11","22","11","22","12","12","21","22","23","22","11","12","11","33","44","12","24","12","14","32","23","22","12","31","12","33","23","22","31","33","33","21","31","52","33","33","13","14","31","22","23","31","23","11","34","21","11","23","11","22","13","33","13","21","23","22","11","42","31","23","33","44","13","21","12","31","31","21","22","32","11","11","22","44","32","24","33","33","22","12","32","23","11","12","43","21","11","11","31","44","32","22","33","56","31","23","12","23","31","33","22","11","24","22","31","22","31","32","12","14","12","33","33","22","21","11",NA,"11","52","32","32","11","21","22","25","24","22","22","22","33","14","32","12","33","11","11","32","33","21","41","33","11","23","21"
"52","i024_H02_IDGW_S2_MID1_1112NQ","22","22","22","11","11","11","22","11","12","11","21","12","22","12","21","11","21","21","11","12","12","11","12","22","12","11","12","21","22","11","12","22","12","21","12","12","11","22","11","22","12","21","12","22","23","22","11","12","11","33","44","21","42","12","41","32","32","22","21","31","21","33","32","22","31","33","33","21","31","25","33","33","13","41","31","22","32","31","23","11","43","12","11","32","11","22","13","33","31","21","23","22","11","24","13","32","33","44","13","21","21","31","31","12","22","32","11","11","22","44","23","24","33","33","22","12","23","32","11","21","43","21","11","11","31","44","32","22","33","65","13","32","12","32","13","33","22","11","24","22","13","22","31","32","21","41","12","33","33","22","21","11","11","11","25","32","23",NA,"21","22","25","42","22","22","22","33","41","23","21","33","11","11","23","33","21","41","33","11","32","12"
"53","i026_B11_IDGW_S4_MID2_1112NV","22","11","12","11","21","12","21","12","11","11","22","21","22","12","12","11","12","11","12","12","21","11","21","22","22","21","12","12","22","21","12","21","12","21","11","11","12","22","12","22","12","21","12","21","32","22","11","21","12","23","24","12","32","22","31","32","23","32","21","23","12","33","23","22","12","43","33","11","32","23","11","33","23","41","33","22","23","31","33","13","34","21","31","22","22","22","12","33","12","11","23","22","11","24","31","25","33","14","13","32","13","13","33","11","22","32","12","12","22","42","33","42","45","33","22","21","32","12","12","32","34","31","11","21","33","42","23","12","13","56","31","23","12","12","11","31","22","11","24","22","13","22","21","32","12","24","11","32","32","22","11","11","12","11","25","43","13","11","13","33","55","42","22","22","33","31","44","23","11","33","11","11","23","33","13","41","33","12","12","21"
"54","i026_D12_IDGW_S4_MID2_1112NY","22","12","22","11","12","11","12","21","11","11","22","12","22","11","12","11","12","11","12","21","12","12","21","12","12","11","12","11","22","21","11","22","11","22","21","21","11","22","11","22","24","21","12","21","23","22","11","11","11","23","44","22","32","22","41","23","32","21","21","23","11","23","23","22","33","34","33","12","23","35","13","33","32","14","33","22","32","13","33","11","43","21","11","22","22","22","21","33","13","22","33","12","11","44","32","22","33","41","13","11","12","11","33","11","24","22","21","21","22","24","33","42","45","43","22","23","32","23","11","31","44","31","11","21","33","42","32","21","31","65","31","32","32","23","31","33","22","12","42","22","31","22","31","23","21","41","11","32","23","22","11","21","11","11","25","34","31","21","31","33","32","43","22","22","23","33","41","23","11","33","11","12","23","33","33","41","31","21","23","12"
"55","i024_G02_IDGW_S2_MID1_1112O3","22","21","22","11","12","11","12","21","11","11","22","12","22","11","21","11","21","11","12","12","12","21","21","12","12","11","12","11","22","12","11","22","11","22","12","12","11","22","11","22","42","12","21","21","32","22","11","11","11","23","44","22","23","22","14","32","23","12","12","23","11","32","32","22","33","43","33","12","32","53","13","33","23","41","33","22","32","31","33","11","34","21","11","22","22","22","12","33","31","22","33","21","11","44","32","22","33","41","31","11","21","11","33","11","42","22","12","21","22","24","33","42","54","43","22","23","23","32","11","13","44","31","11","21","33","24","32","12","13","65","13","32","23","32","13","33","22","12","24","22","13","22","13","23","21","41","11","32","23","22","11","21","11","11","52","34","31",NA,"13","33","32","43","22","22","23","33","41","32","11","33","11","21","23","33","33","41","13","21","32","12"
"56","i036_H01_IDGW_S16_MID1_MID2_1112QK","22","11","22","11","22","21","12","21","22","12","21","22","21","22","22","21","22","12","21","11","11","11","12","12","11","22","12","21","22","22","11","12","22","11",NA,"21","21","12","22","22","14","21","22","12","13","22","21","11","21","23","44","22","33","12","12","32","12","34","21","33","11","22","22","22","23","33","33","21","32","24","21","36","22","41","13","21","33","32","23","33","55","11","11","22","13","32","11","31","11","32","33","23","13","14","31","23","33","35","14","11","22","11","33","11","11","12","12","11","21","24","32","44","55","43","32","22","33","21","12","22","22","13","11","22","13","14","33","32","32","61","33","21","31","33","11","32","32","32","22","11","32","23","33","33","22","11","12","22","33","22","13","11",NA,"31","55","13","33","32","31","32","25","33","22","21","13","33","44","31","41","32","11","24","22","33","33","24","12","23","22","11"
"57","i024_C05_IDGW_S2_MID1_1112SY","12","11","22","12","12","21","22","12","21","12","22","22","12","21","21","21","11","11","21","22",NA,"12","12","22","11","11","21","12","12","12","11","21","21","11","22","21","12","22","22","12","24","11","11","21","33","22","21","21","22","32","44","21","33","22","14","22","21","31","21","22","11","23","21","22","33","43","21","13","12","25","22","21","22","14","21","22","21","33","22","51","52","12","33","33","11","21","11","11","22","13","23","44","32","21","11","11","12","55","12","32","22","32","13","11","43","22","11","12","31","44","32","44","14","24","22","32","33","21","22","31","24","11","11","12","33","42","33","22","12","53","32","32","12","33","31","12","22","23","32","21","22","23","32","42","12","12","21","33","22","31","11","31","12","23","55","33","23",NA,"23","32","55","23","24","12","22","11","34","32","24","32","11","22","22","12","13","44","13","11","33","11"
"58","i028_D01_IDGW_S5_MID2_1112TH","12","11","22","21","21","21","22","21","12","21","22","22","12","21","12","12","11","11","21","22",NA,"21","21","22","11","11","12","21","21","21","11","21","21","11","22","12","12","22","22","21","42","11","11","12","33","22","21","12","22","23","44","21","33","22","41","22","21","13","21","22","11","23","12","22","33","34","12","13","21","25","22","12","22","14","12","22","12","33","22","51","25","21","33","33","11","12","11","11","22","31","32","44","23","12","11","11","21","55","21","32","22","32","31","11","43","22","11","12","13","44","32","44","41","24","22","32","33","12","22","31","24","11","11","12","33","24","33","22","12","35","32","23","12","33","13","12","22","32","32","21","22","23","23","42","12","21","21","33","22","13","11","31",NA,"23","55","33","23","31","23","32","55","32","24","12","22","11","43","23","42","23","11","22","22","21","13","44","13","11","33","11"
"59","i024_E06_IDGW_S2_MID1_1112TI","22","21","22","21","21","22","21","22","11","12","22","22","12","12","21","21","21","12","12","22",NA,"22","11","22","12","21","12","11","22","21","12","21","21","11","12","21","22","22","21","11","22","11","11","11","23","22","21","21","22","32","44","22","33","12","41","21","22","31","12","22","11","32","12","22","33","34","33","31","22","23","12","12","22","12","21","22","23","33","23","55","55","21","33","33","12","31","11","11","22","31","32","24","21","32","21","12","22","54","14","13","22","21","13","11","23","32","12","12","33","44","32","44","34","23","22","31","33","21","22","31","42","33","11","11","33","44","23","32","21","53","33","33","21","13","33","21","31","31","32","12","22","22","22","24","21","12","12","33","22","12","13","31","21","33","52","33","22",NA,"11","33","52","23","24","22","22","11","43","23","24","32","11","22","32","21","31","44","31","11","33","11"
"60","i037_B05_IDGW_S17_MID2_HIGH_1112TL","12","11","22","12","12","12","22","21","12","21","22","22","12","12","21","12","11","11","12","22","22","12","12","22","11","11","12","21","21","21","11","12","12","11","22","21","21","22","22","12","24","11","11","21","33","22","12","21","22","23","44","12","33","22","14","22","21","13","12","22","11","32","21","22","33","43","12","31","12","25","22","21","22","14","21","22","21","33","22","15","25","12","33","33","11","12","11","11","22","31","23","44","32","12","11","11","12","55","21","32","22","32","13","11","43","22","11","21","31","44","32","44","41","42","22","23","33","12","22","13","42","11","11","21","33","24","33","22","12","53","23","23","12","33","13","12","22","23","32","12","22","32","32","24","12","21","21","33","22","31","11","13",NA,"23","55","33","23","13","23","32","55","32","24","12","22","11","43","32","42","32","11","22","22","12","13","44","31","11","33","11"
"61","i033_D03_IDGW_S8_HIGH_1112TN","12","11","22","21","21","21","22","12","12","21","22","22","12","21","12","12","11","11","12","22","22","12","21","22","11","11","12","12","21","21","11","12","12","11","22","21","12","22","22","21","42","11","11","12","33","22","12","21","22","23","44","21","33","22","14","22","12","13","12","22","11","23","12","22","33","34","21","31","21","25","22","12","22","41","21","22","12","33","22","15","25","12","33","33","11","12","11","11","22","13","23","44","23","12","11","11","21","55","12","32","22","23","13","11","43","22","11","21","31","44","23","44","14","42","22","32","33","12","22","31","42","11","11","21","33","42","33","22","12","35","32","23","21","33","31","12","22","23","23","12","22","32","23","24","12","21","21","33","22","31","11","13",NA,"23","55","33","23","31","32","23","55","32","24","12","22","11","43","23","24","23","11","22","22","21","13","44","13","11","33","11"
"62","i028_E01_IDGW_S5_MID2_1112TP","12","11","22","12","12","12","22","12","12","12","22","22","21","12","21","12","11","11","21","22",NA,"21","12","22","11","11","21","12","21","12","11","12","21","11",NA,"21","12","22","22","21","42","11","11","12","33","22","21","21","22","23","44","12","33","22","14","22","21","31","21","22","11","23","21","22","33","34","21","13","12","52","22","21","22","14","12","22","12","33","22","15","52","21","33","33","11","21","11","11","22","13","23","44","23","12","11","11","21","55","12","23","22","32","31","11","43","22","11","21","31","44","23","44","41","42","22","32","33","12","22","13","24","11","11","21","33","42","33","22","21","53","23","23","21","33","13","12","22","23","32","21","22","32","32","24","21","21","21","33","22","13","11","31",NA,"23","55","33","23","13","32","32","55","23","42","21","22","11","34","32","42","32","11","22","22","12","31","44","31","11","33","11"
"63","i033_C04_IDGW_S8_HIGH_1112UB","22","21","22","21","12","22","12","22","11","21","22","22","21","21","12","21","21","21","12","22","22","22","11","22","12","21","12","11","22","21","21","21","12","11","12","12","22","22","12","11","22","11","11","11","23","22","12","12","22","32","44","22","33","12","14","12","22","13","21","22","11","32","12","22","33","43","33","31","22","23","12","12","22","12","21","22","32","33","23","55","55","21","33","33","21","13","11","11","22","31","23","24","21","23","12","21","22","54","14","31","22","12","31","11","23","23","12","12","33","44","32","44","34","23","22","31","33","21","22","13","24","33","11","11","33","44","23","32","12","53","33","33","12","31","33","12","13","31","23","12","22","22","22","24","21","12","12","33","22","12","13","13",NA,"33","25","33","22","11","11","33","25","32","42","22","22","11","34","23","42","23","11","22","32","12","13","44","13","11","33","11"
"64","i033_E03_IDGW_S8_HIGH_1112UO","22","12","22","12","21","22","12","22","11","12","22","22","21","21","12","21","21","12","21","22","22","22","11","22","12","21","21","11","22","21","21","21","12","11","12","12","22","22","21","11","22","11","11","11","23","22","12","21","22","32","44","22","33","21","41","12","22","13","21","22","11","23","21","22","33","34","33","13","22","23","12","21","22","21","12","22","23","33","32","55","55","12","33","33","21","31","11","11","22","31","32","24","12","32","21","21","22","45","14","13","22","21","13","11","32","23","12","21","33","44","23","44","43","23","22","31","33","12","22","13","24","33","11","11","33","44","32","32","21","35","33","33","12","31","33","12","31","31","23","21","22","22","22","42","12","12","12","33","22","12","31","31",NA,"33","52","33","22","11","11","33","52","23","24","22","22","11","43","23","24","32","11","22","32","12","13","44","31","11","33","11"
"65","i028_G02_IDGW_S5_MID2_1112UP","22","12","22","21","22","12","22","21","12","21","22","22","12","21","12","11","12","22","11","12","22","12","11","22","12","21","22","11","21","21","12","22","21","21","22","21","22","22","21","22","22","11","11","21","33","22","22","22","12","32","44","22","33","21","44","12","22","13","22","22","11","32","12","22","33","43","32","13","12","52","22","21","12","44","12","22","21","33","22","15","52","11","13","33","21","13","11","11","22","13","32","44","23","14","11","12","22","44","44","23","22","32","21","11","43","32","21","12","11","42","13","44","13","23","22","13","33","22","21","23","44","33","11","21","33","42","33","22","23","53","23","32","12","33","33","21","21","11","22","22","21","32","32","42","23","21","13","32","21","21","13","11",NA,"23","25","33","32","11","11","33","52","22","22","22","22","31","41","23","11","24","11","44","23","12","32","14","13","11","13","11"
"66","i028_F01_IDGW_S5_MID2_1112V9","21","11","22","22","12","12","22","12","21","11","22","11","22","11","22","11","22","11","11","12",NA,"21","11","12","11","21","11","21","21","11","12","21","21","22",NA,"12","12","21","21","21","44","22","12","22","21","12","21","12","22","33","34","12","43","21","21","23","21","23","21","11","11","33","33","22","32","34","33","11","32","54","31","33","12","42","13","21","21","33","33","11","55","22","31","22","21","22","21","12","21","11","32","24","11","23","21","23","33","45","11","12","23","32","33","22","22","22","13","13","22","44","33","22","41","43","22","22","13","22","21","32","43","31","11","33","23","42","22","22","23","31","33","22","12","23","11","22","33","31","33","22","32","23","33","13","11","23","22","33","32","21","12","11",NA,"11","21","23","32","11","31","33","55","43","21","22","32","35","44","22","11","31","11","21","33","31","22","14","32","32","22","11"
"67","i036_G07_IDGW_S16_MID1_MID2_1112VC","12","11","12","22","22","21","12","11","22","11","22","21","22","11","22","11","22","12","11","12",NA,"22","21","21","11","12","11","11","21","11","12","21","12","21","11","11","12","11","21","12","24","22","11","22","12","11","21","11","21","32","31","13","44","12","22","33","12","33","22","21","21","33","23","12","23","33","33","21","31","25","23","33","11","44","11","11","11","33","13","11","55","21","31","32","11","22","12","31","22","12","22","41","21","32","12","25","33","45","11","11","31","12","33","21","23","22","31","31","22","44","33","22","41","43","32","22","31","22","11","23","23","31","21","13","21","42","22","23","21","35","13","22","11","32","31","12","33","11","23","12","22","33","33","14","13","33","21","33","33","21","12","11",NA,"11","52","32","33","12","13","33","45","34","32","22","22","15","41","32","11","33","11","41","33","33","21","44","22","22","12","11"
"68","i036_B02_IDGW_S16_MID1_MID2_1112VL","21","11","22","22","12","21","22","11",NA,"21","22","12","22","12","22","12","22","21",NA,"12",NA,NA,"11","22","11",NA,"11","12","21","11","22","22","11","22",NA,"11","21","12",NA,"11","43",NA,NA,"12","21","11","22","21","12","13","41","32","44","12",NA,"23","22","33","22","21","21","33","23","12","23","33","33","12",NA,"25",NA,"33","11","44","13","11","12","31","32","11","55","21","11","32","22","22","11","23","11","11","22","22","11",NA,"11","23","33",NA,"13","11",NA,"21","33","22","12",NA,"12","11","22",NA,"33","22",NA,"32","32","21","31","32","21","31","44","13","12","13","31","44","22","32","31","53","31","23","22",NA,"13","23","33","31","32","21","22","33","33",NA,"31","22","12","33","22","22","11",NA,NA,NA,"21","32","33","21","13","33","55","44","24","22","22","15","14","23","11","33","11","21","32","33",NA,"14","13","23","12","21"
"69","i036_F01_IDGW_S16_MID1_MID2_1112VN","21",NA,NA,NA,NA,NA,NA,"11",NA,NA,"22",NA,"22",NA,"22","11",NA,NA,NA,"12",NA,NA,NA,NA,"11",NA,"11","11","21","11",NA,"12",NA,NA,NA,"11","12","11",NA,"21",NA,NA,NA,"22",NA,"11","21",NA,NA,NA,NA,"31",NA,"12",NA,"33",NA,"33",NA,"12","12","33",NA,NA,"23",NA,"33","21",NA,NA,NA,NA,"11","44",NA,NA,"11",NA,"13","11",NA,"12",NA,"32",NA,"22","21",NA,NA,"21",NA,NA,"12",NA,NA,"52","33",NA,NA,"11",NA,"12",NA,"21","32",NA,"13","13","22",NA,"33","22",NA,NA,"23","22",NA,"22","11","32",NA,"31","12","13",NA,NA,"22",NA,"21","53","31","22","11",NA,"13","21",NA,NA,NA,"21","22","33",NA,NA,"31",NA,NA,"33","33","21","21",NA,NA,NA,"52",NA,"33","12","31","33","52",NA,NA,"22",NA,"15",NA,"23","11",NA,"11",NA,"33","33",NA,NA,NA,"22",NA,NA
"70","i037_A10_IDGW_S17_MID2_HIGH_1112VQ","21","11","22","22","21","12","22","12","21","11","22","11","22","11","22","11","22","11","11","21","11","21","11","21","11","21","11","12","12","11","12","12","12","22","11","12","21","12","21","21","44","22","21","22","21","12","21","21","22","33","43","21","43","12","21","23","21","23","12","11","11","33","33","22","23","43","33","11","23","54","31","33","21","24","31","12","21","33","33","11","55","22","13","22","21","22","12","21","21","11","32","42","11","23","12","32","33","45","11","21","23","32","33","22","22","22","31","31","22","44","33","22","41","34","22","22","13","22","21","32","43","31","11","33","23","42","22","22","23","31","33","22","12","23","11","22","33","13","33","22","32","23","33","31","11","32","22","33","32","12","12","11",NA,"11","21","23","23","11","31","33","55","43","21","22","32","53","44","22","11","31","11","12","33","31","22","14","32","23","22","11"
"71","i028_F11_IDGW_S5_MID2_1112VS","21","11","22","22","21","21","22","11","22","21","22","12","22","21","22","12","22","21","11","12",NA,"21","11","22","11","12","11","12","21","11","22","22","11","22","21","11","21","12","12","11","34","22","22","12","12","11","22","21","21","31","41","32","44","12","14","32","22","33","22","21","21","33","23","21","23","33","33","12","31","25","23","33","11","44","13","11","21","31","32","11","55","21","11","32","22","22","11","23","11","11","22","22","11","22","11","32","33","44","31","11","13","21","33","22","21","32","12","11","22","44","33","22","14","23","23","12","13","32","12","31","44","13","12","31","13","44","22","32","31","53","13","23","22","23","31","23","33","31","23","12","22","33","33","13","31","22","21","33","22","22","11","11",NA,"31","21","23","33","21","13","33","55","44","24","22","22","51","41","32","11","33","11","21","32","33","12","41","13","23","12","21"
"72","i036_F05_IDGW_S16_MID1_MID2_1112VV","12","11","22","22","12","12","22","11","22","12","22","21","22","21","22","12","22","21",NA,"12",NA,"21","11","22","11",NA,"11","21","12","11","22","22","11","22",NA,"11","12","21",NA,"11","34",NA,NA,"21","12","11","22",NA,"12","13","14","32","44","12",NA,"32","22","33","22","21","21","33","23","21","23","33","33","12","13","25","23","33","11","44","13","11","12","31","23","11","55","21","11","32","22","22","11","23","11","11","22","22","11",NA,"11","23","33",NA,"13","11","13","21","33","22","21","32","21","11","22","44","33","22",NA,"32","32","12","31","32","12","31","44","13","12","13","31","44","22","23","13","53","13","23","22",NA,"13","23","33","31","32","12","22","33","33",NA,"13","22","21","33","22","22","11","11",NA,"13","21","23","33","21","13","33","55","44","42","22","22","15","14","32","11","33","11","12","23","33","12","41","31","32","12","12"
"73","i028_D12_IDGW_S5_MID2_1112VW","22","11","22","22","11","12","22","11","21","12","22","12","22","12","21","21","22","11","11","21",NA,"12","21","11","11","11","12","11","21","11","21","21","22","21","11","11","21","11","12","12","43",NA,"21","21","12","12","21","11","21","32","31","13","43","11","22","33","21","33","22","12","12","33","23","12","33","34","33","21","13","52","23","33","11","44","11","11","22","13","32","11","55","12","11","23","12","22","21","23","21","11","22","42","11","23","12","32","33","44","13","11","21","12","33","12","23","22","33","11","21","43","33","42","44","24","32","21","33","22","21","22","32","31","12","31","21","42","22","22","32","16","13","22","11","23","31","32","33","11","32","12","32","31","32","11","11","32","12","33","22","22","11","11",NA,"31","21","22","23","12","31","33","55","34","14","22","23","15","34","32","11","13","11","42","33","13","21","21","23","32","22","11"
"74","i028_C11_IDGW_S5_MID2_1112W8","22","12","22","22","21","21","21","22",NA,"21","22","12","22","11","22","11","22","11",NA,"11",NA,NA,"11","22","11",NA,"11","11","12","11","11","12","11","22",NA,"21","11","12",NA,"21","24",NA,NA,"22","12","21","22","21","21","31","43","21","44","22",NA,"32","12","32","21","11","21","33","23","12","32",NA,"33","12","31","52","23","33","22","22","33","12","22","13","23","11","55","12","11","23","21","22","12","31","22","11","22","12","12",NA,"11","35","33",NA,"31","21","31","31","33","22","12","32","21","31","22",NA,"33","22",NA,"24","32","22","13","32","21","13","44","31","12","31","12","24","22","22","22","36","31","22","21",NA,"13","23","33","13","32","12","32","23","33",NA,"11","23","12","33","33","12","12","11",NA,NA,"15","23","33","11","11","33","55","44","14","22","33","31","34","23","11","31","11","24","33","33","21","42","13","21","12","12"
"75","i037_A08_IDGW_S17_MID2_HIGH_1112WB","22","21","22","22","12","12","21","22","12","12","22","21","22","11","22","11","22","11","11","11",NA,"22","11","22","11","12","11","11","21","11","11","21","11","22",NA,"12","11","12",NA,"12","42","22",NA,"22","12","12","22","12","21","31","43","12","44","22","24","23","21","23","21","11","12","33","32","21","32","34","33","21","13","52","32","33","22","22","33","12","22","13","23","11","55","21","11","23","21","22","21","13","22","11","22","21","12",NA,"11","35","33","54","31","21","13","13","33","22","21","23","21","31","22","44","33","22","11","24","23","22","13","32","12","31","44","31","21","31","21","42","22","22","22","63","31","22","21","33","31","32","33","13","23","12","32","32","33","11","11","23","21","33","33","12","21","11",NA,"11","15","23","33","11","11","33","55","44","41","22","33","31","34","23","11","13","11","42","33","33",NA,"24","13","21","12","12"
"76","i037_A05_IDGW_S17_MID2_HIGH_1112WC","22","12","12","22","12","22","12","22","12","21","22","21","22","21","21","11","22","11","11","21","21","22","12","21","11","11","11","11","22","11","12","12","12","12","11","21","11","11","12","12","34","22","21","21","11","11","12","22","12","13","43","21","44","22","22","23","21","23","11","11","12","33","33","23","22","33","33","12","12","42","32","33","21","22","33","11","22","31","32","11","55","12","31","32","21","22","12","31","22","11","23","12","12","22","11","25","33","44","31","12","12","21","33","21","23","22","31","11","22","44","33","22","41","34","23","12","31","22","12","22","23","31","11","33","22","22","22","23","31","15","31","23","22","23","13","32","33","11","23","12","23","13","23","43","13","23","12","33","22","22","11","11",NA,"13","21","32","33","12","11","33","54","44","32","22","33","31","34","32","21","33","11","22","23","33","22","14","21","32","21","21"
"77","i028_E12_IDGW_S5_MID2_1112WF","22","12","22","22","21","21","12","22","21","21","22","21","22","11","22","11","22","11","11","11",NA,"22","11","22","11","12","11","11","12","11","11","12","11","22","21","12","11","21","11","21","42","22","21","22","21","21","22","12","21","31","43","12","44","22","24","23","21","23","12","11","21","33","23","12","23","34","33","12","31","25","32","33","22","22","33","12","22","13","32","11","55","12","11","23","21","22","21","31","22","11","22","21","12","22","11","53","33","54","13","21","13","13","33","22","12","32","21","13","22","44","33","22","11","42","23","22","13","23","12","31","44","31","12","31","21","42","22","22","22","36","31","22","12","33","31","32","33","13","23","12","23","32","33","11","11","32","12","33","33","12","12","11",NA,"11","15","32","33","11","11","33","55","44","41","22","33","13","34","32","11","13","11","42","33","33","21","24","13","21","21","12"
"78","i033_F04_IDGW_S8_HIGH_1112WZ","21","21","11","22","12","22","11","12","21","12","11","12","22","11","12","12","12","12","11","11","11","22","11","21","21","12","11","11","12","11","22","22","11","11","21","22","21","22","11","22","44","22","11","11","22","22","12","21","22","23","44","22","33","22","11","23","12","13","22","21","11","23","23","22","23","34","32","13","22","53","11","63","22","13","31","31","21","13","23","31","15","31","33","32","12","22","22","13","12","21","22","12","23","12","11","25","13","15","32","12","22","13","33","22","33","32","11","12","33","43","33","25","33","42","22","11","23","22","21","13","43","21","12","33","13","44","23","22","32","31","23","12","22","12","11","32","33","21","32","22","11","23","33","43","11","24","21","13","23","12","13","12",NA,"31","11","44","33","11","11","33","34","43","14","21","12","14","34","31","21","13","12","32","22","11","22","34","23","21","21","12"
"79","i038_B02_IDGW_S9_LOW_1112X","21","21","22","21",NA,"22","22","21","12","11","22","21","22","11","21","12","22","21",NA,"11",NA,NA,"11","22","12",NA,"12","11","12","11","11","21",NA,"21",NA,"11","21","11",NA,"21","44",NA,NA,"21","12","22","12","12","12","33","33","11","43","11",NA,"32","22","22","21","21","21","23","33","22","33","44","32","31","12","42",NA,"33","12","44","13","21","13","33","33","15","55","22","13","22","11","22","12","23","31","21",NA,"12","11",NA,"21","32","13",NA,"31","21","32","33","31","22","22","22","11","31","22","44","33","42",NA,"34","23","32","12","22","11","33","42","11","11","13","32",NA,"23","22","33","61","31","32","21","12","11","12","23","31","32","22","13","22","33",NA,"11","24","12","33","33","12","12","11",NA,NA,"24","23","21","11","23","32","25","13","22","23","22","53","44","32","12","31","11","42","33","13",NA,"14",NA,"13","23",NA
"80","i036_B09_IDGW_S16_MID1_MID2_1112X1","21","12","11","22","21","22","11","12","12","12","11","21","22","11","21","12","21","21","11","11",NA,"22","11","21","12","21","11","11","21","11","22","22","11","11","21","22","12","22","11","22","44","22","11","11","22","22","12","12","22","32","44","22","33","22","11","32","21","31","22","21","11","23","32","22","32","34","32","31","22","53","11","63","22","31","13","31","12","13","23","13","51","13","33","32","21","22","22","31","21","12","22","21","23","12","11","52","31","51","23","12","22","31","33","22","33","32","11","21","33","34","33","25","33","24","22","11","32","22","12","13","34","12","21","33","31","44","23","22","23","13","32","12","22","12","11","23","33","21","32","22","11","32","33","34","11","42","21","31","23","12","31","21",NA,"13","11","44","33","11","11","33","34","34","41","12","12","41","43","13","12","13","21","32","22","11","22","34","23","12","21","12"
"81","i036_A10_IDGW_S16_MID1_MID2_1112X3","12","21","11","22","21","22","11","21","21","21","11","12","22","11","12","21","12","21","11","11","11","22","11","12","21","12","11","11","21","11","22","22","11","11","21","22","21","22","11","22","44","22","11","11","22","22","21","12","22","32","44","22","33","22","11","23","12","31","22","12","11","23","23","22","32","43","23","31","22","53","11","63","22","31","13","13","12","13","32","13","51","13","33","32","21","22","22","13","12","21","22","21","32","21","11","25","31","51","23","21","22","31","33","22","33","32","11","12","33","34","33","52",NA,"42","22","11","32","22","12","13","34","21","21","33","31","44","23","22","23","31","32","12","22","12","11","32","33","12","23","22","11","32","33","34","11","42","21","13","32","21","31","21",NA,"31","11","44","33","11","11","33","43","34","14","12","21","41","34","13","12","31","12","23","22","11","22","43","23","21","21","12"
"82","i033_G04_IDGW_S8_HIGH_1112XB","21","22","12","22","22","21","22","21","12","22","22","21","11","11","12","12","22","11","11","21",NA,"12","11","12","11","11","22","21","11","11","12","11","11","11","21","22","12","22","11","21","41","21","22","22","23","22","22","22","22","22","44","31","43","22","41","32","12","31","22","32","11","42","32","13","23","33","23","21","23","44","11","62","22","41","33","21","12","11","22","13","55","22","11","21","12","22","13","31","21","21","22","32","31","42","11","21","31","15","13","11","22","12","32","11","21","22","31","13","23","33","32","25","33","43","33","11","33","33","12","22","33","11","21","32","32","24","32","21","11","56","12","22","12","31","11","22","12","22","22","22","33","22","33","44","11","22","12","33","32","31","12","33",NA,"23","55","24","13","32","42","22","45","23","44","33","13","33","41","33","12","33","22","42","22","13","22","21","12","32","21","21"
"83","i028_B04_IDGW_S5_MID2_1112YV","12","11","22","12","21","21","21","22","22","12","12","22","12","22","22","12","12","11","12","11","11","11","12","22","21","12","22","21","22","12","11","12","22","11","21","11","11","22","21","22","14","21","12","12","23","21","22","11","12","32","44","21","33","11","21","23","21","21","12","22","11","32","12","21","33","32","22","11","21","13","21","63","23","44","11","21","31","12","21","53","53","21","12","13","22","32","22","33","11","32","33","23","13","42","32","32","31","15","32","31","22","11","23","11","41","23","12","21","22","42","33","24","55","43","23","21","33","22","11","22","32","31","12","21","11","12","32","22","22","63","31","11","11","33","11","22","23","32","22","33","32","31","13","33","22","11","21","32","22","22","33","31",NA,"12","21","31","13","12","31","33","22","23","42","12","32","13","14","33","44","22","11","22","22","32","22","14","12","21","22","11"
"84","i001_G05_IDGW_S13_LOW_111315","12",NA,"22",NA,"12","22",NA,"22",NA,NA,"12",NA,"22","22","22","21",NA,NA,NA,"11",NA,NA,NA,NA,"12",NA,"22","12","22","11","11","21",NA,NA,NA,"11",NA,"12",NA,"22",NA,NA,NA,"11","23","21","12",NA,NA,NA,NA,"12",NA,"13",NA,"32",NA,"42","21","32","21","33","22",NA,"33",NA,"22","11",NA,NA,NA,NA,NA,"44","11","12","13",NA,"23","31","55","22","12","33","22","33","12",NA,"11","21",NA,"32","13",NA,"32","23","31",NA,"33","11",NA,NA,"23","11","21",NA,"21","12","22",NA,"33","42",NA,"33","23","12","23","12",NA,"32",NA,NA,"11",NA,"11",NA,"22","22","12","53","13","22","11",NA,"31","22","23",NA,"23","22","11","33",NA,NA,"33",NA,NA,"23","22",NA,"33",NA,NA,NA,"15","23","12","32","31","23","22","22",NA,"22",NA,"31","14","33","44",NA,"11",NA,"22",NA,NA,NA,NA,"12","22",NA
"85","i028_C04_IDGW_S5_MID2_111316","12","11","22","21","12","21","12","22","22","21","22","22","21","22","22","12","21","11","12","11",NA,"11","22","22","21","11","22","12","22","12","11","21","22","21",NA,"11","12","21","12","22","34","12","12","12","23","22","22","11","21","23","44","22","33","11","12","22","12","31","21","23","21","33","22","21","33","33","33","11","22","33","13","36","12","44","12","32","13","32","23","13","55","22","33","33","22","23","22","33","11","32","33","33","11","44","33","32","13","55","12","13","22","11","32","11","14","23","13","11","22","32","32","24","55","33","22","22","33","22","13","23","33","31","21","21","11","21","23","22","21","35","33","11","11","33","11","22","23","32","22","33","23","12","33","33","22","32","12","32","22","22","13","31",NA,"31","25","21","23","11","11","33","25","34","22","21","32","13","44","31","14","32","31","22","22","23","23","14","21","21","22","11"
"86","i036_D08_IDGW_S16_MID1_MID2_11131J","21","11","22","21","22","22","12","11","12","11","11","22","21","21","11","22","22","22",NA,"22",NA,NA,"12","12","22","12","21","12","21","11","12","22","11","22",NA,"21","22","11",NA,"11","41",NA,"12","21","12","22","11","21","12","33","14","31","23","21",NA,"23","12","13","21","22","11","22","12","11","33","43","23","23","32","32","13","63","13","44","11","21","21","31","31","11","35","22","12","23","12","22","22","33","11","11","23","23","11","44","33","33","31",NA,"12","21","23","11","13","11","33","32","13","31","22",NA,"33","41",NA,"43","22","32","22","13","31","32",NA,"33","11","31","21","42","23","31","13","65","33","33","13",NA,"13","33","32","12","22","21","22","33","32",NA,"13","23","21","32","33","33","11","31",NA,NA,"42","43","21","13","14","33","55","42","14","33","32","13","43","21","12",NA,"11","42","13","23",NA,"44","32","23","12","21"
"87","i001_C08_IDGW_S13_LOW_11131O","22","11",NA,NA,NA,NA,NA,"12",NA,"21","22",NA,"21",NA,"22","21",NA,NA,NA,"21",NA,NA,"22",NA,"21",NA,"22","22",NA,"22",NA,"21",NA,NA,NA,"21","21","22",NA,"22",NA,NA,NA,"12",NA,"22",NA,NA,"22",NA,NA,"22",NA,"21",NA,"32",NA,"34","12","22","11","33",NA,NA,NA,NA,NA,"11",NA,"25",NA,NA,NA,"41",NA,NA,NA,NA,"33","35",NA,"21",NA,"13","22","22","23",NA,NA,"31",NA,NA,"21",NA,"31","12","31",NA,"13","12",NA,"12",NA,NA,"24",NA,NA,"11","22",NA,"32","42",NA,"43","23",NA,"32","22","11","22",NA,NA,"11","11","11",NA,"31","22",NA,"65","11","31","13",NA,NA,"31","33",NA,NA,"13","32","32",NA,NA,"31",NA,NA,"33","33","22",NA,NA,NA,NA,NA,"31","33",NA,"31","22","35",NA,NA,"31",NA,"33",NA,"33","14",NA,"11",NA,"22","13",NA,NA,NA,"31",NA,NA
"88","i028_D04_IDGW_S5_MID2_11131Q","11","12","22","11","22","22","11","21","12","12","12","12","11","21","21","22","22","22",NA,"21",NA,"22","11","22","22",NA,"12","22","12","21","11","22","12","12",NA,"11","22",NA,NA,"21","12",NA,"22","21","31","22","12","22","21","23","44","11","22","22","14","22","12","31","12","12","12","22","23","21","23",NA,"33","21","22","33",NA,"13","32","44","11","21","32","31","13","11","35","22","21","23","21","32","23","33","11","11","32","42","11","24","13","13","33",NA,"32","11","33","11","33","11","32","23","21","11","22","43","23","41",NA,"44","22","22","22","23","11","22","44","31","21","23","12","42","21","12","33","25","31","33","31","32","32","32","22","11","22","11","23","31","21","33","12","21","12","23","33","23","12","11",NA,NA,"25","43","21","11","41","33","35","22","14","23","23","33","44","21","11",NA,"12","22","12","33","13","44","23","13","22","12"
"89","i036_A08_IDGW_S16_MID1_MID2_11133K","11","11","22","22","22","12","12","22","22","22","12","21","21","22","22","22","12","11","22","21","12","11","12","12","12","21","21","22","22","21","11","12","22","11","22","21","21","22","11","12","33","12","22","11","22","12","11","11","22","23","44","21","33","11","11","22","11","33","21","22","12","22","22","22","32","43","33","11","22","23","22","66","12","44","21","31","13","23","23","51","55","22","23","32","22","23","12","33","11","22","33","33","13","42","33","33","33","14","33","21","23","12","33","11","21","32","21","12","23","33","23","41","51","44","33","21","23","22","11","22","22","13","11","11","11","22","33","23","13","55","33","12","31","33","33","11","13","31","22","22","32","31","31","33","22","32","23","33","33","12","11","11",NA,"33","25","31","23","13","12","32","23","33","22","22","33","33","41","33","14","23","11","12","33","33","33","22","11","12","23","11"
"90","i036_H07_IDGW_S16_MID1_MID2_11133R","21","11","22","22","22","22","22","21","22","22","21","21","12","22","22","12","21","11","12","11","21","11","12","21","11","12","21","12","22","12","11","21","22","12","12","11","11","22","11","22","34","21","22","21","22","11","11","11","22","22","44","32","43","12","21","23","21","33","12","22","12","22","21","22","32","43","23","11","22","23","32","36","22","44","11","31","33","23","22","11","35","22","21","31","22","32","21","33","11","21","33","32","13","43","23","33","33","51","31","11","23","22","31","11","21","23","13","21","22","34","32","11","41","44","23","21","33","22","13","32","23","32","11","11","11","22","31","32","12","55","13","11","13","33","31","12","23","32","22","22","21","31","13","33","22","33","32","33","33","12","21","31",NA,"33","25","13","13","12","13","33","52","34","21","12","13","33","44","33","41","32","11","22","23","33","23","22","21","23","22","11"
"91","i024_F08_IDGW_S2_MID1_111349","12","11","22","12","22","11","21","21","12","22","22","22","22","22","12","21","11","11","22","21","21","11","11","11","12","21","12","21","21","22","11","22","22","11",NA,"21","22","22","21","12","34","12","22","11","12","22","11","11","22","33","14","31","33","11","11","12","12","23","11","22","12","42","22","12","22","14","33","21","12","32","32","62","11","44","21","31","12","32","32","15","35","12","13","21","12","32","22","13","11","32","33","33","31","12","13","32","33","54","31","12","32","12","32","21","22","22","23","11","23","33","23","24","35","43","23","22","23","22","11","22","22","11","11","11","11","22","33","33","13","55","13","12","13","33","31","11","13","12","22","32","33","23","13","33","22","12","32","33","33","21","11","13","21","33","25","31","32",NA,"21","23","53","33","22","21","33","13","41","13","14","23","11","12","33","33","33","42","11","31","23","11"
"92","i024_G08_IDGW_S2_MID1_11134D","12","11",NA,"12","22","11","21","12","12","22","22","22","22","22","21","12","11","11","22","12",NA,"11","11","11","12",NA,"12","12","21","22","11","22","22","11",NA,"21","22","22","12","21","34",NA,"22","11","12","22","11","11","22","33","41","31","33","11","11","12","21","23","11","22","12","24","22","21","22","14","33","12",NA,"23","32","62","11","44","21","31","21","32","32","15","35","21","13","12","12","23","22","31","11","32","33","33","13","21","31","32","33","45","13","12","23","12","23","21","22","22","23","11","23","33","23","24","35","34","32","22","32","22","11","22","22","11","11","11","11","22","33","33","31","55","13","21","13","33","13","11","13","12","22","32","33","23","13","33","22",NA,"23","33","33","12","11","13","12","33","52","13","32",NA,"21","23","53","33","22","12","33","13","14","13","14","23","11","21","33","33","33","24","11","13","32","11"
"93","i033_G05_IDGW_S8_HIGH_11134J","12","11","22","12","22","12","21","12","22","22","12","12","12","22","21","21","11","11","22","11","12","11","11","11","11","11","21","11","21","12","11","21","22","21",NA,"12","12","22",NA,"22","44","12","22","11","22","12","11","11","22","23","44","31","33","11","11","32","11","32","11","22","11","22","12","22","22","44","23","12","21","22","22","63","12","44","12","33","31","23","22","11","35","21","12","11","12","32","22","33","11","32","33","33","13","24","33","23","33","15","13","11","32","21","33","12","21","32","32","11","22","33","23","41","51","43","22","21","32","22","13","23","23","21","11","11","11","22","31","33","12","55","11","11","33","33","31","12","21","12","22","22","31","33","11","33","22","13","22","33","33","11","12","31",NA,"33","55","31","23","32","12","33","35","34","12","21","33","33","44","33","11","33","11","22","32","33","33","22","21","12","22","11"
"94","i028_F04_IDGW_S5_MID2_11134U","12","11","22","22","22","21","22","12","21","21","22","22","22","22","22","22","11","11","12","12","11","21","11","11","22","21","11","22","22","12","11","12","12","11",NA,"12","22","11","11","22","23","22","22","22","22","22","12","12","21","23","44","23","43","11","22","32","22","32","11","21","21","23","23","32","32","33","33","11","21","31","23","32","22","44","11","22","22","32","32","33","55","22","13","23","21","22","11","33","11","22","33","23","32","42","13","33","33","14","13","31","23","11","33","12","12","22","31","21","23","33","22","21","11","34","32","21","33","21","31","23","32","11","11","11","11","22","13","32","13","15","33","12","11","22","13","22","23","12","11","13","23","31","32","33","23","33","12","22","23","22","11","33",NA,"12","52","13","33","11","12","23","55","33","22","23","11","33","11","11","41","22","11","12","23","31","23","12","11","12","22","11"
"95","i024_E08_IDGW_S2_MID1_11134V","22","11","22","22","12","21",NA,"11","12","21","22","22","22","22","12","22","11","11",NA,"11",NA,NA,"11","11","12",NA,"12","22","12","22","11","22","22","11",NA,"21","22","22",NA,"22","23",NA,"12","12","22","21","11","11","22","23","44","32","44","12",NA,"32","22","23","11","22","22","32","22","11","32","33","13","11","22","33",NA,"63","22","44","12","33","21","13","23","33","55","22","11","33","21","22","22","33","11","32","33","33","22","24","11","32","33",NA,"11","31","23","11","33","21","21",NA,"23","12","12",NA,"23","24",NA,"33","32",NA,"33","22","21","22","23","11","21","11","11","22","13","32","13","61","33","11","13",NA,"11","22","13","31","32","31","23","31","23","33","22",NA,"23","32","33","21","11",NA,"22",NA,"25","13","33",NA,"31","33","55","33","42","12","13","33","41","11","41","22","11","21","23","13",NA,NA,"11","31","22","11"
"96","i028_G04_IDGW_S5_MID2_11134X","22","11","22","22","12","21","22","11","22","21","12","22","22","22","21","12","11","11","12","11",NA,NA,"11","11","11",NA,"11","22","22","21","11","22","22","11",NA,"21","12","21",NA,"22","32",NA,"21","12","22","22","11","11","12","13","44","12","33","12","12","22","22","23","21","22","22","42","22","11","32","33","13","11","12","31","32","32","22","44","21","32","31","13","32","33","55","22","23","21","12","22","12","33","11","23","33","32","32","23","12","33","33","55","11","13","32","11","33","21","22","22","23","11","21","34","32","14",NA,"33","22","12","32","22","12","22","32","11","21","12","11","21","33","33","31","15","31","12","11","23","13","22","31","11","12","31","23","31","23","33","32","33","33","33","33","22","11","33",NA,"23","25","32","33","13","21","32","55","33","42","21","13","31","14","13","44","22","12","14","32","33","33","24","11","23","22","11"
"97","i024_H08_IDGW_S2_MID1_11134Z","22","11","22","22","12","21","22","11","22","12","12","22","22","22","21","21","11","11",NA,"11",NA,"12","11","11","11",NA,"11","22","22","12","11","22","22","11",NA,"21","12","12","11","22","23",NA,"21","21","22","22","11","11","21","13","44","21","33","21","12","22","22","32","12","22","22","42","22","11","32","33","13","11","21","31","32","23","22","44","12","23","13","13","32","33","55","22","23","21","21","22","21","33","11","23","33","23","23","32","21","33","33","55","11","31","32","11","33","12","22","22","23","11","21","43","23","41",NA,"33","22","12","23","22","21","22","23","11","12","21","11","12","33","33","31","51","13","21","11","23","13","22","31","11","21","31","32","31","32","33","23","33","33","33","33","22","11","33","22","23","25","32","33",NA,"21","23","55","33","24","12","13","31","41","13","44","22","12","14","32","33","33","24","11","32","22","11"
"98","i036_G04_IDGW_S16_MID1_MID2_111358","21","11","22","22","22","11","22","21","21","22","22","22","22","22","22","22","11","11",NA,"11",NA,"21","11","11","21",NA,"21","22","21","12","11","21",NA,"11",NA,"12","21","12",NA,"22","33",NA,"21","21","22","12","11","11","12","21","44","13","34","11",NA,"32","21","33","11","22","22","34","22","21","23","32","23","11","22","23","31",NA,"22","44","11","32","32","12","22","33","52","22","31","23","11","32","21","33","11","32","33","33","32","22","31","33","33",NA,"11","31",NA,"11","33","21","12","12","21","11","31","34","32","42",NA,"43","23","22","32","22","23","23","33","11","21","21","11","21","13","32","11","65","13","21","13",NA,"11","22","21","12","21","32","33","13","13","33","23",NA,"31","23","32","22","11",NA,NA,"13","22","33","33","11","32","23","55","33","22","21","31","33","14","11","44","22","11","11","33","33",NA,"12","11","23","22",NA
"99","i037_C05_IDGW_S17_MID2_HIGH_11135U","12","11","22","21","12","12","12","12","22","12","21","21","22","22","22","22","11","11","12","21","21","21","21","21","12","21","22","22","22","22","11","22","22","11","21","21","11","22","22","22","23","12","22","21","22","22","21","11","21","22","44","22","34","12","11","23","12","31","12","33","21","23","22","21","32","33","33","11","21","13","21","63","12","44","12","32","31","33","33","33","55","22","12","31","23","32","22","31","11","12","33","33","32","41","11","33","33","55","11","11","21","21","21","11","22","33","13","22","22","24","33","44","45","34","23","21","33","12","21","22","23","11","11","11","11","24","22","22","23","51","13","13","13","13","11","11","33","22","22","12","23","33","21","33","32","13","23","32","33","22","11","33",NA,"32","55","12","33","31","21","22","55","34","12","31","11","33","41","11","41","22","11","44","22","31","23","24","23","12","22","11"
"100","i036_A04_IDGW_S16_MID1_MID2_111362","21","11","22","12","22","21","22","12","21","21","12",NA,"22","22","21","22","11","11","21","12",NA,"12","11","21","11",NA,"11","22","21","21","11","22","12","11","21","11","11","21",NA,"22","33","22",NA,"12","22","12","12","12","21","23","44","32","44","21",NA,"22","22","13","11","21","22","24","22","11","23","23","12","11","12","12","21","36","22","44","11","23","12","23","32","33","55","22","23","12","31","32","12","33","11","32","33","33","23",NA,"13","33","33","41","13","13","23","11","33","21","31","21","21","11","21","43","32","14",NA,"44","33","22","23","22","31","23","32","11","21","21","11","21","13","32","13","16","33","11","31",NA,"13","22","31","11","11","22","33","33","11","33","32",NA,"21","22","33","12","11","33",NA,"11","25","13","33","11","13","23","55","33","24","21","13","13","41","13","44","22","12","14","23","33","33","24","11","31","22","11"
"101","i036_E08_IDGW_S16_MID1_MID2_111367","21","11","22","22","12","12","22","21","21","12","21","22","22","22","22","22","11","11","12","11",NA,"21","11","12","12",NA,"22","22","12","12","11","21","22","11","22","12","21","12",NA,"22","32",NA,"21","12","22","12","12","21","22","21","44","23","34","11","22","22","22","23","11","22","12","42","23","13","22","23","23","11","12","13","23","32","22","44","12","23","22","32","32","33","55","22","21","31","31","32","22","33","11","22","33","23","33","24","31","33","33",NA,"11","11","23","11","33","12","13","12","12","21","21","42","33","44",NA,"44","33","22","23","12","21","22","32","11","12","21","11","22","13","23","12","65","13","12","11","23","31","22","31","11","11","22","33","33","11","33","23",NA,"13","23","23","22","11","13",NA,"32","25","31","33","31","31","32","55","33","22","32","11","33","44","11","41","22","11","12","23","13","32","12","21","22","22","11"
"102","i036_F07_IDGW_S16_MID1_MID2_111368","22","11","22","22","22","21","21","11","21","12","22","22","22","22","22","12","11","11",NA,"12",NA,"21","11","21","11","11","12","22","22","22","11","11","12","11",NA,"12","22","11","11","22","33","22","12","12","22","21","11","11","22","31","44","21","33","11","22","22","22","32","11","21","22","32","22","12","33","33","33","11","22","23","11","63","22","44","12","23","31","31","32","33","55","22","11","33","12","23","22","33","11","32","33","32","32","32","12","32","33",NA,"13","13","32","11","33","12","32","22","12","11","21","43","32","14","11","43","33","12","33","12","31","23","23","11","21","21","11","21","31","32","12","65","33","21","11","22","31","22","32","21","11","12","23","33","21","33","33","33","31","32","23","22","11","33",NA,"11","52","13","33","11","21","32","55","33","24","32","33","13","44","31","41","22","11","12","23","31","32","12","11","31","22","11"
"103","i024_A10_IDGW_S2_MID1_11136D","21","11","22","22","12","21","22","21","12","12","12","22","22","22","22","22","11","11","12","11",NA,"12","11","21","21","11","22","22","21","21","11","21","22","11","22","21","21","12","11","22","32","12","12","12","22","21","21","12","22","21","44","23","34","11","22","22","22","23","11","22","21","42","23","13","22","32","23","11","21","31","32","32","22","44","21","23","22","32","32","33","55","22","12","31","31","32","22","33","11","22","33","32","33","24","13","33","33","55","11","11","32","11","33","21","31","12","21","12","21","24","33","44","11","44","33","22","23","12","21","22","23","11","21","21","11","22","13","23","21","65","31","12","11","23","13","22","13","11","11","22","33","33","11","33","32","33","31","32","32","22","11","13","22","32","25","31","33",NA,"31","32","55","33","22","23","11","33","44","11","14","22","11","12","23","31","23","12","21","22","22","11"
"104","i028_B06_IDGW_S5_MID2_11136K","22","11","22","22","12","12","12","22","22","21","22","22","22","22","21","22","11","11","21","21","21","12","11","21","21","11","12","22","22","21","11","21","12","11","12","12","12","21","11","22","32","21","21","22","22","22","12","12","12","32","44","32","34","11","12","23","12","32","21","22","21","24","32","31","22","32","23","11","22","33","13","63","22","44","11","22","23","13","32","33","55","22","13","23","12","22","21","33","11","33","33","33","23","42","31","33","33","55","11","11","32","11","33","21","32","22","12","21","12","24","23","24","31","44","33","12","33","21","31","23","32","11","12","12","11","21","13","32","13","16","13","11","31","23","13","22","31","21","21","21","32","33","12","33","22","33","23","32","33","22","11","33",NA,"12","52","13","33","11","12","22","55","33","22","23","11","33","41","11","44","22","21","41","23","33","33","22","11","22","22","11"
"105","i033_C08_IDGW_S8_HIGH_11136L","11","11","21","12","21","12","22","11","21","12","12","11","22","11","11","11","12","21","11","12","21","21","21","21","21","22","12","22","12","21","12","11","12","21","11","11","21","22","12","11","23","21","22","21","23","22","22","21","22","32","21","31","44","12","44","33","22","13","22","32","11","13","23","22","31","33","13","11","21","54","11","62","21","44","11","11","21","32","23","31","55","12","21","22","22","32","31","11","21","21","23","22","11","41","12","52","23","54","31","21","21","22","13","11","43","32","11","33","22","43","33","44","13","42","22","22","21","22","12","21","33","23","11","12","13","14","32","23","33","65","11","32","23","23","12","22","32","13","32","22","13","32","33","43","31","31","21","32","13","21","21","21",NA,"21","25","44","32","23","33","33","54","21","42","22","12","14","44","33","21","31","23","24","21","13","21","22","31","22","12","22"
"106","i024_C10_IDGW_S2_MID1_11136M","11","21","12","21","12","11","22","11","11","22","12","11","22","11","11","12","21","11","11","11",NA,"11","21","21","21","22","11","21","21","12","21","11","22","21","11","12","22","22","11","21","22","21","12","12","13","12","12","22","22","22","21","11","44","21","43","32","22","13","22","32","11","21","23","22","33","33","33","13","21","55","12","23","32","14","13","21","32","23","22","13","45","11","21","32","22","23","33","31","11","12","23","22","11","13","31","51","32","45","14","13","12","22","33","11","44","32","11","32","23","43","33","44","21","43","22","21","31","22","12","22","33","12","11","11","31","44","22","32","32","56","13","32","31","23","11","32","32","21","33","32","31","23","33","34","23","32","22","31","11","11","11","23","21","11","22","42","33",NA,"31","33","54","21","42","22","21","44","44","31","11","31","21","43","12","13","21","22","23","21","22","21"
"107","i028_A06_IDGW_S5_MID2_11136N","12","11","21","21","21","12","22","11","12","11","12","21","21","11","11","11","21","12","11","22",NA,"22","11","12","21","22","22","22","22","11","11","11","21","11","21","21","12","22","11","12","23","11","22","12","23","22","21","12","22","22","11","33","44","12","44","23","22","11","21","13","11","33","22","21","12","33","31","11","21","43","13","36","11","44","11","21","12","32","23","11","35","12","21","32","22","23","33","11","11","21","22","32","11","44","12","32","33","34","33","11","13","32","13","12","31","33","12","23","21","44","33","44","13","23","22","22","13","22","21","21","43","33","11","12","13","12","22","32","32","56","31","12","21","33","13","22","21","12","23","22","31","23","23","34","33","14","32","33","13","13","12","32",NA,"23","51","43","23","21","31","33","55","21","42","21","21","11","44","33","11","14","32","41","12","21","23","24","21","12","13","12"
"108","i033_A07_IDGW_S8_HIGH_11136Q","11","11","12","12","21","21","22","11","21","21","12","11","22","11","11","11","12","12","11","21","21","12","12","12","21","22","12","22","12","21","12","11","21","12","11","11","21","22","21","11","23","21","22","21","23","22","22","21","22","32","12","31","44","21","44","33","22","31","22","23","11","31","23","22","13","33","31","11","21","45","11","26","21","44","11","11","12","32","32","31","55","21","12","22","22","23","13","11","12","21","23","22","11","41","12","52","32","45","31","12","21","22","31","11","43","23","11","33","22","43","33","44","13","24","22","22","12","22","12","21","33","23","11","21","13","41","23","32","33","56","11","32","23","23","12","22","23","31","23","22","13","32","33","34","13","31","21","32","31","21","21","21",NA,"21","52","44","32","23","33","33","54","12","24","22","12","41","44","33","21","31","32","42","12","31","12","22","13","22","21","22"
"109","i033_H05_IDGW_S8_HIGH_11136V","11","11","21","12","12","12","22","11","12","12","21","11","22","11","11","11","12","12","11","21",NA,"12","21","12","12","22","21","22","21","21","21","11","12","21","11","11","12","22","12","11","32","21","22","21","32","22","22","21","22","23","21","31","44","12","44","33","22","13","22","32","11","13","32","22","31","33","13","11","12","45","11","26","21","44","11","11","12","32","23","31","55","12","21","22","22","23","31","11","21","12","32","22","11","14","21","25","32","45","31","12","12","22","31","11","34","32","11","33","22","34","33","44","31","42","22","22","21","22","12","12","33","32","11","12","13","14","23","23","33","56","11","32","32","32","21","22","23","31","23","22","13","32","33","43","13","31","12","32","31","21","12","12",NA,"21","25","44","32","32","33","33","54","12","42","22","21","41","44","33","21","13","32","42","12","13","21","22","13","22","21","22"
"110","i024_B09_IDGW_S2_MID1_11136W","21","21","12","12","11","22","22","11","12","11","22","11","22","11","11","11","12","21","11","11","12","22","21","22","21","22","21","22","22","12","22","11","21","21","12","11","22","11","21","12","22","12","22","21","33","22","22","12","22","23","22","11","44","22","44","32","22","13","22","13","11","31","23","22","33","43","33","11","22","43","13","63","11","44","11","12","21","33","32","11","55","22","11","23","21","21","13","11","21","21","23","23","11","41","11","32","23","35","41","21","31","22","31","21","31","32","12","31","22","44","33","44","41","23","22","22","31","22","11","11","43","33","11","21","31","21","22","32","32","53","31","33","13","13","11","12","32","11","23","22","31","32","23","43","33","41","32","33","13","13","11","13","21","32","25","34","32",NA,"31","33","55","42","22","21","21","11","41","33","21","14","32","41","21","23","31","42","23","12","23","12"
"111","i028_H03_IDGW_S5_MID2_11136Y","12","11","22","11","22","21","22","21","11","12","12","12","12","11","11","11","21","12","11","21",NA,"12","12","22","22","22","12","22","12","11","12","11","21","12","11","21","21","22","11","12","22","11","22","12","32","22","21","11","22","23","11","33","43","11","14","32","22","33","22","12","11","31","23","12","32","43","33","11","23","45","31","36","21","44","11","31","22","32","12","31","35","21","12","32","22","22","13","31","11","12","22","22","11","14","11","23","33","34","33","11","32","22","13","12","41","32","11","23","22","43","33","42","11","23","22","22","13","22","21","22","34","32","11","21","31","21","22","23","32","35","31","12","21","33","31","22","12","21","32","22","11","33","32","33","33","14","23","33","33","23","11","12",NA,"23","51","34","22","31","31","33","35","11","22","21","21","11","44","33","11","14","23","41","22","21","32","42","21","21","32","22"
"112","i033_B08_IDGW_S8_HIGH_111375","11","11","12","12","21","21","22","11","12","21","21","11","22","11","11","11","21","12","11","12","21","12","12","12","12","22","12","22","12","12","12","11","21","12","11","11","21","22","12","11","23","21","22","21","32","22","22","12","22","32","21","31","44","21","44","33","22","13","22","32","11","31","23","22","13","33","31","11","12","54","11","62","12","44","11","11","21","32","23","13","55","12","12","22","22","23","13","11","21","21","32","22","11","41","12","52","23","54","13","12","21","22","31","11","34","32","11","33","22","43","33","44","13","42","22","22","21","22","21","21","33","32","11","12","13","41","23","23","33","65","11","23","23","23","12","22","32","31","32","22","13","32","33","43","13","31","21","23","31","21","12","12",NA,"12","52","44","32","23","33","33","54","12","42","22","12","14","44","33","21","31","23","24","21","13","21","22","13","22","21","22"
"113","i031_A02_IDGW_S6_HIGH_1113K","22","12","22","22","12","12","21","22","22","12","22","21","22","22","11","22","11","21","12","21",NA,"21","11","12","21","12","22","22","21","21","11","21","22","21","12","11","22","22","11","11","42","22","11","22","12","21","12","12","22","23","44","22","44","22","22","32","22","23","12","12","11","22","22","21","33","43","33","11","23","32","12","66","22","41","22","32","12","11","33","33","11","11","11","33","12","23","12","11","11","21","33","23","13","23","22","22","33","53","41","33","13","11","13","21","21","32","11","11","22","23","33","24","51","33","22","12","33","12","12","22","32","31","11","11","31","22","33","32","12","65","33","31","33","22","11","12","33","12","11","31","33","21","23","33","22","33","11","22","33","32","12","13",NA,"33","55","32","13","11","23","23","22","44","22","23","33","33","44","33","41","22","12","24","32","31","23","22","22","33","22","11"
"114","i040_G11_ScatOpt4_1113R","12","11","22",NA,"11",NA,NA,"11",NA,"12","12","21","21","12","21","21",NA,NA,NA,"22",NA,NA,"11",NA,"22",NA,"12",NA,"21","21","12","22","22",NA,NA,"12","21","12",NA,"21","32",NA,NA,"22","22","11","11",NA,"11",NA,"44","11",NA,"21",NA,"22",NA,"33",NA,"13","12","23","12",NA,"33","33","23","33",NA,"22",NA,NA,NA,"44","21","11","12",NA,"22","35","55","12","11","23","13","12","21",NA,"22","33","21","14","22",NA,"11","33",NA,NA,"13","23","22","31",NA,"12","22","22","12","11","33",NA,"31","54",NA,"33","22",NA,NA,"21",NA,"32",NA,NA,"22","13","11","24","32","33","32","63","33","23","12",NA,"11","11","33",NA,"22","12","33","22",NA,NA,"32",NA,"23","33","33","32","11",NA,"12",NA,"22","11","23","11","11","33","45",NA,NA,"11","32","31","11","23","14",NA,NA,"44","22","13",NA,NA,NA,"13","23","21"
"115","i025_H10_IDGW_S3_MID2_1114C","12","12","22","12","21","22","22","21","12","11","22","12","22","11","21","12",NA,"12","11","11",NA,NA,"11","22","21",NA,"12","11","12","11","11","21","21","21",NA,"11","12","11","22","12","44",NA,"11","12","21","22","12","12","12","33","43","11","33","11","14","23","22","22","12","12","21","23","33","22","33",NA,"32","31","12","42","11","33","21","44","31","21","13","33","33","51","35","22","31","22","11","22","21","32","31","12","31","12","11","24","12","23","13","55","31","21","32","33","31","22","22","22","11","31","22","44","33","42","15","43","23","23","12","22","11","33","42","11","11","13","23","42","32","22","33","16","31","32","12","12","11","12","32","31","32","22","31","22","33","32","11","42","21","33","33","12","21","11","21","11","24","32","12",NA,"32","23","55","31","22","23","22","53","44","32","21",NA,"11","24","33","13",NA,"41","32","13","23","21"
"116","i025_B01_IDGW_S3_MID2_1114H","11","22","11","21","12","22","12","21","12","12","11","12","22","21","22","11","12","21","11","11",NA,NA,"12","22","22","12","11","21","22","11","22","21","21","22","12","11","11","22","11","22","22",NA,"11","21","22","22","21","11","21","22","41","23","43","13","12","32","11","22","22","21","11","12","23","13","32","33","33","11","22","52","13","22","11","24","13","22","23","33","33","15","53","11","22","32","12","11","13","13","11","12","32","21","21","22","11","21","13","14","33","12","22","13","23","21","21","32","22","11","33","34","33","25","44","24","23","12","31","31","21","22","43","21","11","31","33","24","23","22","31","61","11","33","21","21","11","22","32","13","34","22","33","22","33",NA,"31","24","22","33","13","13","13","22","11","11","12","42","13",NA,"12","32","23","31","41","11","13","41","44","23","11","33","21","14","32","13",NA,"44","12","12","22","12"
"117","i025_A01_IDGW_S3_MID2_11159","12","22","22","12","22","22","12","22","11","21","12","22","22","11","11","22","11","22","11","11",NA,"22","12","22","12","22","11","21","21","11","22","21","21","21","21","12","21","22","11","11","43","22","12","12","23","21","21","21","21","23","41","32","44","22","11","22","22","13","22","33","12","32","32","22","23","33","13","11","22","45","11","36","22","22","33","32","12","13","32","31","51","12","11","23","12","33","21","31","22","31","21","23","13","14","13","23","33","44","33","21","22","13","22","22","31","33","21","12","33","43","23","44","14","42","22","11","32","23","12","33","42","11","12","33","11","44","33","23","23","33","13","31","22","33","31","12","33","22","22","22","13","21","32","21","21","22","21","33","23","22","13","21","12","11","22","41","31",NA,"13","32","55","32","22","22","22","11","43","21","11","31","11","22","22","13","22","24","23","11","32","12"
"118","i028_H05_IDGW_S5_MID2_1118DK","12","21","21","12","11","22","22","11","12","11","22","11","22","11","11","11","21","12","11","11",NA,"22","21","22","21","22","21","22","22","12","22","11","12","12","12","11","22","11","21","12","22","21","22","21","33","22","22","21","22","23","22","11","44","22","44","23","22","31","22","31","11","31","23","22","33","43","33","11","22","34","13","63","11","44","11","12","21","33","23","11","55","22","11","23","12","21","13","11","12","21","23","23","11","41","11","23","32","35","14","21","13","22","31","12","13","32","12","31","22","44","33","44","41","23","22","22","13","22","11","11","34","33","11","12","13","12","22","32","32","53","13","33","13","13","11","12","32","11","23","22","13","32","32","34","33","41","23","33","31","13","11","31",NA,"23","25","34","32","22","31","33","55","24","22","21","21","11","41","33","21","14","32","14","21","23","13","42","32","12","23","12"
"119","i028_C05_IDGW_S5_MID2_1118DL","12","11","11","22","22","11","22","11","11","11","21","11","22","11","11","11","12","21","11","12",NA,"22","21","22","21","22","21","22","12","21","12","11","11","22","11","21","11","22","22","11","23","21","22","21","23","22","22","11","22","23","21","31","44","22","44","23","22","31","22","21","11","13","32","12","33","43","33","11","12","35","31","23","12","44","11","31","22","32","31","11","55","22","12","23","21","31","33","13","21","11","32","23","11","41","11","35","33","34","33","22","22","22","11","21","41","33","12","32","12","44","33","44","14","22","22","22","23","22","11","21","43","33","11","11","11","44","23","23","33","65","11","23","12","32","32","22","21","12","22","22","11","33","32","44","33","12","31","32","33","32","32","13",NA,"23","15","43","23","22","31","33","54","41","22","12","11","14","41","33","12","43","33","12","22","32","13","42","21","21","22","12"
"120","i024_D09_IDGW_S2_MID1_1118DM","21","11","11","22","22","11","22","11","11","11","21","11","22","11","11","11","21","12","11","21",NA,"22","21","22","21","22","12","22","12","21","21","11","11","22","11","12","11","22","22","11","32","21","22","21","32","22","22","11","22","23","12","13","44","22","44","32","22","13","22","12","11","13","32","21","33","34","33","11","12","53","31","32","12","44","11","13","22","23","13","11","55","22","21","32","21","31","33","31","12","11","32","32","11","14","11","53","33","43","33","22","22","22","11","12","14","33","12","32","12","44","33","44","14","22","22","22","23","22","11","21","34","33","11","11","11","44","32","23","33","65","11","23","12","32","32","22","12","12","22","22","11","33","32","44","33","12","31","32","33","32","23","31","12","23","51","43","32",NA,"31","33","45","14","22","12","11","41","41","33","12","34","33","21","22","23","13","42","21","21","22","21"
"121","i024_E10_IDGW_S2_MID1_1118DO","12","21","12","21","11","22","22","11","12","11","22","11","22","11","11","11","21","12","11","11","12","22","21","22","21","22","21","22","22","21","22","11","12","12",NA,"11","22","11","21","12","22","12","22","12","33","22","22","21","22","23","22","11","44","22","44","32","22","31","22","31","11","13","32","22","33","34","33","11","22","43","13","63","11","44","11","21","12","33","32","11","55","22","11","23","21","21","13","11","12","21","23","23","11","14","11","32","23",NA,"14","21","31","22","31","12","13","23","12","31","22","44","33","44","14","32","22","22","13","22","11","11","34","33","11","12","31","12","22","32","23","35","13","33","13","31","11","12","32","11","23","22","31","32","32","34","33","14","32","33","13","31","11","31","12","23","25","43","23",NA,"31","33","55","24","22","12","12","11","14","33","21","41","32","41","12","32","13","24","32","21","32","12"
"122","i028_E06_IDGW_S5_MID2_1118DR","12","11","21","12","12","21","22","11","21","11","12","21","12","11","11","11","21","21","11","22","12","22","11","21","12","22","22","22","22","11","11","11","12","11","12","21","21","22","11","12","23","11","22","21","23","22","21","21","22","22","11","33","44","12","44","23","22","11","21","13","11","33","22","12","21","33","13","11","21","43","13","36","11","44","11","21","21","23","23","11","53","12","21","23","22","23","33","11","11","12","22","23","11","44","12","32","33","43","33","11","31","23","13","12","13","33","21","32","21","44","33","44","31","23","22","22","31","22","21","12","34","33","11","21","31","12","22","32","23","56","13","12","21","33","31","22","12","12","23","22","13","32","32","34","33","14","32","33","31","31","12","32",NA,"23","51","43","32","21","31","33","55","12","24","12","21","11","44","33","11","14","23","14","21","21","23","24","21","12","31","12"
"123","i028_G05_IDGW_S5_MID2_1118DS","12","12","11","22","11","22","22","11","11","11","22","21","12","11","11","21","22","11","11","22",NA,"12","12","22","12","22","12","22","12","11","21","11","21","11","12","21","11","22","12","11","22","11","22","21","33","22","22","21","22","32","12","31","44","21","44","32","22","13","22","31","11","33","23","22","33","34","33","11","21","35","13","36","12","44","11","21","22","23","32","11","55","22","11","23","22","23","33","11","21","22","22","22","11","31","13","35","33","43","33","12","13","23","33","12","31","22","11","32","12","44","33","44","41","32","22","22","31","22","21","12","34","33","11","11","11","44","32","22","23","36","13","21","12","23","23","22","21","21","22","21","31","32","33","44","31","32","12","33","33","32","11","32",NA,"23","51","43","33","22","31","23","34","42","42","22","11","14","14","33","22","33","13","22","12","33","11","24","11","21","21","12"
"124","i028_D06_IDGW_S5_MID2_1118DV","12","11","12","12","21","12","22","11","12","11","12","21","12","11","11","11","12","21","11","22","21","22","11","12","21","22","22","22","22","11","11","11","21","11","12","21","21","22","11","21","32","11","22","21","32","22","21","21","22","22","11","33","44","21","44","23","22","11","12","31","11","33","22","12","21","33","31","11","21","43","31","36","11","44","11","12","12","23","32","11","35","21","12","32","22","32","33","11","11","21","22","23","11","44","12","32","33","34","33","11","13","32","31","21","31","33","12","32","21","44","33","44","13","23","22","22","31","22","12","12","34","33","11","12","13","12","22","32","32","65","13","12","12","33","13","22","12","21","23","22","31","32","32","34","33","41","32","33","13","31","12","32",NA,"23","51","43","23","21","13","33","55","12","24","12","12","11","44","33","11","41","32","14","21","21","23","24","12","21","13","12"
"125","i033_E07_IDGW_S8_HIGH_1118DY","12","11","11","22","22","11","22","11","11","11","21","11","22","11","11","11","12","21","11","21","12","22","12","22","21","22","21","22","21","21","12","11","11","22","11","21","11","22","22","11","32","21","22","21","32","22","22","11","22","23","21","31","44","22","44","32","22","13","22","21","11","31","23","21","33","34","33","11","21","35","13","32","21","44","11","13","22","23","13","11","55","22","21","32","12","13","33","31","12","11","23","32","11","41","11","35","33","43","33","22","22","22","11","12","41","33","12","23","21","44","33","44","14","22","22","22","32","22","11","21","34","33","11","11","11","44","23","32","33","65","11","23","12","23","23","22","12","21","22","22","11","33","23","44","33","12","13","23","33","32","23","13",NA,"32","51","43","32","22","31","33","45","41","22","21","11","41","41","33","21","34","33","21","22","32","31","24","12","12","22","12"
"126","i033_D08_IDGW_S8_HIGH_1118DZ","12","11","22","11","22","12","22","12","11","21","21","21","12","11","11","11","12","21","11","12",NA,"21","21","22","22","22","12","22","21","11","21","11","12","12","11","21","21","22","11","21","22",NA,"22","21","23","22","21","11","22","23","11","33","34","11","41","32","22","33","22","21","11","31","32","21","32","43","33","11","23","45","13","36","12","44","11","13","22","32","21","13","35","21","21","32","22","22","13","31","11","12","22","22","11","41","11","32","33","34","33","11","23","22","31","21","14","32","11","32","22","43","33","24",NA,"23","22","22","13","22","21","22","43","23","11","12","31","21","22","23","23","53","31","21","12","33","31","22","21","21","23","22","11","33","23","33","33","41","23","33","33","23","11","21",NA,"23","15","43","22","31","13","33","35","11","22","12","21","11","44","33","11","41","32","41","22","21","23","24","21","21","23","22"
"127","i028_F05_IDGW_S5_MID2_1118E2","21","12","11","22","11","22","22","11","11","11","22","12","21","11","11","12","22","11","11","22",NA,"12","21","22","21","22","21","22","12","11","21","11","21","11","12","21","11","22","12","11","22","11","22","12","33","22","22","12","22","32","12","31","44","12","44","32","22","13","22","13","11","33","23","22","33","43","33","11","21","53","13","36","21","44","11","21","22","32","23","11","55","22","11","32","22","32","33","11","21","22","22","22","11","13","13","53","33","43","33","21","13","32","33","12","13","22","11","23","21","44","33","44","41","23","22","22","13","22","12","21","34","33","11","11","11","44","23","22","32","36","31","21","12","23","23","22","12","12","22","12","13","23","33","44","31","23","21","33","33","23","11","32",NA,"23","51","34","33","22","31","32","34","42","24","22","11","41","41","33","22","33","31","22","21","33","11","24","11","21","12","21"
"128","i036_B04_IDGW_S16_MID1_MID2_1118E3","22","11",NA,NA,"22","12","12","12","22",NA,"21",NA,"21",NA,"22","12",NA,"12",NA,"11",NA,NA,"21",NA,"11",NA,"12","21","22","22","11","12",NA,"11",NA,"12","12","21",NA,"22",NA,NA,NA,"12","13","22","21",NA,"21","32","44","22","33","21",NA,"32",NA,"43","12","33","11","22","22",NA,"32",NA,"33","21","23","24",NA,"36",NA,"14","13",NA,"33",NA,"23","33","55","11",NA,"22","13","32","11","13","11","32","33","23","13",NA,"31","23","33",NA,"41","11","22","11","33","11","11",NA,"21","11","12",NA,"32","44",NA,"34","23","22","33","21","21","22",NA,"31","11","22","13",NA,"33","32","23","16","33","12","31",NA,"11","32","32","23","22","11","23","32",NA,NA,"22",NA,"21","22","33","22","13","11",NA,NA,"55","31","33","32","13","32","25","33","22","12","13","33",NA,"31","14","32","11",NA,"22","33",NA,NA,NA,"23","22",NA
"129","i024_G09_IDGW_S2_MID1_1118EH","22","21","22","22","22","12","22","22","22","21","22","12","22","21","22","22","12","12","21","11","22","11","12","12","11","21","22","21","21","11","11","12","22","11","21","11","12","11","11","22","42","22","12","11","22","12","11","21","21","33","44","22","44","32","21","32","22","33","22","21","11","31","32","13","32","34","33","11","21","21","12","63","22","44","11","11","32","23","23","35","33","22","31","33","22","32","12","33","11","21","23","32","33","23","23","33","13","15","31","13","33","21","13","11","21","32","21","21","12","44","33","44","51","44","23","21","33","21","11","22","22","11","11","12","11","24","11","23","22","35","31","22","31","32","33","23","32","21","12","23","13","21","33","33","32","12","21","32","32","12","32","33","22","23","52","14","11",NA,"13","33","25","33","22","21","31","13","14","23","41","22","21","24","22","31","32","24","12","23","22","11"
"130","i033_G07_IDGW_S8_HIGH_1118EM","22","12","22","22","22","21","22","22","22","21","22","21","22","21","22","22","12","12","21","11","22","11","21","12","11","21","22","12","21","11","11","21","22","11","21","11","12","11","11","22","42","22","12","11","22","21","11","21","21","33","44","22","44","23","21","32","22","33","22","12","11","13","23","31","32","43","33","11","21","12","12","63","22","44","11","11","23","32","32","53","33","22","31","33","22","23","12","33","11","12","23","32","33","32","32","33","31","51","31","13","33","12","31","11","12","23","21","21","12","44","33","44","51","44","23","12","33","21","11","22","22","11","11","21","11","42","11","23","22","35","13","22","13","32","33","23","32","21","21","23","13","12","33","33","23","21","12","32","32","21","23","33",NA,"23","25","41","11","12","13","33","25","33","22","21","31","13","14","32","41","22","21","42","22","31","32","24","21","32","22","11"
"131","i024_F09_IDGW_S2_MID1_1118EO","22","12","22","22","22","21","22","22","22","12","22","21","22","21","22","22","21","12","12","11","22","11","21","21","11","12","22","21","21","11","11","12","22","11","21","11","12","11","11","22","24","22","21","11","22","21","11","21","12","33","44","22","44","32","21","23","22","33","22","21","11","31","32","13","23","34","33","11","21","12","12","63","22","44","11","11","32","32","32","35","33","22","13","33","22","23","12","33","11","21","23","32","33","23","32","33","13","15","13","13","33","12","13","11","12","23","12","12","21","44","33","44","15","44","32","21","33","21","11","22","22","11","11","21","11","24","11","32","22","53","31","22","31","32","33","32","32","21","21","23","31","12","33","33","23","21","12","23","23","21","23","33","22","23","25","14","11",NA,"13","33","25","33","22","12","31","13","14","23","14","22","12","24","22","13","23","24","12","32","22","11"
"132","i033_F08_IDGW_S8_HIGH_1118F3","22","12","22",NA,"22",NA,NA,"12",NA,"12","21",NA,"22","22","22","22",NA,NA,NA,"11",NA,NA,"21","12","11",NA,"22","22","22","21","11","12",NA,"11",NA,"21","22","11",NA,"22","44",NA,NA,"21","23","22","12",NA,"12","23","44","22",NA,"21",NA,"23",NA,"34","21","32","11","32","23",NA,"32","43","33","11","22","22",NA,NA,"22","14","31","11","32","33","23","33","53","12","11","32","12","23","21",NA,"11","13","33","32","13",NA,"32","33","33",NA,"43","31","32","11","33","11","11",NA,"22","12","21",NA,"33","44",NA,"44","33","12","33","22","21","22",NA,"13",NA,"22","11","21","13","32","22","63","33","12","33",NA,"31","33","22",NA,"22","31","33","21","33",NA,"32",NA,"12","23","32","22","31",NA,NA,NA,"52","34","13","13","13","33","55","33","22","21",NA,"33","44","12","44",NA,"12",NA,"22","33",NA,NA,NA,"23","22",NA
"133","i028_A07_IDGW_S5_MID2_1118FI","12","12","11","22","12","21","12","12","12","12","11","22","22","11","12","21","11","11","11","11",NA,"22","11","12","21","22","12","11","12","21","22","22","11","21",NA,"21","12","22","11","21","44","22","11","11","32","22","11","12","22","22","44","22","32","22","11","23","21","31","22","11","11","13","23","22","22","34","33","31","22","33","11","63","13","12","33","22","22","13","23","33","51","23","31","22","22","22","21","33","13","12","21","22","13","41","11","12","21","15","13","12","22","11","32","22","23","32","11","12","33","34","33","45","33","23","22","21","23","33","21","12","42","33","11","22","31","41","32","22","23","31","33","32","32","13","13","32","32","11","32","12","13","31","23","43","11","24","31","33","23","12","13","12",NA,"13","15","34","33","13","11","33","33","33","44","12","22","11","34","11","22","33","22","23","32","11","12","24","23","33","23","12"
"134","i024_H09_IDGW_S2_MID1_1118FW","12","21","11","22","21",NA,"12","12","21","21","11","22","22","11","21","12","11","11",NA,"11",NA,"22","11","21","12","22","21","11","12","12","22","22","11","12",NA,"21","21","22",NA,"12","44",NA,NA,"11","23","22","11","21","22","22","44","22","32","22","11","32","12","13","22","11","11","31","23","22","22",NA,"33","31","22","33","11","36","31","21","33","22","22","13","32","33","15","23","31","22","22","22","21","33","13","21","12","22","31",NA,"11","21","12",NA,"13","12","22","11","23","22","32","23","11","21","33","34","33","45",NA,"32","22","12","23","33","12","12",NA,"33","11","22","31","14","32","22","32","31","33","23","23","31","13","32","23","11","32","21","13","31","32",NA,"11",NA,"31","33","32","21","13","12","21","13","51","43","33",NA,"11","33","33","33","44","21","22","11","34","11","22","33","22","32","32","11",NA,"42","23","33","23","21"
"135","i024_C11_IDGW_S2_MID1_1118FX","21","12","11","22","21","12","21","21","21","12","11","22","22","11","21","21","11","11",NA,"11",NA,NA,"11","12","12",NA,"12","11","12","12","22","22","11","12",NA,"21","21","22",NA,"21","44",NA,NA,"11","32","22","11","12","22","22","44","22","32","22",NA,"23","21","31","22","11","11","13","32","22","22",NA,"33","31","22","33",NA,"63","31","12","33","22","22","13","32","33","51","32","31","22","22","22","21","33","31","21","21","22","13",NA,"11","12","12",NA,"13","21","22","11","23","22","23","23",NA,"12","33","34","33","45",NA,"32","22","21","32","33","21","12","24",NA,"11","22","13","14","32","22","32","13","33","23","32",NA,"31","23","32","11","23","12","13","13","23",NA,"11",NA,"31","33","32","21","31",NA,"12",NA,"15","43",NA,NA,"11","33","43","33","44","21","22","11","43","11","22",NA,"22","23","23","11",NA,NA,"23","33","23","12"
"136","i024_B11_IDGW_S2_MID1_1118FZ","12","12","11","22","21","21","12","21","12","12","11","22","22","11","21","12","11","11",NA,"11",NA,NA,"11",NA,"21","22","21","11","12","12","22","22","11","12",NA,"21","12","22",NA,"21","44",NA,NA,"11","23","22","11","12","22","22","44","22","32","22",NA,"32","21","13","22","11","11","13","23","22","22","34","33","31","22","33",NA,"63","31","21","33","22","22","31","23","33","15","32","13","22","22","22","12","33","31","12","21","22","31","14","11","21","12",NA,"31","21","22","11","32","22","32","23","11","21","33",NA,"33","45","33","23","22","12","32","33","12","12","24","33","11","22","13","14","23","22","23","31","33","32","32",NA,"13","32","32","11","32","12","31","13","23","43","11",NA,"31","33","32","21","13",NA,"21","31","15","34","33",NA,"11","33","53","33","44","21","22","11","34","11","22","33","22","32","23","11",NA,"24","32","33","32","21"
"137","i024_A12_IDGW_S2_MID1_1118G4","11","22","22","22","22","11","22","22","12","12","11","12","22","11","22","11","22","22","22","11",NA,"11","11","22","22","22","22","22","11","22","12","21","11","11",NA,"22","22","11","21","22","33","11","11","22","11","22","11","11","11","12","44","11","22","22","22","33","22","33","22","22","21","21","22","11","21","23","11","11","22","35","13","24","22","31","33","22","22","23","22","21","35","11","13","22","11","22","13","33","33","33","22","12","11","44","21","22","33","43","22","21","22","22","33","11","41","12","22","22","11","33","23","55","31","23","33","11",NA,"23","32","22","33","13","22","11","33","44","13","33","33","53","13","12","12","22","31","11","13","22","22","33","22","22","22","14","22","22","11","23","33","22","11","11","22","33","21","35","22",NA,"33","22","45","11","22","22","22","44",NA,"12","42","11","22","22","22","33",NA,"22","22","33","11","11"
"138","i024_D11_IDGW_S2_MID1_1118GF","22","22","12",NA,"11","12","22","22","12","11","22","21","22","12","21","11","12","11",NA,"11",NA,NA,"11","21","22",NA,"22","21","22","11","11","21","22","11",NA,"21","11","12",NA,"22","24",NA,"12","22","32","22","11","12","11","32","44","12","44","12","13","32","23","23","12","12","11","23","32","22","23","34","33","32","11","22","13","63","21","44",NA,"22","33","33","23","11","43","12","11","22","22","22","31","13","22","11","32","41","11",NA,"31","22","33",NA,"13","23","31","13","33","11","22","32","11","21","22","22","31","44","43","33","22","23","32","12","21","22",NA,"31","11","11","11","44","33","12","21","65","31","32","31",NA,"11","13","23","11","24","31","33","12","32","23","12",NA,"32","33","33","22","21",NA,"21",NA,"52","42","13",NA,"21","32","32","34","22","22","22","33","14","32","12","33","11","12","32","33",NA,"14","33","13","32","12"
"139","i033_H07_IDGW_S8_HIGH_1118H7","22","11","22",NA,NA,"12","12","21","22",NA,"22",NA,"12","22","22","22",NA,NA,NA,"11",NA,NA,"22",NA,"11",NA,"21","21","21","21","11","12","22","11",NA,"11","11","22",NA,"22","14",NA,NA,"11",NA,"22","11",NA,"21","33",NA,"22",NA,"23",NA,"22","21","33","21","23","11","23","32","32","32",NA,"33","21","32","42",NA,NA,"22","41","31","11","23",NA,"22","53","35","12","11","32","12","23","12",NA,"11","22","33","32","13",NA,"32","33","33",NA,"13","11","23","21","13","11","12",NA,"22","21","22",NA,"23","44",NA,"43","32","22","33","22","21","22",NA,"13","11","12","11",NA,"13","33","23","63","13","22","31",NA,"13","23","23","23","22","21","13","22",NA,NA,"23",NA,"21","22","32","21","33",NA,NA,NA,"55",NA,"31","21","31","23","25","33","22","21","33","13",NA,"13","11",NA,"21","24","22","13",NA,NA,NA,"22",NA,NA
"140","i033_G09_IDGW_S8_HIGH_1118H8","22","11",NA,NA,NA,"21","21","21",NA,"22",NA,"21","21",NA,"22","22","22",NA,NA,"11",NA,NA,"22","12","11",NA,"12","12","12","21","11","21",NA,NA,NA,"11","11","22",NA,"22","41",NA,NA,"11",NA,"22","21",NA,"12",NA,"44","22",NA,NA,NA,"22",NA,"33","12","23","11","32","33","23","23",NA,"33","21","32",NA,NA,NA,"22","41",NA,NA,"32","33","22","53","35","12","11","23","21","32","12","13",NA,"22","33","23","13",NA,"31","23","33",NA,"13","11","23","11","13","11","21",NA,NA,"12","22",NA,"23","44",NA,"34","23",NA,"33","22","22",NA,NA,NA,"21","12","11",NA,"31","23","23","36","31","22","13",NA,"13","32",NA,NA,"22","12","31",NA,NA,NA,"23",NA,"21","22","32","21","33",NA,NA,"33",NA,NA,"31","12","13","23","25",NA,NA,"12",NA,"33",NA,"31","11",NA,"21",NA,"22","13",NA,NA,NA,"22","22",NA
"141","i033_C09_IDGW_S8_HIGH_1118HA","22","11","22","21","22","12","12","12","22","22","22","21","21","22","22","22","22","21",NA,"11",NA,NA,"22","21","11",NA,"12","21","12","12","11","21","22","11",NA,"11","11","22",NA,"22","41",NA,NA,"11","32","22","11",NA,"12","33","44","22","43","32",NA,"22","21","33","21","32","11","23","32",NA,"23","33","33","21","23","24","11",NA,"22","14","13","11","32","33","22","53","35","21","11","32","21","23","21","31","11","22","33","23","13",NA,"32","33","33",NA,"13","11","32","11","31","11","21","21","22","12","22","24","32","44",NA,"43","23","22","33","22","12","22",NA,"31","11","21","11",NA,"13","33","23","63","13","22","31",NA,"13","23","23","23","22","12","13","22","33","33","32",NA,"21","22","23","21","33",NA,NA,"33","55","11","31","21","13","23","25","33","22","12","33","31","41","13","11","32","21",NA,"22","13",NA,"42","11","22","22",NA
"142","i033_F09_IDGW_S8_HIGH_1118HB","22","12","22","12","22","11","21","21","22","21","21","12","21","22","22","22","12","22",NA,"11",NA,"11","21","21","11","12","12","12","22","12","11","12","22","11",NA,"11","12","22",NA,"22","21",NA,NA,"12","21","22","11","11","12","23","44","22","43","23","11","33","12","33","21","32","11","12","22","21","23","34","33","21","32","24","11","66","22","41","31","21","33","22","23","53","53","12","11","32","23","32","11","33","11","12","33","22","33","13","12","33","31","35","14","13","32","21","33","11","11","32","22","11","11","44","33","44",NA,"44","32","21","33","21","11","22","22","31","11","21","11","21","13","23","22","36","31","22","31","33","31","23","32","32","22","12","13","22","33","33","22","11","22","32","33","12","32","13",NA,"13","55","43","31","22","33","32","25","33","22","22","13","33","14","21","41","22","12","22","22","13","23",NA,"12","32","22","11"
"143","i033_A09_IDGW_S8_HIGH_1118HF","22","12",NA,NA,NA,"21","22","12",NA,NA,"22",NA,"21",NA,"22","12",NA,NA,NA,"11",NA,NA,"21",NA,NA,NA,"21","22","22","12",NA,"21",NA,"11",NA,"11","11","11",NA,"22","24",NA,NA,"21","12","21","11","11",NA,NA,NA,"22",NA,"13",NA,"23","22","33","22","31","11","12","22",NA,"32","34","33","11","22","22",NA,NA,"22","14","13",NA,"33","23","33","53","35","21",NA,"32","21","23","21",NA,"11","21",NA,NA,"33",NA,"12","32","13",NA,NA,"11","32","11",NA,"11","21",NA,"11","11","12",NA,"23","44",NA,"44","33","12","33","11","21","22",NA,NA,"11","22","31",NA,"31","22","22","63","33","21","33",NA,"13","32",NA,"22",NA,"13","33","22",NA,NA,"22",NA,"21","32","23","22","12",NA,NA,NA,NA,NA,"31","31","11","32","52","32",NA,"21","13","33",NA,"31","44",NA,"21",NA,"22","33",NA,NA,NA,"33",NA,NA
"144","i028_B08_IDGW_S5_MID2_1118HN","22","21","22","12","22","12","22","12","22","22","12","22","22","12","22","12","12","22","11","11",NA,"11","21","12","11","22","22","11","22","21","11","12","22","11",NA,"11","12","11","12","22","44","21","21","21","12","22","11","21","12","23","44","22","34","21","22","32","22","34","22","32","11","12","22","21","32","33","33","11","21","21","22","33","22","41","31","11","33","33","22","35","53","12","31","23","23","22","12","33","11","32","23","23","33","12","31","23","31","35","14","11","32","12","31","11","12","31","11","21","12","44","33","44","55","43","22","12","33","22","21","22","22","13","11","12","11","21","13","33","32","31","13","22","31","23","13","33","22","22","12","21","13","22","33","33","22","12","21","23","33","21","13","13",NA,"13","55","34","31","21","33","33","25","33","22","12","11","33","14","33","14","32","12","42","22","33","33","24","22","22","22","11"
"145","i024_E11_IDGW_S2_MID1_1118HU","22","11","22","12","21","21","12","22","22","11","21","21","22","22","22","21","12","11","22","11",NA,NA,"22","22","21","21","21","12","22","21","11","11","22","21",NA,"11","11","12","21","22","43",NA,"21","12","32","11","12","21","22","23","44","21","33","11","12","32","22","42","12","22","11","32","31","21","33","33","33","11","22","33","31","36","32","44","11","12","31","23","33","33","53","22","32","13","22","32","22","33","11","21","33","32","13","34","32","23","31","41","33","31","32","11","23","11","41","22","13","21","22","23","23","14","51","34","32","22","23","22","13","23","33","11","11","11","11","21","32","22","11","55","13","22","11","33","11","22","23","21","22","33","32","12","33","33","33","12","21","33","22","32","31","31","12","13","52","32","13",NA,"11","32","22","22","44","21","13","13","41","33","44","22","13","22","22","13","12","14","21","23","22","11"
"146","i028_C08_IDGW_S5_MID2_1118I4","22","11","22","12","21","12","21","22","22","11","12","12","22","22","22","21","12","11","22","11",NA,"11","22","22","12","21","12","12","22","12","11","11","22","12","11","11","11","21","12","22","34","12","21","12","32","11","21","21","22","32","44","12","33","11","12","32","22","42","21","22","11","32","13","21","33","33","33","11","22","33","31","36","23","44","11","21","31","23","33","33","35","22","23","13","22","23","22","33","11","21","33","23","13","34","23","23","13","41","33","13","32","11","23","11","41","22","31","12","22","23","23","14","15","43","32","22","32","22","31","23","33","11","11","11","11","12","32","22","11","55","13","22","11","33","11","22","23","12","22","33","23","12","33","33","33","21","12","33","22","32","31",NA,NA,"13","25","23","13","21","11","32","22","22","44","21","31","13","14","33","44","22","13","22","22","13","21","14","21","23","22","11"
"147","i028_D07_IDGW_S5_MID2_1118I8","12","21","22","22","22","22","22","22","22","22","21","22","22","22","22","12","11","12","11","11",NA,NA,"11","21","11",NA,"12","22","21","12","11","12","22","11",NA,"21","22","12",NA,"12","22","22","21","21","22","22","11","11","22","22","44","23","44","12","24","33","22","22","21","22","12","32","23","13","32","33","12","11","21","22","22","33","22","14","22","23","31","31","22","55","55","11","31","31","31","22","13","33","11","13","33","22","11","44","33","23","33","54","31","13","33","11","33","11","32","33","11","11","21","34","33","44",NA,"32","22","22","31","22","31","12","32","13","11","22","11","22","11","32","11","56","33","11","13","13","31","22","32","23","22","21","31","31","31",NA,"32","33","11","23","33","11","21","13",NA,"13","55","32","32","12","31","23","22","33","22","22","33","13","14","31","41","22","21","21","23","13","33","44","23","22","22","11"
"148","i036_G05_IDGW_S16_MID1_MID2_1118IA","22","21","22","22","21","11",NA,"22",NA,"22","11",NA,"22","21","22","21","12",NA,NA,"11",NA,NA,"11","21","11",NA,"22","12","22","11","11","22",NA,NA,NA,"12","22","21",NA,"21","24",NA,"21","11","22","21","11","11",NA,NA,"44","22","44","12",NA,"23",NA,"12","22","31","12","22","21",NA,"33","33","13","12","23","32",NA,NA,"22","44","21",NA,"21","33","22","55","33","11","11","11","21","22","21",NA,"21","32","33","23","11",NA,"13","23","33",NA,"43","31",NA,"12","11","22","33",NA,"11","12","22",NA,"32","44",NA,"32","22","21","31","12","31","32",NA,"13","11","23","13","12","13","23","21","65","33","11","13",NA,"13","11","33","31","21","31","33","23","22",NA,"23",NA,"33","33","33","12","12",NA,NA,NA,"25","33","32","21","13","33","25","21","24","21","23","33","41","33","41","23","11",NA,"23","33","33","44",NA,"21","22",NA
"149","i033_E12_IDGW_S8_HIGH_1118IC","22","11","22","21","12","12","12","22","22","11","21","21","22","22","22","21","21","11","22","11",NA,"11","22","22","21","12","21","12","22","12","11","11","22","21","11","11","11","21",NA,"22","43","21","12","21","32","11","21","21","22","32","44","21","33","11",NA,"23","22","42","21","22","11","23","31","21","33","33","33","11","22","33","31","63","32","44","11","21","31","23","33","33","53","22","23","31","22","23","22","33","11","12","33","23","13","34","32","23","31",NA,"33","13","32","11","32","11","14","22","31","21","22","32","23","41",NA,"43","23","22","23","22","31","32","33","11","11","11","11","12","32","22","11","55","31","22","11","33","11","22","32","21","22","33","23","21","33","33","33","12","12","33","22","32","13","31",NA,"13","25","23","13","12","11","23","22","22","44","21","13","13","41","33","44","22","31","22","22","13","21","14","12","23","22","11"
"150","i002_F04_IDGW_S14_LOW_1118IJ",NA,"11",NA,NA,"21",NA,NA,"22",NA,"12","12",NA,NA,NA,NA,"11",NA,NA,NA,"21",NA,NA,"21",NA,"12",NA,"21","21","22","21",NA,"21",NA,NA,NA,NA,"12","21",NA,"22",NA,NA,NA,NA,NA,"22","12",NA,NA,NA,"24","23",NA,NA,NA,"22",NA,"14","22","12","11","23",NA,NA,"23",NA,"13","11",NA,NA,NA,NA,NA,"34",NA,NA,"11",NA,"31","33",NA,"22",NA,"31","22","22","22",NA,"11","21",NA,NA,"11",NA,"11","22","33",NA,NA,"12",NA,"11",NA,"21","12",NA,"11","12",NA,NA,"33","44",NA,"43","22",NA,"33","21",NA,"22",NA,NA,"11","11","11",NA,"13","23",NA,"35","33",NA,"11",NA,NA,"12","32",NA,NA,"33","32","12",NA,NA,"23",NA,NA,"33","33","12","21",NA,NA,NA,"55","32","32","21","23","23","35","34",NA,"23",NA,"33",NA,"11","11",NA,NA,NA,"32","31",NA,NA,NA,"21",NA,NA
"151","i028_E07_IDGW_S5_MID2_1118J9","11","22","22","22","22","11","22","22","21","22","11","21","22","11","22","11","22","22","22","11",NA,"11","11","22","22","22","11","22","11","22","22","22","11","11",NA,"22","12","11","21","22","32",NA,"11","22","11","22","11","11","11","22","44","12","34","12",NA,"23","32","33","22","22","12","22","22","11","21","32","11","11","22","31","33","23","22","33","11","12","22","33","22","12","33","11","11","23","11","22","33","33","33","33","22","32","32","44","11","22","13","43","44","11","22","22","32","11","11","21","22","11","11","13","32","31","33","44","33","12","11","22","33","22","33","11","12","11","33","44","11","33","31","33","13","21","21","22","11","11","13","32","22","33","22","22","22","41","22","22","11","33","33","22","33","11",NA,"11","11","24","22","11","33","22","44","11","32","22","22","44","33","11","22","12","33","22","22","33",NA,"24","22","33","11","11"
"152","i033_F12_IDGW_S8_HIGH_1118JC","11","22","22","11","22","12","22","22","12","22","11","22","22","11","22","11","22","22","22","11",NA,"11","11","22","21","22","22","22","11","22","12","22","11","11",NA,"22","22","11","11","22","32","11","22","22","11","22","11","11","11","22","44","12","43","22","24","22","32","33","22","22","21","12","22","11","12","23","21","11","22","11","13","66","22","33","31","11","22","13","22","32","53","11","11","32","11","22","33","33","33","33","22","33","21","44","11","23","31",NA,"41","11","22","22","33","11","41","22","22","21","11","31","32","44",NA,"42","33","12","33","22","32","32","33","11","11","11","33","44","11","33","11","53","31","12","12","32","21","11","33","31","21","33","22","22","22","44","22","22","11","33","33","22","31","11",NA,NA,"31","34","22","11","33","22","43","13","23","12","22","44","33","11","44","21","22","24","22","33","12","42","21","33","12","11"
"153","i036_G02_IDGW_S16_MID1_MID2_1118K1","12","12","11","22","21","12","21","12","21","21","11",NA,"22","11","12","12","11","11",NA,"11",NA,"22","11","21","21","22","12","11","12","21","22","22","11","12","21","12","12","22",NA,"12","44",NA,NA,"11","23","22","11","21","22","22","44","22","23","22",NA,"23","12","31","22","11","11","31","32","22","22","43","33","31","22","33","11","36","31","21","33","22","22","13","23","33","51","32","31","22","22","22","12","33","31","12","21","22","13",NA,"11","12","12","15","13","21","22","11","32","22","32","23","11","21","33","34","33","54",NA,"23","22","21","23","33","12","21","42","33","11","22","13",NA,"23","22","32","13","33","23","32","13","31","32","23","11","32","21","13","31","32","34","11",NA,"13","33","23","21","31","21",NA,NA,"15","34","33","13","11","33","33","33","44","12","22","11","34","11","22","33","22","32","32","11","21","24","23","33","32","12"
"154","i037_D08_IDGW_S17_MID2_HIGH_1118K6","22","11","22","12","12","12","21","22","22","11","12","12","22","22","22","12","21","11","22","11","11","11","22","22","12","12","12","21","22","21","11","11","22","21","11","11","11","12","12","22","34","21","21","12","23","11","21","12","22","23","44","12","33","11","12","23","22","24","12","22","11","23","13","21","33","33","33","11","22","33","13","36","23","44","11","21","31","32","33","33","35","22","32","13","22","23","22","33","11","12","33","23","13","43","32","32","31","14","33","13","32","11","23","11","14","22","13","12","22","32","23","14","15","43","23","22","23","22","13","32","33","11","11","11","11","21","23","22","11","55","13","22","11","33","11","22","23","12","22","33","32","21","33","33","33","21","21","33","22","23","13","31",NA,"13","52","23","31","12","11","23","22","22","44","12","13","31","41","33","44","22","13","22","22","13","12","14","12","23","22","11"
"155","i002_A05_IDGW_S14_LOW_1118K8","22",NA,NA,NA,"12",NA,NA,"22",NA,"12","22",NA,"22",NA,"21",NA,NA,NA,NA,"21",NA,NA,"21",NA,"11",NA,"11",NA,"22","21",NA,"21",NA,NA,NA,"21","11","11",NA,"21",NA,NA,NA,"12","11","11","21",NA,NA,NA,"34","12",NA,NA,NA,"32",NA,"23","12","11","21","33",NA,NA,"22",NA,"33","21",NA,NA,NA,NA,NA,"22",NA,NA,"12",NA,"32","31",NA,"21",NA,"32","21","22","12",NA,NA,NA,"23",NA,"21",NA,"11","25","33",NA,NA,"12",NA,"21",NA,NA,"23",NA,NA,"11","22",NA,"23","22",NA,"34","32","21","13",NA,NA,"22",NA,NA,"11","13","12",NA,"22","23","13","51","31","32","22",NA,"13","32",NA,"11",NA,"12","23","13",NA,NA,"13",NA,NA,"33","22","22","11",NA,NA,NA,NA,"23","32","12","11","33","45","34",NA,"22",NA,"31",NA,"23","21",NA,NA,NA,"32",NA,NA,NA,NA,"23",NA,NA
"156","i028_G08_IDGW_S5_MID2_1118KG","21","11","12","22","21","12","22","11","12","21","22","21","22","12","21","11","22","12","11","11",NA,"12","12","21","11","12","11","21","12","11","11","22","11","22","21","12","11","11","21","21","43","21","12","21","22","12","12","22","12","31","14","32","44","12","12","32","22","33","12","11","21","33","32","21","23","43","33","11","22","44","11","33","11","44","11","11","21","31","23","11","55","12","13","32","21","22","21","23","11","11","22","41","12","23","21","32","33","55","11","21","13","31","33","12","12","32","13","31","21","44","33","22","11","33","23","22","13","32","12","31","44","11","12","13","12","42","22","32","13","51","31","22","21","32","31","32","33","21","32","12","22","33","33","43","31","32","21","33","22","22","11","11",NA,"31","22","32","33","11","13","33","55","44","31","22","22","15","14","23","11","13","11","24","33","13","12","41","31","22","12","12"
"157","i002_F05_IDGW_S14_LOW_1118KT","12",NA,NA,NA,"11",NA,NA,"12",NA,"11","11",NA,NA,NA,"12","11",NA,NA,NA,"11",NA,NA,"11",NA,NA,NA,"11","11",NA,"11",NA,"22",NA,"11",NA,NA,"12","12",NA,"22",NA,NA,NA,"11",NA,"22","11",NA,"22",NA,NA,"12",NA,NA,NA,"23",NA,"33","22","12","11","32",NA,NA,"32",NA,"23","11",NA,"23",NA,NA,NA,"31",NA,NA,"11",NA,"22","33","45","31",NA,"22","12","23","11",NA,NA,"21",NA,NA,"21",NA,"21","25","21",NA,NA,"21",NA,"31","22","22","33",NA,NA,"13","22",NA,"33","52",NA,"24","22","11",NA,"22",NA,"31",NA,NA,"12","23","31",NA,"33","23",NA,"33","22","21","21",NA,"13","33","33",NA,"32","21","13","31",NA,NA,"11",NA,NA,"33","32","22","31",NA,NA,NA,NA,"34","33","13","11","33","33",NA,NA,"21",NA,"14",NA,"13","11",NA,NA,NA,"32","11",NA,NA,NA,"33",NA,NA
"158","i028_F08_IDGW_S5_MID2_1118KW","11","12","21","21","12","11","22","11","11","22","21","11","22","11","11","12","21","11",NA,"11",NA,NA,"12","12","12","22","11","12","12","12","12","11","22","21","11","21","22","22","11","21","22","12","21","12","31","12","12","22","22","22","12","11","44","21","34","23","22","13","22","23","11","21","23","22","33","33","33","31","12","55","21","32","23","41","31","21","23","32","22","31","54","11","21","32","22","23","33","31","11","12","23","22","11","31","31","51","32","54","41","31","12","22","33","11","44","23","11","23","23","43","33","44","12","34","22","21","31","22","21","22","33","21","11","11","13","44","22","23","32","65","13","23","13","32","11","23","32","21","33","32","13","32","33","43","32","23","22","31","11","11","11","23",NA,"11","22","24","33","22","31","33","54","12","42","22","21","44","44","13","11","31","21","34","21","31","21","22","23","21","22","12"
"159","i028_E09_IDGW_S5_MID2_1118LV","11","12","12","22","22","21","12","11","21","12","22","22","12","22","12","12","11","21","21","11",NA,"21","11","11","12","11","12","12","21","21","11","21","21","11",NA,"11","21","11",NA,"22","24","21","22","21","22","22","12","11","22","32","44","22","43","12","11","32","21","33","11","21","22","23","22","21","22","13","33","11","22","32","32","33","12","44","11","31","32","12","23","31","35","22","31","32","11","31","11","11","11","23","33","23","33","13","21","32","33",NA,"13","11","32","22","11","21","22","22","23","11","21","34","22","41","41","34","23","22","32","32","11","22","32","31","11","13","11","24","22","32","21","56","13","11","33","23","33","23","23","11","21","12","31","33","21","33","23","33","32","33","32","22","23","33",NA,"23","25","33","33","33","11","32","52","33","42","21","33","11","14","13","14","22","21","42","23","13","32","42","21","32","22","11"
"160","i028_F09_IDGW_S5_MID2_1118LY","22","12","22","22","22","21","22","22","22","21","22","12","22","21","22","22","21","12","12","11","22","11","12","21","11","12","22","12","12","11","11","21","22","11","12","11","12","11","11","22","24","22","12","11","22","12","11","21","12","33","44","22","44","32","21","23","22","33","22","12","11","31","23","31","32","43","33","11","12","12","12","63","22","44","11","11","23","23","23","53","33","22","31","33","22","32","21","33","11","21","23","32","33","23","23","33","31","15","13","31","33","12","13","11","21","32","21","12","12","44","33","44","51","44","32","21","33","12","11","22","22","11","11","21","11","42","11","32","22","35","13","22","13","23","33","32","23","12","12","23","31","21","33","33","32","12","21","23","32","12","32","33",NA,"23","25","41","11","12","31","33","25","33","22","21","31","31","41","23","14","22","12","42","22","13","32","24","12","23","22","11"
"161","i036_E02_IDGW_S16_MID1_MID2_1118M3","12","11","22",NA,"22","22","22","22","22","21","12",NA,"22","22","22","11","11","11",NA,"11",NA,NA,"12","21","11",NA,"21","11","22","11","11","12","22","21",NA,"11","11","22",NA,"22","43",NA,NA,"21","22","12","22","21","22","22","44","12","34","13",NA,"22","12","23","11","23","21","32","21",NA,"33","32","23","11","12","13","23",NA,NA,"44","21","21","31","32","23","31","35","22","32","13","22","23","21","33","11","22","33","32","13",NA,"32","22","33",NA,"31","11","22","11","33","11","12",NA,"31","21","22",NA,"32","41",NA,"43","22","21","33","22","31","23",NA,"13","11","11","11","22","32","22","21","35","33","21","11",NA,"31","12","32","32","22","23","12","31","33",NA,"32",NA,"21","23","22","32","13",NA,NA,NA,"25","13","31","12","13","33","52","32","42","12","13","31","44","33","14","23","11",NA,"22","33",NA,NA,"21","23","22",NA
"162","i028_H08_IDGW_S5_MID2_1118M9","12","11","22","12","22","11","12","21","21","22","22","22","22","22","12","12","11","11","22","21",NA,"11","11","11","12","21","12","12","21","22","11","22","22","11","22","12","22","22","12","12","43","21","22","11","21","22","11","11","22","33","41","13","33","11","11","21","21","32","11","22","12","24","22","12","22","41","33","21","12","32","23","26","11","44","21","31","12","23","23","15","35","21","13","21","21","23","22","13","11","23","33","33","31","12","31","23","33","54","13","12","32","21","32","21","22","22","23","11","23","33","23","42","53","34","23","22","23","22","11","22","22","11","11","11","11","22","33","33","31","55","31","21","13","33","31","11","31","12","22","23","33","32","31","33","22","21","32","33","33","12","11","31",NA,"33","25","31","32","33","12","23","53","33","22","12","33","31","41","31","41","23","11","12","33","33","33","24","11","13","32","11"
"163","i037_H08_IDGW_S17_MID2_HIGH_1118MD","21","11","22","22","21","12","22","11","22","12","22","12","22","21","22","12","22","21","11","21",NA,"21","11","22","11","21","11","21","12","11","22","22","11","22","12","11","21","12","21","11","34","22","22","21","21","11","22","21","12","13","14","32","44","21","41","32","22","33","22","21","12","33","32","21","32","33","33","21","13","52","23","33","11","44","31","11","21","13","32","11","55","12","11","32","22","22","11","23","11","11","22","22","11","22","11","32","33","44","13","11","13","12","33","22","21","32","21","11","22","44","33","22","14","32","32","12","31","23","12","31","44","31","21","31","31","44","22","32","31","53","13","23","22","32","31","32","33","31","32","12","22","33","33","13","31","22","21","33","22","22","11","11",NA,"13","21","23","33","21","31","33","55","44","24","22","22","15","14","32","11","33","11","12","32","33","21","14","13","23","21","21"
"164","i040_B02_ScatOpt4_1119C","21","22",NA,NA,"12","11","22","12","21","22","22","21","22",NA,"12","11",NA,"12",NA,"11",NA,NA,"11",NA,"12",NA,"22","11","21","11","22","12","11","21",NA,"21","11","22",NA,"12","22",NA,"11","12","22","21","12",NA,"11","23","42","12","43",NA,NA,"22",NA,"23",NA,"21","22","33","32",NA,"23","33","33","11",NA,"54","31","36","21","24","31","21","21","32","22","11","45","11",NA,"33","22","22","21",NA,"11","11",NA,"21","12",NA,"11","35","32","54","31","11","31","11",NA,"12","11","33","22","11","12","33","33","44","34","32","23",NA,NA,"32","12","11","34",NA,"12","31","21","42","23","23","21","53","12","13","22","31","31","11","32","23","22","12","23","12","23","43","33",NA,"11","33","33","23","13",NA,"13","33","52","42","23","12","11","33","35","34",NA,"23","23","13",NA,"32","12","33","11","22","22","33",NA,NA,NA,"31","12","11"
"165","i031_F02_IDGW_S6_HIGH_111AI","22","21","22","11","12","21","12","12","11","12","22","11","22","11","21","12","22","21","12","12","12","11","11","21","21","12","11","12","22","12","21","21","11","21","12","12","11","22","12","22","22","11","12","11","23","22","11","22","22","33","42","11","24","22","11","32","33","32","22","31","21","23","23","22","13","43","33","11","22","33","31","63","23","21","33","22","22","21","22","13","44","21","11","22","22","32","32","11","12","32","31","24","31","24","11","13","33","34","43","11","21","11","32","11","21","32","21","11","22","44","23","24","31","23","32","22","22","32","11","11","44","21","12","21","11","44","22","32","31","55","31","33","22","22","21","23","32","13","42","22","11","22","11","32","32","22","13","23","33","22","21","12",NA,NA,"45","34","33","22","11","33","43","44","22","22","32","11","44","31","11","33","12","21","12","33","21","43","33","12","22","12"
"166","i037_H03_IDGW_S17_MID2_HIGH_111B7N","22","11","22","22","22","12","22","22","22","12","21","22","22","22","22","21","11","11","12","11","12","11","11","12","21","11","11","22","22","12","11","12","21","11","12","21","12","21","11","22","23","22","12","21","22","12","12","21","12","12","44","32","43","12","21","23","22","32","11","21","22","32","22","12","33","33","13","11","21","21","21","63","22","44","11","22","13","31","32","33","52","22","32","12","31","22","11","33","11","33","33","33","22","42","11","23","33","55","11","13","23","11","33","11","31","21","12","21","21","42","33","12","31","44","33","12","23","22","13","32","23","11","11","11","11","22","13","23","21","56","13","12","11","32","13","22","13","11","21","31","23","31","32","33","33","33","23","23","32","21","11","33",NA,"23","25","23","33","31","21","33","55","33","22","13","13","13","14","13","44","22","21","41","23","33","33","14","12","22","22","11"
"167","i037_F08_IDGW_S17_MID2_HIGH_111B81","12","22","22","22","12","21","22","21","12","12","11","22","22","11","21","22","12","22","11","21","22","11","11","22","22","21","11","11","12","11","12","11","11","21","22","22","21","22","22","22","44","22","22","21","11","11","11","12","22","23","44","13","44","12","11","23","32","33","21","32","21","23","22","22","23","33","13","31","22","43","31","36","22","22","23","22","22","22","22","33","33","11","21","22","21","23","21","41","11","22","22","23","11","24","21","55","33","45","24","12","22","12","32","11","41","32","12","32","23","43","32","44","11","33","22","13","31","22","11","32","34","13","21","13","21","24","23","13","31","25","11","32","21","22","11","11","33","12","22","21","12","32","31","34","33","32","21","33","22","12","22","31",NA,"13","25","33","23","21","24","22","55","44","22","22","22","11","43","23","14","22","22","22","23","22","33","44","13","11","31","22"
"168","i036_D04_IDGW_S16_MID1_MID2_111B84","21","22","22","22","21","21","22","12","12","12","11",NA,"22","11","21","22","12","22",NA,"12",NA,NA,"11","22","22",NA,"11","11","12","11","12","11","11","21",NA,"22","21","22",NA,"22","44",NA,"22","12","11","11","11","12","22","32","44","31","44","21",NA,"23","23","33","12","23","21","32","22","22","32","33","31","13","22","34","31",NA,"22","22","23","22","22","22","22","33","33","11","21","22","12","23","21",NA,"11","22","22","32","11","24","12","55","33",NA,"42","21","22","12","32","11","41","32","12","32","32",NA,"32","44",NA,"33","22","31","31","22","11","32",NA,"13","12","13","12","42","32","31","31","25","11","23","12",NA,"11","11","33","21","22","12","12","23","31","34","33","23","12","33","22","12","22","13",NA,NA,"52","33","32","12","24","22","55","44","22","22","22","11","34","23","41","22","22","22","23","22","33",NA,"13","11","31","22"
"169","i028_A10_IDGW_S5_MID2_111B85","21","22","22","22","21","12","22","21","12","12","11","22","22","11","21","22","12","22","11","21",NA,"11","11","22","22","12","11","11","12","11","21","11","11","21","22","22","21","22","22","22","44","22","22","12","11","11","11","21","22","32","44","31","44","12","11","23","23","33","21","23","21","23","22","22","23","33","31","13","22","34","31","63","22","22","32","22","22","22","22","33","33","11","12","22","12","32","12","41","11","22","22","23","11","24","12","55","33","54","42","12","22","21","23","11","41","32","21","32","23","43","23","44","11","33","22","13","13","22","11","32","34","13","21","31","21","24","32","13","13","52","11","32","12","22","11","11","33","21","22","12","21","32","31","34","33","32","12","33","22","21","22","13",NA,"31","52","33","32","21","24","22","55","44","22","22","22","11","34","23","14","22","22","22","23","22","33","44","13","11","13","22"
"170","i028_B09_IDGW_S5_MID2_111B8Q","11","11","11","22","12","21","22","21","22","11","12","11","22","12","11","11","12","11","12","21","11","21","12","22","12","22","12","12","22","21","22","21","11","11","11","11","11","22","22","21","24","22","22","12","22","22","22","22","12","32","23","11","44","31","14","33","22","12","21","21","11","21","33","22","33","33","33","21","12","53","11","66","11","43","13","11","21","33","33","33","55","22","12","22","22","22","31","31","11","32","32","22","13","44","12","52","23","55","13","11","21","12","33","11","24","32","21","13","12","33","33","42","13","43","22","21","32","22","21","22","33","22","11","22","31","44","13","22","33","25","11","23","22","21","23","21","33","32","22","22","33","22","33","44","11","33","11","23","31","12","11","11",NA,"11","42","43","33","23","13","33","34","24","42","22","31","14","44","23","22","34","23","22","22","33","21","22","33","12","11","21"
"171","i036_E03_IDGW_S16_MID1_MID2_111B9X","11","11","11","22","21","21","22","12",NA,"11","21","11","22","12","11","11","21","11","12","21","11","12","21","22","12","22","12","21","22","21","22","21","11","11","11","11","11","22","22","21","24",NA,"22","21","22","22","22","22","12","32","23","11","44","13","14","33","22","12","21","21","11","21","33","22","33","33","33","21","21","35","11","66","11","34","31","11","12","33","33","33","55","22","12","22","22","22","13","13","11","32","32","22","31",NA,"21","25","32","55","13","11","12","12","33","11","42","32","21","31","12","33","33","24","13","34","22","12","23","22","12","22","33","22","11","22","31","44","31","22","33","52","11","32","22",NA,"32","12","33","32","22","22","33","22","33","44","11","33","11","32","31","12","11","11",NA,NA,"42","43","33","23","13","33","43","24","42","22","31","14","44","32","22","34","32","22","22","33","12","22","33","12","11","12"
"172","i037_E08_IDGW_S17_MID2_HIGH_111BA8","21","11","22","22","22","11","22","11","12","11","22","12","22","21","12","21","22","12","11","11","11","12","12","11","11","12","11","12","12","11","21","22","21","12","11","21","11","22","11","11","43","22","11","21","12","11","11","12","12","23","41","32","44","12","12","32","22","23","11","11","12","33","23","21","33","43","33","11","23","54","31","33","11","24","13","11","21","33","13","11","55","21","31","32","21","22","21","31","22","11","22","22","11","22","11","35","33","55","11","21","12","13","33","12","23","22","33","13","22","44","33","22","11","33","32","21","13","22","11","23","24","31","12","33","32","42","22","22","23","61","31","23","22","33","13","12","33","23","23","12","23","13","32","13","31","22","12","33","32","21","11","11",NA,"13","22","23","33","21","13","33","55","43","32","22","33","31","34","23","11","13","11","42","33","31","12","24","32","31","22","11"
"173","i028_D09_IDGW_S5_MID2_111BG4","12","22","22","11","12","22","11","22","12","12","12","11","12","21","21","22","12","22","22","11",NA,"22","11","21","21","21","22","22","22","21","11","21","22","11","12","21","21","22","11","21","42","12","12","21","32","22","21","21","22","32","44","21","24","22","24","32","13","31","22","31","22","22","32","12","22","33","33","11","22","33","11","31","22","42","13","22","32","32","32","51","31","12","11","33","21","32","33","31","11","11","31","34","11","42","21","11","13","54","33","11","31","11","23","21","22","22","21","12","32","23","32","44","53","24","32","12","32","12","12","22","43","12","22","12","13","22","21","23","13","52","11","32","31","31","21","22","23","11","22","12","13","13","12","32","21","12","22","32","13","12","22","13",NA,"11","55","34","23","21","11","23","23","42","42","22","32","13","44","11","11","33","12","22","22","33","13","44","33","11","22","12"
"174","i036_C02_IDGW_S16_MID1_MID2_111BG8","11","12","22",NA,NA,"22",NA,"12",NA,"21","12",NA,"11","21","21","22",NA,NA,NA,"21",NA,NA,"11",NA,NA,NA,"21","22","21","21","11","22",NA,"21",NA,"11","22",NA,NA,"12",NA,NA,NA,"21",NA,"22","12",NA,NA,NA,"44","11",NA,"22",NA,"22",NA,"13","21","12","12","22","23",NA,"23",NA,"33","12","22","33",NA,NA,NA,"44","11",NA,"32",NA,"31","11","35","22",NA,"32","21","32","32",NA,NA,"11","23","42","11",NA,"31","13","33",NA,"32","11","33",NA,"33","11","23",NA,NA,"11","22",NA,NA,"14",NA,"44","22","22","22","32","11","22",NA,"13","21","23","21",NA,"12","21","33","25","31","33","31",NA,"23","32","22",NA,"22","11","23","31",NA,NA,"12",NA,NA,"32","33","32","21",NA,NA,NA,"52","34","21","11","14","33","35","32",NA,"23",NA,"33","44","21","11",NA,"12",NA,"21","33",NA,NA,NA,"31","22",NA
"175","i037_E05_IDGW_S17_MID2_HIGH_111BGO","21","11","12","21","12","21","22","11","21","11","12","21","21","11","11","11","12","12","11","22","21","22","11","12","21","22","22","22","22","11","11","11","21","11","21","21","12","22","11","21","23","11","22","12","23","22","21","21","22","22","11","33","44","12","44","32","22","11","21","31","11","33","22","21","12","33","13","11","12","43","13","63","11","44","11","21","21","23","32","11","53","21","21","32","22","32","33","11","11","12","22","32","11","44","21","32","33","34","33","11","31","23","31","21","13","33","21","32","21","44","33","44","13","23","22","22","31","22","21","21","34","33","11","21","31","12","22","32","23","56","31","21","21","33","31","22","12","12","23","22","31","32","23","34","33","14","32","33","31","13","21","32",NA,"23","15","43","23","12","13","33","55","21","42","21","21","11","44","33","11","14","23","41","21","12","23","42","21","21","31","12"
"176","i002_G09_IDGW_S14_LOW_111BGP","12",NA,NA,NA,NA,NA,NA,"21",NA,"22","22",NA,"22",NA,NA,"22",NA,NA,NA,"11",NA,NA,NA,NA,"21",NA,"11","12","12","22",NA,"22",NA,NA,NA,"11","12","22",NA,"21",NA,NA,NA,"11",NA,"12",NA,NA,NA,NA,NA,NA,NA,NA,NA,NA,NA,"32","21","22","11","42","22",NA,"22",NA,"23","12",NA,NA,NA,NA,NA,"44",NA,NA,NA,NA,"22","11",NA,"12",NA,"31","22","22","22",NA,NA,"22",NA,NA,"33",NA,"23","33","33",NA,NA,"11",NA,"21",NA,"21","12",NA,NA,"11","32",NA,"22","21",NA,NA,"33","12","32",NA,"31","23",NA,NA,"11","11","11",NA,"33","32","31","55","33","11","31",NA,"31","11",NA,NA,NA,"23","31","32",NA,NA,"22",NA,NA,"33","33","21","12",NA,NA,NA,"55",NA,"13","32","31","33","52","34",NA,"11",NA,"13",NA,"31","14",NA,NA,NA,"33","33",NA,NA,NA,"32",NA,NA
"177","i037_G08_IDGW_S17_MID2_HIGH_111BGS","11","21","21","21","21","11","22","11","11","22","21","11","22","11","11","21","21","11","11","11","12","11","12","21","12","22","11","12","21","21","21","11","22","12","11","21","22","22","11","21","22","21","12","21","13","21","12","22","22","22","12","11","44","12","43","32","22","31","22","23","11","21","32","22","33","33","33","13","21","55","12","23","23","14","31","21","23","32","22","13","45","11","21","32","22","23","33","31","11","12","23","22","11","13","31","15","23","54","41","13","21","22","33","11","44","23","11","32","23","43","33","44","21","43","22","21","31","22","12","22","33","21","11","11","31","44","22","32","23","56","13","23","31","23","11","23","23","21","33","23","13","23","33","34","32","32","22","31","11","11","11","23",NA,"11","22","42","33","22","13","33","45","12","24","22","12","44","44","31","11","31","12","43","21","13","12","22","32","21","22","12"
"178","i028_C09_IDGW_S5_MID2_111BH1","11","11","12","22","21","21","21","11","12","12","22","21","21","11","22","11","22","11","12","12",NA,"11","11","21","21","12","12","11","21","11","11","21","21","12","21","11","21",NA,"21","11","22","21","22","22","22","22","11","11","21","32","21","31","33","21","41","33","11","33","22","22","12","42","32","32","23","23","31","11","22","33","11","23","11","44","11","12","12","33","22","51","24","22","11","21","22","22","21","12","11","21","32","22","11","42","12","35","21","55","31","12","32","21","13","12","23","32","21","11","22","43","32","42","11","43","23","22","23","32","32","31","34","22","11","23","13","44","13","22","21","65","11","23","23","13","13","11","22","32","22","21","13","12","23","33","11","22","12","33","21","12","13","12",NA,"21","22","24","23","32","22","32","45","44","21","32","12","34","44","33","41","34","12","23","22","33","33","42","21","31","22","12"
"179","i036_H03_IDGW_S16_MID1_MID2_111BH6","11","11","12","22","12","12","12","11","21","12","22","12","21","11","22","11","22","11","21","21",NA,"11","11","12","12","12","12","11","12","11","11","12","12","21",NA,"11","12","12","12","11","22","21","22","22","22","22","11","11","21","23","21","13","33","12","41","33","11","33","22","22","21","42","32","32","23","23","13","11","22","33","11","32","11","44","11","21","21","33","22","51","24","22","11","21","22","22","21","12","11","21","32","22","11","42","12","35","12","55","31","12","23","21","13","12","32","32","21","11","22","43","32","24","11","43","23","22","32","23","32","31","34","22","11","23","13","44","13","22","21","56","11","32","32","31","13","11","22","23","22","12","13","21","32","33","11","22","12","33","21","21","31","21",NA,"12","22","24","23","23","22","32","54","44","21","23","21","34","44","33","41","34","21","32","22","33","33","24","21","31","22","21"
"180","i037_G02_IDGW_S17_MID2_HIGH_111BH7","22","11","22","11","22","11","22","22","12","11","22","21","11","22","11","11","21","12","22","21",NA,"21","22","22","22","22","12","22","12","12","22","21","12","21",NA,"22","21","11",NA,"21","33",NA,NA,"11","21","22","21","12","22","32","44","21","34","13",NA,"32","22","33","11","32","21","22","33","22","23","44","32","12","23","23","13","13","22","44","13","22","21","33","33","13","31","12","33","23","11","12","11","31","11","31","33","22","11","41","13","53","31","55","32","22","22","32","33","11","42","23","12","11","33","43","33","45",NA,"32","22","12","33","23","31","23","42","11","21","31","13","44","12","22","32","55","11","22","22","13","11","22","33","13","22","23","13","31","32",NA,"21","23","11","33","32","21","11","11",NA,NA,"42","33","31","32","13","33","55","34","22","32","22","34","44","23","14","34","21","22","32","33","33",NA,"23","13","12","12"
"181","i037_D04_IDGW_S17_MID2_HIGH_111BH8","22","11","22","11","22","11","22","22","12","11","22","21","11","22","11","11","12","21","22","21","22","21","22","22","22","22","12","22","12","12","22","21","12","12","12","22","12","11","12","12","33","12","11","11","21","22","21","12","22","32","44","21","34","13","41","23","22","33","11","32","21","22","33","22","32","44","32","12","23","32","13","13","22","44","13","22","12","33","33","13","31","21","33","32","11","21","11","31","11","13","33","22","11","41","13","53","13","55","23","22","22","32","33","11","42","23","12","11","33","43","33","54","13","23","22","12","33","23","31","32","42","11","21","31","13","44","12","22","32","55","11","22","22","31","11","22","33","31","22","32","13","13","32","32","21","32","11","33","32","12","11","11",NA,"11","24","33","31","23","13","33","55","34","22","23","22","43","44","32","41","34","12","22","23","33","33","43","23","13","12","12"
"182","i028_E03_IDGW_S5_MID2_111BHA","22","11","22","11","22","11","22","22","21","11","22","12","11","22","11","11","21","12","22","12","22","12","22","22","22","22","12","22","21","21","22","12","21","12","21","22","21","11","21","12","33","12","11","11","21","22","21","12","22","32","44","12","43","31","41","23","22","33","11","32","21","22","33","22","32","44","32","21","32","32","13","31","22","44","13","22","12","33","33","31","31","12","33","32","11","12","11","31","11","13","33","22","11","14","31","35","31","55","32","22","22","32","33","11","24","23","21","11","33","43","33","54","13","32","22","21","33","32","13","32","42","11","12","31","31","44","21","22","32","55","11","22","22","31","11","22","33","31","22","32","13","31","32","32","12","32","11","33","23","21","11","11",NA,NA,"24","33","13","23","31","33","55","34","22","32","22","34","44","23","14","34","12","22","23","33","33","34","32","13","12","21"
"183","i037_C04_IDGW_S17_MID2_HIGH_111BHB","12","21","22","21","12","12","22","22","11","22","11","22","22","11","11","22","11","12","21","11",NA,"11","21","22","12","21","12","11","22","12","21","22","21","21","11","11","22","11","11","11","22","12","22","11","23","11","22","22","22","21","44","31","13","33","13","32","22","31","12","32","11","42","22","21","33","43","33","13","22","23","23","66","32","44","32","22","23","22","23","13","35","21","11","12","21","22","11","13","11","32","22","34","12","24","31","22","33","14","33","23","21","21","22","21","24","32","11","11","21","33","23","42","14","33","32","12","33","23","11","22","42","33","12","21","31","42","33","22","33","55","11","32","21","12","11","22","23","11","44","21","23","32","33","33","21","32","12","23","32","21","11","31",NA,"33","52","32","23","13","41","33","22","22","22","22","31","33","44","33","44","32","13","22","22","23","33","14","31","11","22","12"
"184","i036_C05_IDGW_S16_MID1_MID2_111BHL","21","11","21","22","22","22","12","12","12","11","12","12","22","21","22","21","11","11","21","22","11","11","21","21","11","22","12","12","22","12","21","21","11","11","11","11","21","12","11","22","22","21",NA,"21","22","11","21","11","21","22","11","33","44","11","13","22","22","13","11","22","11","22","23","21","23","41","33","12","23","35","11","33","12","44","11","33","23","23","32","53","51","11","21","23","21","23","23","33","21","31","32","33","31","41","21","13","13","41","43","21","32","12","22","11","31","22","11","12","32","33","22","12","14","23","22","22","33","23","12","12","33","13","11","12","13","24","13","12","32","53","13","21","32","33","33","31","32","21","23","12","33","13","21","34","33","23","11","33","33","22","31","32",NA,"23","22","33","33","33","23","23","52","43","21","23","13","33","13","33","24","23","31","21","33","33","23","14","12","21","21","22"
"185","i037_A03_IDGW_S17_MID2_HIGH_111BHU","22","21","22","11","11","12","22","22","22","22","21","22","22","21","12","22","11","11","11","12","12","22","11","12","22","22","11","22","22","22","11","12","21","11","11","21","22","22","21","21","41","22","22","11","23","22","12","12","22","12","41","31","43","23","21","23","31","13","12","31","11","21","32","12","12","14","11","21","22","55","31","62","21","44","22","22","13","22","23","11","52","21","11","32","23","22","32","13","12","11","12","24","12","44","33","32","13","51","33","12","22","12","23","11","34","23","22","22","32","33","33","42","21","33","12","22","13","23","21","21","33","11","12","12","11","21","22","22","22","55","33","23","13","31","31","23","31","23","22","12","23","32","33","33","12","33","11","12","33","22","11","31",NA,"11","22","32","22","11","22","22","55","41","12","22","22","33","41","33","12","32","21","22","33","13","21","11","11","23","22","21"
"186","i028_H01_IDGW_S5_MID2_111BHV","22","21","22","11","11","21","22","22","22","22","12","22","22","21","12","22","11","11","11","21",NA,"22","11","21","22","22","11","22","22","22","11","12","12","11","11","21","22","22","12","21","14","22","22","11","23","22","12","21","22","21","41","31","34","32","21","32","13","13","12","31","11","21","32","12","12","41","11","21","22","55","31","26","21","44","22","22","13","22","32","11","52","12","11","23","23","22","23","13","12","11","12","24","12","44","33","32","31",NA,"33","21","22","12","23","11","43","32","22","22","23","33","33","24",NA,"33","21","22","13","32","12","12","33","11","21","12","11","21","22","22","22","55","33","23","13","13","31","23","13","32","22","12","32","23","33","33","21","33","11","12","33","22","11","13",NA,"11","22","23","22","11","22","22","55","41","21","22","22","33","41","33","12","23","21","22","33","13","11","11","11","32","22","21"
"187","i036_D02_IDGW_S16_MID1_MID2_111BI5","21","11",NA,NA,"22","22",NA,"21",NA,NA,"12",NA,"22","12","22","12",NA,NA,NA,"22",NA,NA,"12",NA,"11",NA,"12","21","22","21","12","12",NA,"11",NA,"11","21",NA,NA,"22","22",NA,NA,"12",NA,"11","12",NA,"21","22",NA,"33","44","11",NA,"22",NA,"13","11","22","11","22","23",NA,"23",NA,"33","12","23","35","11",NA,"12","44",NA,NA,"23",NA,"32","53","51","11","21","23","21","32","23",NA,"21","31",NA,"33","13",NA,"12","31","31",NA,"34","12","23","12",NA,"11","31",NA,"11","12","32",NA,"22","21",NA,"23","22","22","33","32","21","12",NA,"13","11","21","13",NA,"31","21","32","35","31","12","23",NA,"33","31","23","21",NA,"21","33","13",NA,NA,"33",NA,"11","33","33","22","31",NA,NA,NA,"22","33","33","33","32","23","25","34",NA,"23",NA,"33",NA,"33","42",NA,"13",NA,"33","33",NA,NA,NA,"21","12",NA
"188","i036_C04_IDGW_S16_MID1_MID2_111BI7","11","21","22","21","22","22","21","12","21","12","11","21","12","12","21","22","21","22","22","12",NA,"22","11","21","21","12","12","22","22","11","12","22","12","21","11","22","12","12","11","21","44","21","12","22","23","22","12","22","21","23","44","12","43","21","14","32","11","11","22","12","21","22","22","11","32","33","33","13","23","32","13","33","12","44","11","22","32","33","33","11","33","21","12","23","11","22","23","31","11","11","31","24","11","42","13","31","11","55","13","21","32","11","12","11","23","23","11","12","32","42","33","14","45","44","22","23","22","12","31","22","44","23","12","32","12","22","12","12","33","52","13","32","33","21","13","32","22","11","22","21","32","31","32","33","32","12","22","22","31","31","21","33",NA,"11","52","34","31","13","11","32","25","22","42","23","32","33","44","11","21","33","12","42","32","32","33","44","23","31","22","22"
"189","i037_E02_IDGW_S17_MID2_HIGH_111BIF","11","11","21","22","21","21","12","11","21","21","22","21","12","11","22","11","22","11","12","21","12","11","11","12","21","12","12","11","12","11","11","12","12","12","12","11","12","12","12","11","22","21","22","22","22","22","11","11","21","23","12","31","33","21","41","33","11","33","22","22","21","42","32","23","23","23","31","11","22","33","11","23","11","44","11","21","21","33","22","15","42","22","11","21","22","22","21","12","11","21","23","22","11","42","21","53","21","55","13","12","32","12","31","12","23","23","21","11","22","43","32","42","11","34","23","22","23","32","32","13","34","22","11","23","13","44","13","22","21","65","11","23","32","13","13","11","22","23","22","21","13","21","23","33","11","22","12","33","21","21","31","21",NA,"21","22","24","32","32","22","32","54","44","21","23","12","34","44","33","41","34","12","23","22","33","33","42","21","31","22","12"
"190","i037_F04_IDGW_S17_MID2_HIGH_111BIH","22","11","22","22","21","12","12","22","22","12","22",NA,"22","22","12","22","11","11",NA,"21",NA,"21","11","21","12",NA,"12","22","22","21","11","21","21","11",NA,"12","12","12",NA,"22","23",NA,"12","22","22","22","21","12","12","23","44","32","34","11",NA,"23","21","23","21","22","21","24","32","31","22","23","32","11","22",NA,"13","63","22","44","11","22","23","31","32","33","55","22","31","23","12","22","21","33","11","33","33","33","23","24","31","33","33",NA,"11","11","23","11","33","21","32","22","21","21","21",NA,"23","24",NA,"44","33","21","33","12","31","32","32","11","12","12","11","21","31","23","13","16","13","11","13","32","31","22","13","12","21","21","32","33","21",NA,"22","33","32","32","33","22","11","33",NA,"21","25","13","33","11","21","22","35","43","22","32","11","33","41","11","44","22","21","14","23","33",NA,"22",NA,"22","22","11"
"191","i031_G01_IDGW_S6_HIGH_111BM","22","12","22","11","11","11","22","21","21","11","22","11","22","21","22","12","21","12","21","12",NA,"11","11","12","12","11","12","11","22","22","12","21","11","12","22","11","21","22","12","22","22","11","22","11","23","22","11","21","22","32","24","21","42","22","21","33","33","31","22","23","12","22","32","12","23","33","31","12","12","32","33","66","13","14","23","32","12","23","32","33","43","21","11","32","12","32","33","31","11","13","33","34","11","24","31","12","33","54","13","11","13","21","22","11","21","22","12","12","22","24","23","44","35","33","22","22","23","21","31","13","34","31","12","21","11","24","23","22","23","55","33","31","12","21","12","22","33","23","22","12","13","22","31","33","22","12","23","32","23","22","11","21",NA,"33","54","31","32","32","21","32","45","44","22","22","32","13","14","13","11","33","11","22","22","33","13","34","33","32","22","11"
"192","i032_C05_IDGW_S7_HIGH_UI0435_111FR","22","11","22","12","11","21","11","22","22","22","22","11","12","22","21","11","11","21","21","21","11","21","11","21","21","11","22","11","22","21","11","21","22","11","11","11","22","21","22","21","44","21","22","21","32","22","11","11","12","32","14","22","43","13","21","21","22","24","21","32","11","22","23","11","33","44","13","21","32","43","12","66","21","34","23","33","21","11","12","35","35","21","13","33","12","22","31","33","11","11","33","32","11","44","33","22","11","45","13","21","23","11","33","11","33","11","13","21","22","22","33","44","15","33","22","22","31","21","12","22","33","31","11","11","11","12","13","32","12","56","13","11","31","11","11","12","33","11","22","13","33","32","22","33","22","33","12","22","33","22","22","13",NA,"13","52","11","22","33","23","32","33","33","22","22","12","33","14","31","44","22","23","22","22","31","31","44","31","23","22","11"
"193","i023_C07_IDGW_S1_MID1_UI0435_111FU","22","11","22","21","11","12","11","22","22","22","22",NA,"12","22","21","11","11","21","12","21",NA,"12","11","12","12","11","22","11","22","12","11","21","22","11","11","11","22","12","22","12","44",NA,NA,"21","32","22","11","11","12","32","14","22","43","13","21","21","22","42","21","32","11","22","32","11","33","44","13","12","23",NA,"12","66","12","34","32","33","21","11","21","35","53","21","31","33","12","22","31","33","11","11","33","23","11","44","33","22","11","45","31","21","32","11","33","11","33","11","31","12","22","22","33","44",NA,"33","22","22","31","12","21","22","33","13","11","11","11","12","31","32","12","56","13","11","31","11","11","21","33","11","22","13","33","23","22","33","22","33","21","22","33","22","22","31","11",NA,"52","11","22",NA,"32","23","53","33","22","22","12","33","14","13","44","22","23","22","22","13","31","44","31","32","22","11"
"194","i023_B02_IDGW_S1_MID1_111G7","22","11","22","21","11","12",NA,"22","22","21","12","11","22","22","21","11",NA,NA,NA,"11",NA,NA,"11",NA,"22",NA,"22","12","22","11","11","22","22","11",NA,"11","22","22",NA,"12","24",NA,"22","11","32","12","11","11","21","23","41","22","34","31","12","12","22","23","12","32","11","22","23","21","32","43","13","21",NA,"42","12","63","22","14","22","23","12","13","31","35","31","12","11","32","12","22","31","31","11","11","33","23","11","14","13","22","31","53","34","32","12","11","13","11","33","11","13","11","32","23","23","44","45","33","32","22","33","11","22","22","33",NA,"11","11","11","22","21","22","22","55","31","11","11","13","11","31","23","31","22","31","33","23","21",NA,"22",NA,"11","22","33","22","21",NA,"11","33","55","11","23",NA,"13","32","23","33","22","22","21","33","14","33","14",NA,"12","42","22","31",NA,"44","21","23","22","11"
"195","i031_H01_IDGW_S6_HIGH_111HJ","22","11","22","21","11","21","11","22","22","11","22","12","21","22","22","22","21","11","21","11","11","12","12","22","12","21","22","22","22","12","21","21","22","11","11","11","12","12","22","22","13","11","12","12","33","12","12","11","21","23","44","21","33","11","22","23","22","14","22","22","12","33","32","13","31","33","23","11","22","35","21","66","32","44","12","32","11","31","31","35","55","12","13","33","21","33","21","33","11","31","33","33","31","24","23","32","11","54","32","31","32","11","32","11","42","23","32","11","22","23","32","42","55","33","23","23","32","21","21","22","43","11","12","12","11","11","23","22","21","56","13","12","11","33","11","22","33","31","32","32","13","23","13","33","23","13","21","33","23","22","13","31",NA,"12","21","21","32","31","11","23","22","24","24","22","32","13","14","13","44","22","31","22","22","12","12","14","11","13","22","11"
"196","i031_A04_IDGW_S6_HIGH_111HK","22","12","22","21","12","12","22","22","22","11","22","21","22","22","12","12","12","11","12","11",NA,"12","22","22","22","11","12","22","21","12","11","21","22","11","12","11","12","12","22","22","13","11","22","12","33","21","21","21","21","22","41","31","32","21","12","23","12","34","22","22","12","31","22","31","31","33","21","12","23","52","23","66","23","44","11","32","11","32","31","33","55","21","13","32","31","33","11","33","11","31","33","43","11","44","13","33","31","34","13","12","23","11","22","22","41","22","11","21","22","23","33","44","34","43","32","22","33","22","11","22","23","31","11","12","11","14","23","22","32","16","31","21","11","33","31","21","32","31","32","13","23","23","23","33","32","13","21","33","23","22","31","13",NA,"11","21","12","22","21","13","32","22","32","24","32","33","33","43","21","14","22","11","42","23","13","32","44","21","22","22","11"
"197","i031_B04_IDGW_S6_HIGH_111HY","22","12","22","21","21","21","21","21","22","22","12","21","11","21","22","22","21","11","21","11","11","21","21","22","22","21","12","22","21","12","12","12","22","11","12","11","21","21","12","12","21","11","12","11","33","22","21","11","12","32","14","13","23","12","22","32","22","41","22","22","21","31","23","13","13","33","11","21","32","52","23","66","22","41","31","33","33","32","22","33","55","21","21","32","31","33","11","33","11","13","31","33","13","42","23","32","13","35","23","21","22","11","22","22","24","32","12","11","22","32","31","44","45","34","32","23","23","22","11","22","23","31","11","21","11","11","32","22","21","65","31","12","11","33","13","12","23","31","22","32","31","23","32","33","32","33","31","33","23","22","31","33",NA,"12","52","53","22","12","33","33","24","42","22","22","32","33","43","31","41","22","11","42","23","13","23","44","11","23","22","11"
"198","i038_C02_IDGW_S9_LOW_111KC","12","22","12","12","11","22",NA,"22",NA,"21","11","22","22","11","12","22",NA,NA,NA,"11",NA,NA,"11","22","12",NA,"21","21","21","11","21","21","12","21",NA,"12","12","22",NA,"11","34",NA,NA,"11","23","22","12","12","21",NA,"41",NA,"24","22","11","23",NA,"34","22","32","12","42","23",NA,"32","33","23","13","22","45",NA,NA,"22","22","33","32","11","13","23","31","15","32","13","22","12","33","11","31","22","13","21","32","13","14","31","23","12",NA,"41","21","22","13","22","22","33","33","21","22","33","43","32","44",NA,"22","22","21","32","23","21","12","44","11","12","33","11","44","33","21","21","53","13","12","23","33","13","23","33","23","22","22","11","13","23",NA,"11","22","21","31","33","22","13",NA,NA,NA,"51","32","12","31","31","23","44","32","22","22","22","11","33","12","11",NA,"11","22","22","13",NA,"23","32","11","32","21"
"199","i031_C04_IDGW_S6_HIGH_111KK","12","21","21","22","12","22","21","22","12","21","21","21","11","22","21","11","21","21","12","22","12","12","12","22","21","22","21","11","22","22","12","21","11","21","21","22","11","22","22","21","44","22","22","22","32","22","21","22","22","23","31","31","34","13","14","33","22","32","12","31","21","22","23","32","13","34","32","33","12","23","11","32","22","12","33","23","22","31","33","33","15","11","12","13","22","23","13","33","11","32","31","22","13","43","21","25","13","45","33","21","22","11","13","11","22","22","12","11","13","32","32","24","13","33","21","13","33","22","12","32","33","11","21","32","12","42","12","12","31","11","33","13","12","31","32","12","23","11","22","21","33","23","23","43","12","13","12","31","33","23","21","11",NA,"33","52","33","33","21","11","33","25","43","12","32","23","33","44","33","22","33","12","22","23","13","22","22","13","31","11","21"
"200","i025_C01_IDGW_S3_MID2_111KT","22","21","22","11","21","22","11","22","22","21","22","12","22","22","21","21","11","11","22","21",NA,"21","21","22","11","22","22","22","22","22","21","22","22","11","22","11","22","22","21","22","24","11","22","12","22","22","12","21","12","23","11","23","33","11","21","12","22","14","22","23","11","23","32","13","13","33","13","11","22","52","12","63","11","34","23","32","31","23","33","53","55","21","31","33","21","22","13","33","11","31","33","33","21","44","11","22","13","45","13","12","12","11","32","21","34","22","31","11","22","33","32","22","41","33","22","23","32","12","21","22","22","31","11","21","11","42","33","23","32","56","13","11","11","33","11","21","33","32","23","13","33","23","32","33","33","31","32","33","33","22","11","33","12","32","52","11","23",NA,"13","22","23","34","22","23","12","33","11","11","41","22","11","42","33","13","32","44","11","32","22","11"
"201","i038_D01_IDGW_S9_LOW_111KU","22","21","22",NA,"11",NA,"11","12","22","12","22",NA,"22","22","22","11",NA,NA,NA,"12",NA,NA,"12","12","11",NA,"22","22","22","12","12","21","22","11",NA,"21","21","22",NA,"22","42",NA,NA,"11","23","22","11","11","12","22","11","32","33","11",NA,"12",NA,"31","22","23","11","23","33","11","33","43","31","11","22","25","22",NA,"21","31","33",NA,"31","33","13","55","55","22","11","32","22","22","32","13","11","32","33","33","31",NA,"21","23","31",NA,"11","21","12","21","22","12","43","22","13","11","22",NA,"23","42",NA,"33","22","32","32","22","11","22","33",NA,"11","21","11","12","13","22","23","56","31","31","31",NA,"11","21","33","32","23","31","23","23",NA,NA,"33",NA,"23","33","33","22","11",NA,NA,"23","25","33","32","31","21","23","34","43","12","31","32","31","31","23","41","22","11","42","32","31","33","44","23","13","22","11"
"202","i025_D01_IDGW_S3_MID2_111KV","22","11","22","11","12","22","11","22","22","12","22","11","22","22","22","11","11","11","21","21",NA,"21","21","21","11","22","22","22","22","22","11","21","22","11","21","11","22","22","21","22","42","12","12","12","22","22","11","11","12","32","44","22","33","11","22","23","22","42","22","22","11","23","22","11","33","34","21","11","22","23","21","33","11","13","33","32","31","33","33","33","53","12","13","33","12","22","31","33","11","11","33","33","31","24","32","32","13","45","13","21","12","12","22","12","42","22","13","11","22","33","32","22","14","43","32","22","22","22","11","22","22","31","11","21","11","12","31","22","23","56","31","11","11","33","11","12","33","32","32","11","23","33","22","33","32","33","23","33","23","22","11","13","21","23","52","33","33",NA,"13","22","43","43","21","21","12","33","11","13","44","22","12","44","23","31","13","44","13","13","22","11"
"203","i031_D03_IDGW_S6_HIGH_111R7","12","21","22","21","22","21","12","11","21","11","21","22","12","21","12","12","22","22","21","11","11","22","22","21","22","21","12","21","22","12","21","12","11","21","12","22","12","11","11","11","21","22","12","21","12","22","11","12","22","32","44","31","32","21","11","23","22","33","21","21","11","23","31","21","23","33","33","12","23","43","33","36","13","44","11","23","21","13","33","15","54","11","31","33","21","22","22","33","11","11","23","32","11","44","33","32","11","45","13","21","23","11","33","12","32","23","11","11","23","44","33","44","13","33","22","31","33","33","11","22","34","33","11","33","11","44","22","12","33","55","13","33","32","32","13","33","32","11","22","23","13","21","22","33","11","32","11","33","33","32","13","31",NA,"11","22","11","13","31","14","33","55","24","41","33","33","31","43","32","14","32","11","24","13","13","11","24","21","23","21","21"
"204","i023_C02_IDGW_S1_MID1_111UT","22",NA,NA,NA,"21",NA,NA,"22",NA,"11","12",NA,NA,NA,"22",NA,NA,NA,NA,"12",NA,NA,NA,NA,"11",NA,"22","21","11","11","21","21",NA,"12",NA,"22","12",NA,NA,"21",NA,NA,NA,"12",NA,"12","22",NA,NA,NA,"14",NA,"32",NA,NA,"31",NA,"33",NA,"12","11","32",NA,NA,"22",NA,NA,"12",NA,NA,NA,NA,NA,"24",NA,NA,"21",NA,"13","51","15","22","12",NA,"21","32","11","13",NA,"23",NA,NA,NA,NA,"11","33",NA,NA,"13","13",NA,NA,NA,"11","22",NA,NA,"31","22",NA,"13","44",NA,"43","32",NA,NA,"22","21","22",NA,NA,NA,"13","13",NA,NA,"22","22","63","13","22","22",NA,"31","23","23",NA,NA,"22","22",NA,NA,NA,"11",NA,"22","33","23","21","12",NA,"21",NA,NA,"42","32",NA,"23","32","55","44",NA,"23",NA,"33","44","23","41",NA,"11","22","32",NA,NA,NA,NA,"21","22",NA
"205","i038_F01_IDGW_S9_LOW_111VG","22","21","21","12","21","22","11","22","12","11","12","22","22","11","22","11","22","12",NA,"21",NA,NA,"21","11","11",NA,"22","21","11","11","12","21","22","12","11","22","12","22","11","12","44",NA,"22","12","32","21","22","21","12","22","14","23","23","22","24","31","11","33","21","21","11","23","23","22","32","33","32","12","12","23","11","23","22","24","31","22","21","33","31","15","51","22","12","22","12","23","11","31","22","23","22","21","21","22","11","33","33","44","13","31","33","21","23","11","22","22","12","13","22","24","31","44","33","34","32","11","33","22","21","22","33","13","11","31","31","44","22","22","22","36","31","22","22","33","31","23","23","31","23","22","22","33","33","12","11","24","22","33","32","21","21",NA,NA,"31","22","42","23","11","32","23","55","44","11","23","32","33","44","32","41","32","11","22","32","33","23","12","21","21","22","11"
"206","i023_D02_IDGW_S1_MID1_111XU","22",NA,NA,NA,"12","21",NA,"22",NA,"22","11",NA,"12",NA,NA,"21",NA,NA,NA,"22",NA,NA,NA,NA,"11",NA,NA,"12","22","11",NA,"22",NA,"11",NA,"12","22","12",NA,"11",NA,NA,NA,"21",NA,"22","11",NA,NA,NA,NA,NA,NA,NA,NA,NA,NA,"12","22","33","12","22","21",NA,"33",NA,NA,"21",NA,NA,NA,NA,NA,"44",NA,"23","21","33","22","55",NA,"11","11","11","12","22",NA,NA,"11",NA,NA,"23",NA,NA,NA,"32",NA,NA,NA,"11",NA,"12",NA,"22","22",NA,NA,"12","22",NA,"33","14",NA,"43","22",NA,"33","22",NA,"22",NA,NA,"11","12","11","21",NA,NA,NA,"65","33",NA,"31",NA,"13","12",NA,"13",NA,"31","33","12",NA,NA,"22",NA,"13","23","22","32","31",NA,"21",NA,"55",NA,NA,NA,"13","33","55","31",NA,"12","31","33",NA,"33","41",NA,"11","22","32","13",NA,NA,NA,"12","22",NA
"207","i025_A12_IDGW_S3_MID2_111Y2","22","11","22","12","12","11","12","22","22","22","11","11","22","22","21","12","11","11","22","12",NA,"21","11","21","12","11","22","11","22","11","11","21","21","11",NA,"11","22","11","22","12","24","11",NA,"21","32","22","11","11","22","32","14","22","34","32","14","21","22","14","22","32","11","23","23","31","23","34","31","12","33","42","22","33","21","44","21","22","21","33","32","55","13","11","11","31","23","22","32","13","11","11","33","32","11","44","13","22","33","55","11","13","33","21","12","21","32","23","31","12","22","23","32","41","15","33","22","11","32","12","23","23","22","11","11","22","11","21","13","22","22","55","33","11","11","12","31","22","23","11","22","33","33","22","22","33","22","33","12","32","33","21","12","13","11","22","52","32","23",NA,"11","33","35","33","22","22","13","33","44","33","12","22","11","22","23","13","21","24","12","31","32","11"
"208","i038_H01_IDGW_S9_LOW_1136C","22","21","12","22","12","21","12","12","22","12","12",NA,"22","22","21","22",NA,"11",NA,"12",NA,NA,"11","11","11",NA,"12","22","11","22","11","22","22","12",NA,"12","22","22",NA,"11","32",NA,NA,"22","22","21","11","11","22","23","14","23","44","22",NA,"32","21","32","12","22","21","24","22","12","33","32","32","11","22","32","31",NA,"22","41","21","23","23","12","32","13","51","11","12","32","11","33","12","13","11","31","33","33","33","22","32","23","33",NA,"43","13",NA,"21","33","22","22",NA,"21","11","22","34","33","42","45","43","32","22","32","12","12","22","33",NA,"11","11","11","22","33","32","12","65","13","12","33","23","11","22","32","12","21","12","31","13","31","33","22",NA,"31","23","23","23","12",NA,NA,"13","25","33","31","11","12","23","25","43","22","21","31","31","14","31","14","22","11","44","23","31",NA,NA,"12","33","22",NA
"209","i038_A03_IDGW_S9_LOW_1136F","22","21","22","22","22","22",NA,"12","21","21","22","21","22","22",NA,"22","11","11",NA,"12",NA,NA,"11","21","22",NA,"21","22","21","21","11","21","22","11",NA,"21","22","22",NA,"21","23",NA,NA,"22","12","21","12","12","22","23","41","23","44","22","12","23","22","32","11","21","12","42","22","12","33","23","22","11","22","52","11",NA,"12","41","12","13","22","21","23","31","51","21","13","23","12","32","22","13","11","31","33","33","33","21","12","22","33",NA,"31","31","31","11","33","11","21",NA,"21","11","32","33","23","42","31","33","22","21","23","22","21","22","22","31","11","11","11","22","33","23","11","65","33","23","13",NA,"13","11","31","11","21","23","33","32","21","33","22","33",NA,"32","33","13","12","11",NA,"33","25","33","33","31","13","33","55","43","22","13","33","13","41","31","14","22","12","21","33","13","32","24","21","32","22","11"
"210","i038_B04_IDGW_S9_LOW_1136H","22","11","22","22","22","11","11","21","22","21","22","21","22","22","21","22","11","12","11","11","22","11","12","12","12","12","21","22","22","11","21","22","22","12","11","11","12","22","11","11","32","22","21","22","11","11","21","11","21","32","41","32","44","22","12","22","22","33","12","12","21","32","22","12","33","24","32","11","32","35","11","62","12","14","21","21","32","12","32","13","15","21","31","32","12","23","22","13","11","31","33","23","13","23","32","32","33","34","34","13","13","21","31","21","22","32","11","11","23","32","23","22","31","33","22","11","33","21","21","22","32","31","12","12","31","12","33","23","11","66","33","31","23","23","11","22","23","32","21","21","33","31","31","33","22","32","13","23","23","22","12","13",NA,"13","52","32","13","13","23","32","25","34","22","21","13","33","41","31","41","22","11","44","23","13","32","22","21","32","22","11"
"211","i040_C02_ScatOpt4_1136I","21","11",NA,NA,"22","11",NA,"12",NA,"22","22",NA,"22","22","12","12",NA,NA,NA,"21",NA,NA,"11",NA,"12",NA,NA,NA,"12",NA,NA,"22",NA,"11",NA,"21",NA,"22",NA,"12","34",NA,NA,"11","21","22","11",NA,NA,NA,"14","31",NA,NA,NA,"21",NA,"32",NA,"22","12","24","22",NA,"22",NA,NA,"12",NA,"23",NA,NA,NA,"44",NA,NA,"21",NA,"32","15","53","21","31","21","12","23","22",NA,"11","32","33","33","31",NA,"31","23",NA,NA,"31","21",NA,"12",NA,"12","22",NA,"32","11","32",NA,"23","24",NA,"43","32",NA,NA,"22",NA,"22",NA,"11","11","11","11","22","33","33","31","55","31","21","13","33","13","11","13","21",NA,"23","33","32",NA,NA,"22",NA,"32","33","33","12","11",NA,"21","33","25","13","32","33","21","32","35","33",NA,"12","33","13","41","31","14",NA,"11",NA,"33","33",NA,NA,"11","31","32","11"
"212","i038_D04_IDGW_S9_LOW_11PWH","11","22","22","22","21","22","21","22","11","11","21",NA,"22","11","11","22","11","21","11","11",NA,NA,"12","22","11","12","11","12","11","11","12","11","12","21",NA,"11","22","22","11","11","32",NA,"22","11","32","21","22","22","22","32","44","22","42","22","11","22","22","23","22","22","12","43","22","21","33","34","33","13","22","34","11","63","23","22","33","21","11","11","23","13","41","13","13","23","22","33","22","11","22","11","22","22","33","11","11","22","32","45","31","11","32","11","21","21","31","33","22","12","32","43","23","44",NA,"24","23","21","23","13","22","13","44","11","22","33","11","41","33","23","23","33","31","32","32","33","33","31","33",NA,"22","12","13","31","23","44","11","12","11","33","23","22","31","22",NA,"33","12","42","32","31","11","33","54","22","22","22","22","11","33","22","14","23","11","22","22","32",NA,"22","32","31","33","22"
"213","i025_E01_IDGW_S3_MID2_11PZV","22","11","22","11","21","22","11","22","22","22","22","21","22","22","12","12","21","11","21","22",NA,"11","11","21","11","12","22","22","22","22","11","21","22","11","21","12","21","21","21","22","24","21","22","21","22","22","11","11","12","32","41","22","33","11","21","12","22","12","21","32","11","22","32","11","33","43","11","11","22","23","12","63","11","43","23","32","11","33","33","35","35","12","11","33","21","22","21","31","11","12","33","32","11","44","13","32","13","54","11","22","11","12","23","11","32","22","11","11","22","33","33","24","51","33","22","22","23","21","21","22","23","31","11","11","11","22","31","32","33","55","33","31","31","32","11","11","23","21","21","31","33","32","22","33","32","33","23","32","23","22","11","33","11","33","55","31","23",NA,"21","22","35","44","12","21","21","33","11","13","14","32","12","24","32","33","33","44","13","31","22","11"
"214","i038_E03_IDGW_S9_LOW_11QY3","21","21","22","12","22","21","22","12","11","11","21","12","22","21","22","12","22","22","21","11",NA,"12","11","21","22","21","21","21","22","11","22","21","11","21",NA,"22","11","22","12","11","44","22","22","22","22","22","22","21","22","23","44","32","23","12","12","32","21","33","22","21","11","13","22","33","31","33","23","13","22","34","31","23","22","42","13","32","12","33","22","33","45","21","11","12","12","12","13","13","23","22","13","22","11","42","21","33","33","44","33","21","21","33","32","11","22","22","11","33","22","44","32","24","43","32","12","22","21","22","21","33","43","31","22","31","21","24","32","12","32","65","33","33","33","23","12","22","32",NA,"22","21","11","32","33","24","11","32","22","31","33","32","13",NA,NA,NA,"22","33","23","11","33","32","52","42","22","22","23","31","44","32","24",NA,"11","22","22","33",NA,"42","12","33","32","12"
"215","i023_E01_IDGW_S1_MID1_11RVY","22","12","22","12","11","11","22","22","12","21","22","21","22","12","22","11",NA,NA,"22","11",NA,NA,"11","12","11",NA,"21","12","22","22","12","21","11","11",NA,"12","21","22","12","22","22",NA,NA,"21",NA,"22","11","12","22","33","42","21","44","22","12","33",NA,"34","22","32","22","23","22","21","12","34","33","21","12","23",NA,"66",NA,"24","32","22","21","32","23","13","43","21","11","23","12","22","23","13","12","31","32","34","11","42","31","23","33",NA,"43","11","13","11","32","11","12","23",NA,"11","22","43","32","24","51","32","22","22","22","13","33","31","43","23","11","12","13","42","32","22","23","55","33","31","21",NA,"12","22","33","32","42","21","13","22","13","24","22",NA,"23","32","33","32","11",NA,"13",NA,"55","42","33",NA,"11","32","54","44","22","22","33","31","41","33","14","31","11","21","12","33","13","43","31","31","22","12"
"216","i038_G04_IDGW_S9_LOW_12A112","22","11","12","21","22","22","21","12","21","11","22","22","22","11","21","11","21","21","11","12","11","22","22","12","12","22","12","12","21","11","22","11","21","22","11","12","11","22","21","21","14",NA,"22","12","22","22","12","21","12","32","41","33","24","22","42","32","12","33","12","12","11","33","23","23","32","33","23","11","22","33","11",NA,"12","42","13","22","12","33","33","11","41","22","11","22","12","23","21","33","32","22","32","31","12","24","13","53","33","44","13","12","32","11","33","12","22","22","22","23","22","43","33","42","34","44","32","12","33","23","21","22","43","13","11","11","11","44","23","12","23","35","33","23","22","31","11","21","23","23","23","23","23","31","23","12","13","32","12","33","33","22","21","11",NA,"31","21","22","32","11","31","33","53","34","12","23","23","33","44","23","21","33","11","22","22","33","22","12","13","31","12","12"
"217","i031_E03_IDGW_S6_HIGH_12XZN","22","12","22","11","11","12","11","21","22","12","22","22","22","22","22","11","11","11","12","21",NA,"11","12","21","11","21","22","22","22","12","21","21","22","11","11","12","21","22","12","22","42","21","21","11","23","22","11","11","12","22","11","23","33","11","21","12","22","31","22","23","11","32","33","11","33","34","13","11","22","52","22","66","12","13","33","32","31","33","31","55","55","22","11","23","22","22","32","31","11","23","33","33","13","42","12","23","31","54","11","12","21","12","22","21","43","22","13","11","22","33","23","24","55","33","22","32","32","22","11","22","33","31","11","12","11","12","13","22","32","65","13","31","31","33","11","12","33","32","23","13","32","23","22","33","33","13","32","33","33","22","11","31",NA,"23","52","33","23","31","21","23","43","43","12","31","23","13","31","23","14","22","11","42","23","31","23","44","23","13","22","11"
"218","i032_A07_IDGW_S7_HIGH_12XZS","22","11","22","11","21","22","11","12","22","21","22","12","12","22","22","12","11","11","11","21","12","11","21","12","11","22","22","22","22","21","21","22","22","11","12","21","12","22","12","22","22","12","21","12","22","22","11","11","21","33","44","22","33","11","22","23","22","32","21","32","11","23","23","13","13","33","21","11","22","25","22","36","12","14","32","32","31","33","31","55","55","21","11","23","22","22","32","33","11","31","33","33","21","44","11","22","13","44","11","21","21","11","32","12","42","22","31","11","22","33","32","22","15","33","22","32","33","21","11","22","32","11","11","11","11","24","21","22","33","51","13","31","13","32","11","21","33","23","23","13","33","22","32","33","33","13","23","33","33","22","11","13",NA,"23","25","13","33","11","31","22","43","43","21","31","22","33","11","31","41","23","13","22","22","13","13","44","11","13","22","11"
"219","i023_G09_IDGW_S1_MID1_12ZXT","22","12","22","22","21","22","12","21","11","11","12","22","21","11","21","12","22","22","12","11",NA,"21","12","11","11","22","21","12","11","11","11","21","12","11","11","12","12","22","11","22","42","21","22","12","22","22","22","21","22","23","14","23","22","22","14","23","12","33","11","21","11","22","32","23","23","43","32","21","22","23","11","31","22","44","11","21","23","32","12","55","11","22","12","21","12","32","21","31","21","22","22","41","21","22","11","31","13","45","33","13","23","12","21","11","23","22","21","21","32","22","31","44","33","43","33","11","33","22","11","22","43","11","12","12","13","44","22","21","32","26","13","12","22","33","33","13","32","11","22","12","23","33","32","13","11","34","21","33","33","12","23","23","32","11","22","22","22",NA,"32","22","55","24","14","23","33","33","44","32","21","33","21","23","33","31","22","14","23","11","23","11"
"220","i032_C07_IDGW_S7_HIGH_12ZXY","22","12","22","21","12","22","12","12","21","11","22","22","22","11","12","12","21","12","21","12","11","21","21","12","21","12","21","11","11","11","11","12","21","21","11","12","12","22","11","22","42","12","22","11","32","22","22","22","22","32","41","32","22","22","14","23","21","13","11","21","11","32","33","32","22","33","32","11","22","32","11","12","22","44","11","12","13","23","32","15","11","21","31","21","22","22","21","13","12","23","21","22","11","42","21","31","13","45","13","12","23","12","22","12","21","22","22","11","22","42","12","44","33","33","23","11","23","22","21","22","34","11","12","21","13","44","22","21","12","65","31","23","23","33","13","32","33","11","32","21","32","33","23","21","21","34","22","33","33","12","32","23",NA,"33","52","24","23","31","33","22","55","24","21","33","33","33","44","32","21","33","11","22","32","13","22","42","13","11","22","11"
"221","i025_B12_IDGW_S3_MID2_12ZYV","22","11","22","22","12","12","22","22","22","22","22","22","22","22","22","21","11","22","11","11",NA,NA,"11","22","21","12","22","12","22","11","11","21","22","11",NA,"12","22","11",NA,"11","42",NA,NA,"21","22","22","11","11","22","32","44","22","43","31","12","22","22","32","21","12","11","22","22","13","23",NA,"32","12","13","22","22","36","12","44","21","33","21","33","32","55","53","12","31","31","22","23","21","33","12","32","33","23","11","44","13","22","33","34","34","13","12","21","31","12","22","32","12","12","22","33","23","14","45","34","22","12","12","22","13","32","34","31","11","23","11","22","33","33","12","65","33","12","11","12","13","22","32","13","22","13","33","32","22","33","23",NA,"33","33","22","32","31","31","12","23","55","53","23",NA,"11","32","55","33","22","22","13","33","44","33","41","22","11","22","22","13",NA,NA,NA,"21","22","11"
"222","i031_F04_IDGW_S6_HIGH_12ZYX","22","12","22","11","22","12","21","22","22","22","11","12","22","22","12","12","11","11","12","11","22","21","11","21","11","12","21","22","22","21","11","22","22","11","12","11","22","11","21","12","24","22","22","21","33","22","11","11","11","22","14","22","34","12","22","31","22","11","22","31","11","23","32","31","23","34","13","11","21","23","12","33","21","44","21","23","11","13","23","55","15","11","11","11","21","22","31","31","11","23","33","33","11","14","11","22","33","31","43","33","13","11","21","21","21","32","31","22","22","33","22","41","51","33","22","12","32","21","21","22","22","11","11","22","11","12","13","32","12","55","33","11","11","22","31","12","32","13","21","33","33","22","22","33","22","33","21","23","33","21","12","33",NA,"22","52","33","32","13","21","33","35","13","22","22","23","33","11","33","21","22","11","22","33","31","21","42","23","21","32","11"
"223","i025_F01_IDGW_S3_MID2_1JM1","12","22",NA,NA,"11",NA,"21","22","21","12","11",NA,"22","11","12","22",NA,"11",NA,"11",NA,NA,NA,"22","12",NA,"12","12","21","11","21","12","12","12",NA,"12","21","22",NA,"11","43",NA,NA,"11","23","22","21",NA,"12","23",NA,"12","42","22",NA,"32",NA,"43","22","32","12","42","23",NA,"32",NA,"23","13","22",NA,NA,"63","22","22","33","23","11",NA,"23","31","51","32","31","22","12","33","12",NA,"22","31","21","32","31",NA,"31","32","12","45","41","21",NA,"13","22","22","33","33","21","22","33",NA,"32","44","41","22","22","21","23","23","12","12",NA,"11","12","33","11","44",NA,"21","12","35","31","12","32",NA,"31","23","33","32","22","22","11","13",NA,NA,"11",NA,"21","31","33","22","31",NA,"12",NA,"15","32","12",NA,"31","23","44","23",NA,"22","22","11",NA,"12","11",NA,"11","22","22","31",NA,"32",NA,"11","32","21"
"224","i023_F01_IDGW_S1_MID1_1MZX5","21",NA,NA,NA,"21","21",NA,"22",NA,"11","21",NA,NA,NA,NA,"12",NA,NA,NA,"11",NA,NA,"22",NA,"21",NA,"21","12",NA,"11",NA,"11","22","11",NA,"11","12","22",NA,"22","13",NA,NA,"21",NA,"22","21",NA,NA,NA,NA,"12","34",NA,NA,NA,NA,"33",NA,"23","12","32",NA,NA,"23",NA,NA,"11","22",NA,NA,NA,NA,"44",NA,NA,"13",NA,"33","33","51","12","23","13","23","32","21",NA,"11",NA,"33","32","31",NA,"23","32","31",NA,"11","21",NA,"22",NA,"21","14",NA,NA,"11","22",NA,"32","44",NA,"43","23",NA,"33","22","11","22","23",NA,NA,"11","11",NA,NA,"23","33","51","11","11","13",NA,"31","12","33","31",NA,"23","31","23",NA,NA,"32",NA,"22","23","33",NA,"13",NA,"21","13",NA,"13","32",NA,"21","22",NA,"32",NA,"21",NA,"33",NA,"31","11",NA,NA,NA,"32","11",NA,NA,NA,"22","22",NA
"225","i026_D06_IDGW_S4_MID2_1MZYX","12","22","21","11","21","21","12","22","21","11","22","11","21","11","12","12","21","21","12","11","11","12","21","11","12","12","21","12","21","11","11","21","12","11","11","12","11","22","11","11","44","22","11","11","22","22","22","22","22","22","44","21","24","22","41","22","12","32","21","13","21","21","23","23","21","34","33","13","23","33","31","13","22","22","32","22","22","22","12","55","11","21","11","31","22","32","23","11","11","11","21","23","11","44","12","51","11","54","43","21","21","11","32","21","22","32","21","12","32","24","23","44","33","23","33","11","33","22","11","22","34","21","21","12","31","24","12","21","31","52","11","32","33","13","32","32","23","31","32","11","33","13","22","23","11","32","12","33","13","21","23","32","23","33","55","32","22","32","12","32","32","22","42","23","33","33","44","13","11","33","11","22","22","33","21","44","33","31","23","11"
"226","i031_G04_IDGW_S6_HIGH_1N81","12","22","21","21","12","21","12","21","12","21","11","11","12","11","12","22","21","12","11","11",NA,"22","11","21","12","21","12","21","22","22","22","11","11","12","22","21","21","22","12","22","22","11","22","11","33","22","22","12","21","33","41","13","44","32","11","33","12","33","21","31","12","23","22","32","13","34","13","31","12","34","11","36","21","43","13","11","32","21","23","31","14","21","23","33","21","12","13","13","11","22","33","42","13","21","11","13","31","54","33","12","13","31","32","12","13","32","22","13","23","44","22","44","43","22","32","23","22","21","11","11","44","12","21","31","13","44","22","33","33","52","23","13","13","33","23","11","23","31","22","13","11","32","31","42","33","32","11","23","33","23","31","32",NA,NA,"52","34","32","22","23","33","52","34","22","22","33","31","44","33","11","33","11","22","22","33","22","24","21","13","31","11"
"227","i026_H03_IDGW_S4_MID2_UI2559_1NZWO","12","21","21","21","22","21","22","12","11","11","12","22","21","21","11","11","22","12","22","11",NA,"22","22","22","22","12","22","21","22","11","12","21","11","22","12","22","11","11","12","11","32","22","12","11","22","22","21","12","22","22","44","23","34","13","11","23","22","33","11","23","11","21","33","22","23","34","32","12","33","32","31","31","23","44","13","32","21","31","31","51","43","21","13","23","11","21","12","33","12","11","32","22","12","24","23","33","11","45","31","22","22","21","33","11","21","32","11","11","23","44","32","44","33","33","12","11","33","33","11","22","44","13","21","33","12","42","32","22","23","53","11","23","22","31","11","23","33","13","22","33","33","11","22","33","11","22","12","33","32","23","31","31","11","11","24","13","13","31","11","33","55","42","24","32","32","43","44","23","11","33","12","24","23","33","31","44","21","33","23","12"
"228","i026_B06_IDGW_S4_MID2_1NZWQ","11","12","22","11","22","22","12","12","11","11","22","22","21","11","12","12","22","12","21","11","11","22","22","11","22","21","22","12","22","21","22","22","11","21","21","22","11","11","21","11","32","21","21","11","22","21","12","11","22","23","44","32","32","12","14","23","22","32","11","31","21","21","33","22","22","33","13","11","23","24","33","61","32","44","13","21","32","33","13","15","55","12","33","23","21","22","22","33","11","11","22","32","21","42","23","33","11","15","33","23","23","11","33","12","13","22","31","11","32","44","33","44","33","33","21","33","33","33","11","22","43","13","12","13","11","44","23","22","23","53","11","32","32","13","11","33","33","31","22","32","23","31","23","23","11","22","21","33","23","13","13","13","11","11","42","21","33","11","14","33","54","44","12","33","23","41","34","22","11","33","12","22","21","33","13","14","22","32","23","21"
"229","i023_D07_IDGW_S1_MID1_1NZWT","11","12","22","11","22","22","12","12","11","11","22","22","21","11","21","12","22","12",NA,"11",NA,NA,"22","11","22","21","22","12","22","12","22","22","11","12",NA,"22","11","11","12","11","23",NA,NA,"11","22","12","21","11","22","23","44","32","32","12","41","32","22","32","11","31","12","12","33","22","22","33","13","11","23","24","33","16","32","44","13","21","32","33","13","51","55","21","33","23","21","22","22","33","11","11","22","32","21","42","23","33","11","51","33","23","23","11","33","21","31","22","13","11","32","44","33","44","33","33","12","33","33","33","11","22","34","13","21","13","11","44","32","22","23","53","11","32","23",NA,"11","33","33","11","22","23","32","31","32","23","11","22","12","33","32","13","31","31","11",NA,"42","21","33",NA,"41","33","54","44","21","33","23","41","43","22","11","33","12","22","12","33","13","14","22","23","32","12"
"230","i032_D05_IDGW_S7_HIGH_UI1382_1NZX5","12","11","21","21","22","22","22","12","11","12","22","22","22","11","12","12","21","11","12","12",NA,"22","22","12","22","11","12","11","22","11","22","21","12","12","21","12","11","12","22","21","23","21","21","21","22","12","22","11","12","32","44","22","42","32","41","22","22","23","11","33","12","13","33","22","32","43","12","31","23","32","31","13","12","44","31","21","13","13","13","55","35","22","13","22","12","21","12","33","21","31","22","23","21","42","23","23","11","41","31","23","23","12","33","12","41","22","13","11","22","44","23","54","31","34","21","13","33","23","11","22","43","11","22","13","21","42","32","22","12","53","11","22","32","13","31","32","33","13","22","32","32","31","32","32","12","23","22","33","32","21","11","31",NA,"11","44","32","33","11","12","32","45","44","22","23","22","43","44","12","41","33","21","21","22","33","33","14","12","32","33","12"
"231","i026_C05_IDGW_S4_MID2_UI2575_1NZXW","12","21","12","11","12","22","22","21","12","21","22","21","22","21","21","12","22","22","11","11","11","12","12","21","22","21","11","11","22","12","22","11","11","12","11","21","21","12","21","11","24","22","22","21","23","22","21","11","21","22","44","31","34","31","12","33","12","33","12","32","12","33","23","32","33","33","31","33","22","44","11","33","12","43","31","12","23","23","32","33","14","12","13","22","12","21","13","33","31","22","11","42","11","22","11","23","33","44","33","11","21","13","32","11","12","23","11","13","22","34","32","24","43","32","12","22","22","22","11","32","42","13","22","13","12","42","22","32","32","63","32","13","13","13","11","12","22","11","22","11","11","33","33","22","13","32","12","21","31","13","13","11","11",NA,"22","13","23","12","23","33","55","43","22","23","33","13","44","33","14","24","12","22","22","13","23","44","32","31","31","21"
"232","i040_F02_ScatOpt4_1OS1","12","21","22","22","11","22",NA,"22","12","11","12","22","22","12","11","22",NA,"22",NA,"11",NA,NA,"12","12","11","11","11","11","22","11","21","21","21","21","11","11","11","21",NA,"22","31",NA,NA,"12","12","21","12",NA,"11","31","14","31","43","11","42","33","22","33",NA,"21","22","33","23","12","33","33",NA,"21","13","32","12",NA,"21","42","33","11","22","31","11","31","55","21","12","32","21","22","12",NA,"21","22","22","22","11","22","11","32","33",NA,"21","12","21","11","31","11","34","22","13","31","23","34","23","21","11","33","13",NA,NA,"23",NA,"23","42","11","21","12","31","14","22","22","22","66","31","23","21",NA,"13","33","23","11","22","12","23","13","33",NA,"31",NA,"13","33","32","12","11","21","11",NA,"22","34","23","21","23","23","24","44","31","23","22","31","41","33","11","33","11","14","13","33","31",NA,"31","22","31","12"
"233","i031_H04_IDGW_S6_HIGH_1OT1","22","21","22","21","11","11","21","22","22","21","12","12","22","22","22","11","11","11","22","12","22","12","11","12","12","11","22","21","22","22","11","21","12","11","12","11","21","12","12","22","22","11","22","12","33","22","11","11","12","23","44","22","44","22","22","32","32","14","22","22","21","22","22","21","23","43","13","22","11","22","32","66","21","44","21","32","13","33","33","31","33","11","11","33","13","22","33","33","11","11","23","23","11","44","33","22","33","15","13","31","13","12","32","11","42","22","11","12","22","23","32","44","54","43","22","22","23","11","23","32","33","33","11","12","31","22","33","22","22","55","33","31","11","11","11","22","32","12","22","21","13","23","31","43","22","11","22","23","32","32","11","11",NA,"13","55","21","32","31","21","22","55","44","22","22","32","33","11","33","14","13","11","22","22","33","33","44","31","32","22","11"
"234","i040_G02_ScatOpt4_1OX1","22","11","22",NA,"11","21",NA,"12",NA,"11","12","21","22","11","21","12",NA,NA,NA,"11",NA,NA,NA,"21","21",NA,"11","11","22","11","11","22","21","11",NA,"11","11","21",NA,"22","12",NA,NA,"11","21","21","11",NA,"12",NA,"41","13",NA,"21",NA,"32",NA,"23",NA,"13","12","23","23",NA,"13","43",NA,"21",NA,"32",NA,NA,"23","21","33",NA,"22","23","12","31","45","12","21","22","21","32","31",NA,"12","32",NA,"22","13","24","11","33",NA,NA,"24","12","12","11","12","11","31",NA,"23","13","32","44","32","42",NA,"33","21","22",NA,"22",NA,"12",NA,NA,"12","21","11","44","22","22","23","65","13","33","22",NA,"31","33","23","31","24","22","21","32",NA,NA,"33",NA,"31","32","33","12","11",NA,"13",NA,"42","43","32","12","21","32","43","44",NA,"22","23","11","41","33","11","33","21",NA,"32","33",NA,"13","13","22","23","21"
"235","i026_A05_IDGW_S4_MID2_1OZY6","22","11","22","12","12","11","21","22","22","22","12","12","12","22","12","12","21","22","21","11",NA,"21","11","21","11","12","22","11","22","22","11","21","22","11","22","11","12","12","11","11","22",NA,NA,"12","22","21","21","12","22","22","44","22","34","11","22","22","22","31","22","32","21","22","22","13","23","33","23","12","23","32","21","33","22","44","11","32","11","33","22","55","53","11","11","13","21","22","12","33","21","12","33","23","11","41","11","32","33","43","34","13","12","12","13","21","33","33","12","21","21","33","23","14","54","34","22","12","32","22","13","22","24","11","11","12","11","12","31","23","12","65","33","11","31","23","13","11","33","31","12","13","33","12","23","33","22","33","11","22","32","32","12","31","12","32","55","23","32","13","13","33","25","23","24","22","31","13","44","33","14","23","11","22","33","33","33","24","22","12","22","11"
"236","i023_A08_IDGW_S1_MID1_UI1156_1OZZ7","22","21","22","11","12",NA,NA,"12","22","11","22","12","21","22","22","12",NA,"11",NA,"11",NA,NA,"22",NA,"21",NA,"22","22","22","12","12","12","22","11",NA,"11","22","22",NA,"22","22",NA,NA,"11","32","22","21","21","21","32","41","23","33",NA,NA,"23","22","43","22","22","12","33","32","31","31",NA,"32","11","22",NA,NA,"36","21","41","23","33","33","32","13","35","55","21","13","23","22","23","32",NA,"11","13","33","33","23",NA,"21","32","11",NA,"13","11","22","11","22","22","24",NA,"13","21","22","32","23","42","54","34","32","23","32","22","11","22","23","13","11","21","11","41",NA,"22","32","16","11","11","11","23","11","22","33","13","33","13","32","23","32","33","23",NA,"12","33","33","22","11",NA,"22","12","52","31","32",NA,"13","32","42","33",NA,"23","23","31",NA,"12","41","22","13","24","23","11",NA,"44","12","21","22","11"
"237","i023_B07_IDGW_S1_MID1_UI1351_1PZVG","21","12","21","12","22","22","21","21","11","21","11","11","21","11","12","11","22","21","11","21",NA,"21","21","22","22","12","21","11","22","12","22","12","21","11","21","22","11","22","22","12","24",NA,"22","22","23","22","22","12","12","22","44","21","42","32","12","23","21","33","21","22","11","31","22","32","31","34","33","31","22","33","13","23","22","42","13","23","22","31","32","33","41","12","21","13","11","22","33","11","21","22","13","22","11","22","11","33","33","44","33","11","12","33","23","11","12","32","21","31","22","34","23","42","34","33","22","22","21","22","12","32","43","21","12","11","11","44","23","13","32","62","33","31","33","21","21","12","32","11","22","31","11","23","31","42","31","33","21","31","33","33","31","13","11",NA,"21","33","22",NA,"23","33","52","42","42","22","32","11","44","21","41","24","21","22","22","31","23","24","32","31","22","21"
"238","i026_E06_IDGW_S4_MID2_1PZWP","22","11","22","21","22","21","12","22","22","22","11","11","21","21","21","12","11","11","12","22","22","11","11","11","22","21","22","22","22","21","11","22","22","11","21","21","22","22","12","21","44","12","22","12","22","11","11","11","22","11","44","21","44","22","12","22","22","13","22","22","11","22","22","11","23","44","31","13","23","22","22","66","12","43","23","23","21","11","21","55","53","11","12","22","21","22","21","31","11","11","32","23","11","44","33","22","31","45","11","31","13","21","23","11","23","21","32","12","23","22","33","44","14","34","22","22","13","11","21","22","23","11","12","21","11","22","33","22","22","55","33","12","13","31","11","31","12","31","22","13","33","32","12","33","22","33","12","32","33","21","21","31","12","33","55","41","33","11","33","33","22","33","22","12","11","33","44","13","41","32","13","24","23","31","31","44","12","33","22","11"
"239","i023_H05_IDGW_S1_MID1_1PZXZ","22","12","22","22","22","22",NA,"22",NA,"22","12","11","12","12","21","21",NA,NA,NA,"11",NA,NA,"11","22","21",NA,"22","22","12","11","11","12","21","11",NA,"11","12","11",NA,"11","22",NA,NA,"11","32","22","21","21",NA,"23","44","22","44","32","14","23",NA,"22","21","12","11","22","22","13","23","33","21","12",NA,"22",NA,"62","22","44","11","32","12","33","32","55","53","11","11","33","22","23","21",NA,"21","12","33","33",NA,"14","11","32","33",NA,"43","11","23","12","31","21","22","32","12","21","21","32","33","14","44","23","22","12","33","12","13","32",NA,"11","11","12","11","21","13","32","12","55","33","11","13",NA,"13","12","33","31","21","13","33","32","22",NA,"22","33","13","32","33","12","12",NA,"21",NA,"25","32","33",NA,"13","33",NA,"31","22","22","22","31","41","33","11","22","11","22","23",NA,"22","42",NA,"21","22","11"
"240","i023_E08_IDGW_S1_MID1_UI1289_1QZVD","22","12","22","11","12","12","11","12","21","22","12","11","22","12","21","12","21","21","21","12",NA,"21","11","12","21","11","12","12","22","22","11","21","12","21",NA,"12","21","22","11","22","22",NA,"22","21","23","22","11","12","12","33","44","21","44","22","21","33","33","21","22","12","21","22","32","12","21","33","33","12","21","32","21","63","32","41","13","22","32","23","23","11","34","11","11","23","21","22","32","31","11","31","13","24","11","42","31","21","33","41","33","11","32","11","32","11","12","23","21","11","22","34","22","44","15","34","22","22","22","13","12","12","43","32","12","12","11","42","32","23","21","55","31","33","12","12","11","23","32","21","42","22","11","32","11","33","23","21","32","23","32","22","21","12","11","11","55","24","33",NA,"11","23","53","44","22","22","22","31","41","31","11","33","12","22","22","33","31","44","31","12","22","12"
"241","i032_F05_IDGW_S7_HIGH_1QZW5","12","12","22","21","11","22","22","12","21","11","11","22","22","11","21","11","11","11","11","11","11","22","11","21","22","11","11","11","21","11","22","22","11","11","11","22","21","12","11","22","24","12","11","11","23","22","11","11","22","23","24","12","33","22","11","32","21","33","22","12","11","23","32","22","32","43","23","11","22","32","31","36","22","13","31","31","11","31","22","33","54","13","23","22","21","32","11","33","32","12","22","41","12","42","12","25","12","51","13","21","22","13","22","22","33","32","11","13","22","34","33","52","33","24","22","11","31","22","21","31","43","12","12","23","31","44","33","32","23","33","22","12","21","32","31","33","33","22","23","21","31","13","23","24","11","42","11","33","23","22","13","23",NA,"13","11","34","33","31","11","33","33","33","44","12","12","41","34","13","11","31","12","42","32","11","22","42","23","33","21","21"
"242","i038_A01_IDGW_S9_LOW_2311","21","21","12","22","21","22","21","22","21","12","12","12","11","22","21","11","12","12","12","22","21","12","12","22","12","22","12","11","22","22","12","12","11","12","12","22","11","22","22","21","44","22","22","22","23","22","12","22","22","32","13","31","34","31","41","33","22","23","12","31","12","22","32","32","31","43","32","33","21","23","11","32","22","12","33","23","22","13","33","33","15","11","21","31","22","32","13","33","11","32","31","22","13","34","12","25","31","54","33","21","22","11","13","11","22","22","21","11","13","32","32","42","13","33","21","31","33","22","12","32","33","11","12","32","21","42","21","12","13","11","33","31","21","31","32","21","32","11","22","12","33","23","32","34","12","31","21","13","33","23","12","11",NA,"33","52","33","33","21","11","33","25","34","12","23","23","33","44","33","22","33","12","22","23","13","22","22","31","31","11","12"
"243","i025_G02_IDGW_S3_MID2_2QV1","22","21","22","22","21","22","11","21","21","11","21","21","22","21","21","11","21","12","11","12",NA,"22","22","21","11","21","22","12","21","11","22","11","12","12","11","11","11",NA,"12","21","44","21","21","22","23","21","21","21","12","23","41","23","32","22","34","31","22","33","12","11","12","33","33","23","22","34","23","12","12","23","11","32","21","24","31","21","12","33","13","51","45","22","21","22","11","13","11","31","22","21","23","23","11","24","31","53","13","41","33","23","32","21","33","21","23","22","21","31","22","44","33","44","33","34","23","11","33","32","11","22","43","31","11","31","31","44","22","22","22","63","13","33","23","13","31","13","22","21","22","22","22","33","33","11","13","22","21","33","23","12","21","11","11","11","12","24","23",NA,"12","32","53","43","12","22","32","33","44","32","11","33","11","21","23","33","22","12","31","31","11","21"
"244","i038_B06_IDGW_S9_LOW_2QY1","22","12","22","22","21","21","12","12","22","12","11","12","22","12","21","12","21","11","11","12","22","12","12","11","21","12","12","12","12","11","12","12","12","11","11","12","21","11","11","22","24","22","22","22","32","11","12","22","11","22","44","22","33","22","34","21","12","23","12","11","21","32","23","32","23","34","32","21","13","25","31","32","21","44","11","21","31","32","21","51","55","21","22","22","21","21","11","31","22","31","22","24","11","32","21","33","31","41","13","31","32","22","32","12","32","22","31","11","22","24","31","42","34","33","22","11","33","23","11","22","33","31","12","31","31","44","23","12","21","66","31","23","32","23","13","13","22","13","24","12","32","33","23","13","31","24","23","33","32","21","11","13",NA,"11","22","44","32","11","21","23","55","42","21","22","22","33","44","33","14","23","11","12","33","33","32","11","21","12","21",NA
"245","i040_H01_ScatOpt4_2RJ1","22","11","21",NA,"12","22",NA,"22",NA,"21","12","22","22","11","12","11",NA,NA,NA,"12",NA,NA,"22",NA,"21",NA,"11","11",NA,"11","21","11","11","21",NA,"12","11",NA,NA,"12","24",NA,NA,"22","22","12","12","22","11",NA,"41","32","23",NA,NA,"32",NA,"32",NA,"11","21","33","33","32","22",NA,"23","11","21",NA,NA,"33","12","42","31","12","32","23","32","11","45","22","12","22","21","32","11",NA,"22","32","22","34","11",NA,"23","33",NA,NA,"31","13",NA,"12","23","11","23","22","21","21","22","43","33","22",NA,"43","22",NA,NA,"33",NA,"22","34","33","11","31","31","44","22","22","22","36","33","32","32","21","11","13","22","21","42","22","22","33","33",NA,"31",NA,"22","33","32","12","21",NA,"11",NA,"21","42","22","11","21","32","53","42",NA,"32","32","33","44","23","12","33","11","21","23","33",NA,"11","31","12","21","21"
"246","i038_C05_IDGW_S9_LOW_2RM1","22","11","12","21","12","22","12","12","22","12","21","22","22","11","21","11","22","12","11","21","12",NA,"21","11","11","12","12","12","11","11","12","11","12","21","11","21","12","22","12","22","44","22","21","22","23","12","22","22","11","22","44","32","43","22","43","22","22","32","21","11","21","33","33","23","22","33","22","21","21","32","11","22","21","44","11","12","31","32","23","11","45","12","12","22","11","31","11","33","32","32","32","12","12","22","11","53","33","44","13","11","32","12","23","12","22","22","12","13","22","44","33","42","34","34","22","12","33","32","11","22","43","11","21","11","11","44","32","21","32","56","31","23","22","12","11","11","22","13","42","22","22","33","33","23","13","43","21","33","23","21","12","11",NA,"11","12","24","33","11","12","23","35","44","11","32","22","33","44","33","12","33","11","12","23","33","22","12","11","13","11","22"
"247","i023_G05_IDGW_S1_MID1_UI0992_3ZZYQ","21","21","21",NA,"12","22","21","22",NA,"12","12","21","11","22","12","11","12",NA,NA,"22",NA,NA,"12","22","12",NA,"21","11","22","22","12","12","11","12",NA,"22","11","22","22","21","44",NA,"22","22","32","22","12","22","22",NA,"31","13","34","13","14","33","22","32","12","31","21","22","32","32","13","43","23","33","12","23","11","32","22","21","33","32","22","13","33","33","51","11","21","13","22","23","31","33","11","23","31","22","13","34","21","25","13","55","33","12","22","11","13","11","22",NA,"21","11","31","23","32","42","31","33","21","31","33","22","12","32","33","11","12","23","12","24","21","21","31","11","33","31","12","13","23","21","32","11","22","21","33","23","23",NA,"12","31","21","13","33","32","21",NA,"11","33","52","33","33",NA,"11","33","52","34",NA,"32","23","33","44","33","22","33","21","22","23","31","22","22","13","31","11","12"
"248","i023_F07_IDGW_S1_MID1_4TZYK","22","11",NA,"11","21","22","11","22","22","22","22","12","22","22","12","12","12","11",NA,"22",NA,"11","11","12","11",NA,"22","22","22","22","11","21","22","11",NA,"12","21","12","21","22","42",NA,"22","21","22","22","11","11","21","32","14","22","33","11","21","12","22","12","21","23","11","22","32","11","33","34","11","11","22","32","21","36","11","43","23","23","11","33","33","35","53","21","11","33","12","22","12","31","11","12","33","32","11","44","31","23","31","54","11","22","11","21","23","11","32","22","11","11","22","33","33","42","51","33","22","22","23","12","12","22","32","13","11","11","11","22","13","32","33","55","33","13","13","32","11","11","23","21","12","31","33","32","22","33","32","33","23","23","23","22","11","33","11","33","55","13","32",NA,"12","22","53","44","21","12","12","33","11","13","14","23","12","42","23","33","33","44","31","31","22","11"
"249","i032_E05_IDGW_S7_HIGH_4ZZWP","12","22","22","21","22","22","21","11","22","22","11","22","12","21","11","21","12","11","11","22","12","12","11","22","22","22","12","12","11","21","22","21","22","22","11","22","12","11","12","22","31","12","22","12","33","12","12","21","22","23","44","11","32","21","11","21","32","23","21","22","22","32","32","22","33","33","33","11","23","55","31","33","22","14","23","22","22","32","13","13","33","21","22","22","21","23","12","33","11","23","22","43","11","14","31","23","31","54","21","11","23","22","13","21","22","32","11","13","32","43","23","45","44","44","32","13","33","22","12","12","43","11","11","12","13","14","31","21","33","35","23","21","11","33","31","32","32","11","22","13","32","23","22","23","33","22","21","33","22","11","11","33",NA,"13","42","32","23","11","21","32","45","32","24","11","22","41","44","33","41","42","31","14","23","32","33","42","21","31","21","12"
"250","i023_E06_IDGW_S1_MID1_7ZZXK","11","11","21","11","11","21","12","22","22","12","12","11","11","11","11","21","11","12",NA,"12",NA,"22","11","22","12","22","11","11","12","22","22","21","22","12",NA,"22","21","12",NA,"22","43",NA,NA,"11","12","22","21","21","22","23","44","11","43","12","11","23","21","33","22","33","21","43","31",NA,"22","33","33","11","22","24","12",NA,"12","24","32","21","13","21","32","21","11","21","11","22","11","22","11","33","12","23","32","42","13","11","12","31","33","45","42","21","13","31","32","11","32","23","11","12","33",NA,"33","52","31","32","22","21","32","22","11","22","23","13","11","21","11","44","12","32","12","53","11","32","31","23","11","22","33","31","22","32","32","32","23","22","12","22","12","33","33","12","11",NA,"12",NA,"22","31","32",NA,"23","23","35","43","22","22","32","13","14","23","11","12","31","21","23","11",NA,"33","23","11","12","12"
"251","i031_A05_IDGW_S6_HIGH_EUN1","22","12","21","12",NA,"22","11","12","22",NA,"12",NA,"22","11","21","12","11","11",NA,"22",NA,"22","12",NA,"21","22","12","11","21","11","12","21",NA,"12","11",NA,"11","12",NA,"12",NA,NA,NA,"21","22","21","21",NA,"21","23","41","32",NA,"22",NA,"31","22","33","21","21","12","23","22","32","33",NA,"22","11","21","23",NA,NA,"21","44","11",NA,"11",NA,"23","11","45","22","12","32","12","12","11","13",NA,"32","22","34","11",NA,"32","35","13",NA,"13","31","33",NA,"32","11","22",NA,"32","13","22",NA,"13","44",NA,"34","22","12",NA,"32","11","22",NA,"31","11","11","11",NA,"22","22","22","63","13","32","32",NA,"11","11","22",NA,"24","12","32","33",NA,NA,"31",NA,NA,"33","23","21","21","11",NA,NA,"22","42",NA,"11","11","33","35","24","21","32","23","33","44","32","11","33","11",NA,"32","33",NA,NA,NA,"23","12",NA
"252","i023_G02_IDGW_S1_MID1_EV91","22","21",NA,"22","21","12",NA,"21",NA,"21","11",NA,"22","12","12","21",NA,NA,NA,"21",NA,NA,"12","11","12",NA,"12","12","12","11","12","21","12","11",NA,"21","21",NA,NA,"22",NA,NA,NA,"22","32","11","12","22","11","22","44",NA,"33","22",NA,"21","21","32","12","11","12","32","23","23","32","43","23","12","13",NA,NA,NA,NA,"44",NA,"21","13","32","21","51","55","21","22","22","12","21","11","13","22","13","22",NA,"11",NA,"12","33","31",NA,"13","13",NA,"22","23","12","23","22","13","11","22",NA,"31","42","43","33","22","11","33","23","11","22",NA,"13","12","31","31","44","23","12","21","66","13","32","32","32","13","31","22","31","24","21","23","33","23",NA,"13",NA,"32","33","32",NA,"11",NA,"21","11","22","44","32",NA,"21","32","55","42",NA,"22","22","33","44","33","41","22","11",NA,"33","33",NA,"11",NA,"21","21",NA
"253","i040_A04_ScatOpt4_EYW1","21","22","21",NA,"12","21",NA,"12",NA,"21","22","21","22","11","11","22",NA,NA,NA,"11",NA,NA,"21",NA,"22",NA,"11","11","22","22","22","12","11","11",NA,"21","12","22",NA,"21","22",NA,"22","11",NA,"22","12",NA,"21",NA,"14","13","44","31",NA,"23",NA,"33",NA,"31","22","33","32",NA,"33",NA,"11","13",NA,"14",NA,"36","12","34","31","12","23","12","33","31","41","22","13","32","12","12","13",NA,"11","32",NA,"42","11","22","11","21","33",NA,"33","11","11","21",NA,"12","21","32","12","11","22","33","33","21","34","23","22","22",NA,"21",NA,"32",NA,"12","12","31","12","24","22","13",NA,"53","23","21","13","12","21","21","32","31","22","31","11","32","13","22","33",NA,"11","23","31","31","31",NA,"11","33","52","12","23","22","21","33","55","34",NA,"32","33","11","43","33","12",NA,"21",NA,"22","13",NA,"44","33","11","11","12"
"254","i025_H01_IDGW_S3_MID2_FZ34","22","11","22","21","21","22","11","22","22","22","12","11","11","22","21","11","11","22","12","12","21","12","11","12","21","12","22","21","22","12","11","21","22","11","11","21","22","22","21","12","42","21","22","21","32","12","11","11","12","21","44","32","34","31","12","31","22","22","12","32","11","22","23","31","33","34","11","11","12","32","11","66","22","13","23","23","22","31","12","53","13","11","13","31","23","22","33","33","11","11","33","33","11","14","13","23","11","45","13","32","12","11","13","11","33","13","31","22","22","32","32","44","45","33","22","22","21","22","21","22","33","31","11","11","11","22","21","22","22","55","11","11","33","13","11","31","23","21","22","31","33","32","12","33","22","33","11","22","33","22","12","13","12","13","25","12","32",NA,"13","32","23","33","22","22","12","33","14","13","44","22","22","22","22","33","33","44","23","33","22","11"
"255","i038_F05_IDGW_S9_LOW_GZJ4","21","22","22","12","22","22","21","22","11","21","21","22","22","11","11","22","11",NA,"11","11",NA,"22","21","22","21","22","11","21","21","11","22","21","12","12","21","21","12","22",NA,"11","34","22","12","21","23","21","12",NA,"21","23","41","23","44","22","11","22","22","13","22","33","12","23","23","22","23","33","31","11","22","45","11","63","22","22","33","32","12","13","32","13","51","12","11","23","21","33","12","31","22","13","21","23","31","41","13","23","33","44","33","21","22","13","22","22","13","33","12","21","33","34","32","44","14","42","22","11","32","32","12","33","24","11","12","33","11","44","33","32","32","33","13","13","22","33","13","12","33","22","22","22","31","12","32","21","12","22","21","33","23","22","31","12",NA,"11","22","14","13","11","31","23","55","32","22","22","22","11","34","21","11","13","11","22","22","13","22","42","23","11","23","21"
"256","i025_A03_IDGW_S3_MID2_HZ42","22","21","22","12","21","12","12","22","22","22","21","21","21","22","21","11","11","21","12","12","22","22","11","12","21","21","22","21","22","12","11","21","21","11","12","11","22","11","21","11","22","21","22","11","23","12","11","11","12","23","44","22","43","12","42","32","22","21","21","31","11","22","22","11","33","33","13","12","13","22","12","63","12","44","21","32","11","33","32","55","35","11","11","13","22","22","23","31","11","13","33","23","11","14","31","22","33","35","41","31","31","11","31","12","23","32","11","22","22","23","32","44","45","33","22","12","32","12","13","32","32","31","11","22","11","21","13","32","32","55","33","11","13","12","11","21","23","11","21","33","33","22","22","33","22","33","31","32","23","31","11","33","11","32","52","32","32",NA,"31","33","52","31","22","22","12","33","41","33","11","32","11","22","23","13","23","44","21","11","22","11"
"257","i038_G05_IDGW_S9_LOW_HZE1","11","11","12","21","12","11","22","21","21","21","12","11","11","21","11","11","21","12","11","11",NA,"21","11","12","12","11","11","11","21","11","21","12","12","12",NA,"22","12","22",NA,"21","22",NA,"11","11","22","22","22","22","22","22","41","12","22","22","21","33","12","32","22","12","21","33","33","22","23","44","32","13","22","43","11","62","13","14","13","22","31","32","22","11","54","32","31","22","22","12","22","31","11","11","22","14","12","42","12","55","13","55","32","12","22","11","33","22","33","32","11","11","22","34","33","55","13","23","22","12","31","22","23","33","44","23","12","21","11","12","23","22","22","33","21","23","21","21","11","12","21","21","23","12","31","22","23","24","31","32","31","33","23","22","33","23",NA,"33","52","13","33","11","13","33","23","24","21","13","22","11","44","11","12","33","22","24","22","11","21","22","22","32","23","22"
"258","i038_H05_IDGW_S9_LOW_IZ44","22","12","22","11","11","21","21","12","12","11","21","21","22","21","12","21","21","12","12","12",NA,"11","11","21","22","11","21","11","22","21","11","21","12","21","12","11","11","22","12","22","22","11","22","12","33","22","11","12","21","23","42","21","42","22","12","33","33","12","22","23","21","23","22","22","13","43","33","12","12","32","31","36","23","14","13","22","32","31","23","31","34","11","11","23","12","22","32","13","21","12","32","24","11","24","13","32","33","14","33","31","11","11","23","11","24","23","11","12","22","24","32","44","34","33","22","22","22","13","12","21","34","32","11","12","31","24","32","22","23","55","33","33","12","12","11","23","23","12","42","21","13","22","13","33","22","12","12","32","32","22","12","21",NA,"11","55","23","33","12","11","23","35","44","22","22","23","13","14","33","11","33","11","21","22","33","13","44","33","12","22","11"
"259","i038_A07_IDGW_S9_LOW_IZ54","22","12","22","11","21","12","11","12","12","22","21","11","22","21","12","12","21","21","12","21","22","21","11","21","21","11","21","21","22","22","11","21","21","21","12","21","21","22","11","22","22","11","22","12","23","22","11","21","21","33","44","12","44","22","12","33","33","12","22","12","21","22","23","21","21","33","33","12","12","32","12","36","23","14","13","22","23","32","23","11","43","11","11","32","12","22","32","31","11","13","31","24","11","24","13","12","33",NA,"33","11","32","11","23","11","12","23","21","11","22","34","22","44","51","34","22","22","22","13","12","12","34","23","12","12","11","42","32","23","12","55","31","33","21","21","11","23","23","12","42","22","11","23","11","33","32","21","23","23","32","22","12","12",NA,"11","55","42","33","12","11","32","53","44","22","22","22","13","41","13","11","33","21","22","22","33","13","44","31","21","22","21"
"260","i040_B04_ScatOpt4_IZ84","22","21","22","12","11","21",NA,"22","12","11","22","11","22","12","22","11",NA,NA,NA,"21",NA,NA,"11",NA,"12",NA,"21","11","22","12","11","21","21","12","21","11","11","21","21","22","22",NA,"22","21","23","22","11","21","12","32","44","12","44","22","12","22",NA,"34",NA,"32","11","22","32","22","33",NA,"13","12","12","23",NA,"63","22","42","13","22","23","13","23","13","34","12","11","32","21","32","33","13","11","31","33","43","11","44","31","23","33","31","34","13","12","11","22","11","21","32","21","11","22","43","22","42","14","33","22","22",NA,"31","12","21",NA,"31","21","21","31","24","23","32","21","55","31","33","12","21","12","23","22","11","22","22","11","32",NA,"24","32",NA,"32","33","33","32","11","12","11",NA,"45","31","23","12","11","32","45","44","22","22","23","31","14","33","11",NA,"12","22","22","33",NA,NA,"33","21","22","12"
"261","i038_C08_IDGW_S9_LOW_IZD4","22","21","22","11","21","12","11","12","12","22","12","11","22","12","21","21","21","12","21","21",NA,"12","11","21","12","11","21","11","22","22","11","21","21","21",NA,NA,"12","22","11","22","22","11",NA,"12","23","22","11","12","12","33","44","21","44","22","21","33","33","21","22","21","12","22","23","21","12","33","33","12","12","23","21","63","32","14","31","22","23","32","23","11","43","11","11","32","21","22","23","31","11","13","31","42","11",NA,"31","12","33","41","33","11","23","11","23","11","12","23","21","11","22","43","22","44",NA,"43","22","22","22","31","21","21","43","23","12","12","11","42","32","32","12","55","31","33","12","12","11","23","32","21","42","22","11","32","11","33","23","12","32","23","23","22","21","21",NA,"11","55","24","33","21","11","23","55","44","22","22","22","13","14","13","11","33","21","22","22","33",NA,"44","13","21","22","21"
"262","i038_D07_IDGW_S9_LOW_IZW1","11","22","22","21","22","22","11","22","11","12","11",NA,"22","11","21","22","11","21",NA,"11",NA,"22","11","22","12",NA,"11","21","12","11","12","21","22","11","12","11","12","22","11","11","43",NA,NA,"11","22","11","22","12","22","23","14","12","42","22","11","32","22","31","22","33","11","34","22","31","33","34","31","13","22","43","12","63","23","22","33","13","21","31","23","31","54","32","33","22","21","33","12","31","21","12","22","23","13","41","13","32","23",NA,"31","21","23","13","22","22","33",NA,"21","22","33","33","32","54","14","22","23","21","32","12","12","13",NA,"11","21","33","11","14","33","21","12","53","31","22","32","33","13","32","33","22","22","22","13","12","32","12","11","21","11","31","33","22","13","21",NA,"33","15","21","23","13","13","23","55","21","21","22",NA,"31","34","21","12","33","11","22","22","33","22","24","23","11","32","21"
"263","i038_E07_IDGW_S9_LOW_JZ91","21","11","11","21","12","12","12","21",NA,"12","11","21","21","11","12","11","21",NA,"12","21",NA,NA,"11","22","12",NA,"11","12","22","22","22","11","11","11",NA,"22","11","22",NA,"12","44",NA,"21","12","33","22","22","12","22","33","22","11","42","22",NA,"33","12","33","21","22","11","33","22","32","33","43","31","11","22","43","11","33","21","34","31","12","23","12","33","31","11","21","32","33","12","21","31","31","11","31","32","33","13","41","13","33","31",NA,"33","21","31","31","22","12","31","32","12","11","32",NA,"32","41",NA,"22","32","22","23","21","11","21","44","23","21","23","12","42","12","23","32","52","23","12","23",NA,"22","22","33",NA,"22","12","11","33","23",NA,"21","32","12","32","33","32","22","13",NA,"33","51","42","32","22","22","32","55","44","24","23",NA,"11","44","31","11","22","32","22","22","12","32","44","31","11","22","11"
"264","i025_B03_IDGW_S3_MID2_JZB4","22","12","22","11","21","12","11","12","21","22","21","11","22","12","12","21","12","21","12","21",NA,NA,"11","21","21",NA,"12","21","22","22","11","12","12","21",NA,"21","21","22","11","22","22",NA,"22","21","23","22","11","21","12","33","44","12","44","22","12","33","33","12","22","12","21","22","32","21","12","33","33","12","12","23","12","36","32","14","13","22","32","23","32","11","34","11","11","32","21","22","23","31","11","13","31","24","11","24","13","12","33","41","33","11","23","11","23","11","21","32","12","11","22","43","22","44","15","34","22","22","22","13","21","21","43","32","12","12","11","24","23","32","12","55","13","33","21","21","11","23","32","21","24","22","11","32","11","33","32",NA,"23","23","23","22","21","21","11",NA,"55","42","33",NA,"11","23","35","44","22","22","22","31","14","31","11","33","21","22","22","33","13","44","13","21","22","12"
"265","i025_C11_IDGW_S3_MID2_JZC1","12","11","11","21","12","21","12","12","21","21","11","21","12","11","12","11","12","12","21","12",NA,"22","11","22","21",NA,"11","21","22","22","22","11","11","21",NA,"22","11","22","21","21","44",NA,NA,"21","33","22","22","12","22","33","22","11","42","22","11","33","21","33","21","32","11","33","22","32","33",NA,"31","11","22","43","11","63","21","34","31","12","32","21","33","13","11","21","32","33","12","12","31","13","11","13","32","33","31","14","13","33","31","54","33","21","13","31","22","12","31","32","12","11","23","34","32","41","34","22","23","22","23","21","11","12","44","32","12","32","21","42","12","23","32","25","32","12","32","32","22","22","33","21","22","21","11","33","32",NA,"12","23","21","32","33","23","22","31","11","33","15","42","23",NA,"22","23","55","44","24","23","32","11","44","13","11","22","32","22","22","12",NA,"44","31","11","22","11"
"266","i025_C03_IDGW_S3_MID2_JZF1","21","22","12","11","12","12","22","12","12","12","21","21","12","11","12","11","12","11","21","22",NA,"22","21","12","21","22","11","22","22","12","22","11","11","11","11","22","11","22","22","12","44","12","22","12","33","22","12","11","22","32","41","31","44","31","11","32","22","33","21","32","12","33","22","23","33","34","31","31","12","14","11","63","21","43","31","11","33","23","23","31","41","22","31","23","21","21","31","11","11","31","12","23","11","42","13","32","33","34","31","11","13","31","22","11","13","22","22","11","32","33","33","21","44","22","32","22","22","21","11","32","42","32","21","23","11","44","21","32","23","55","32","12","31","12","21","12","23","23","22","13","11","23","13","22","13","23","12","33","33","22","22","13","12",NA,"51","24","31",NA,"22","22","55","43","44","32","32","11","44","13","12","23","21","22","22","31","21","24","31","13","11","22"
"267","i031_B06_IDGW_S6_HIGH_JZL1","21","22","11","22","12","21","12","22","21","21","21","11","12","11","11","22","12","11","21","22","11","22","21","12","21","22","11","12","22","22","22","11","11","21","22","22","11","22","21","22","42","22","12","21","23","22","22","21","22","33","14","31","42","21","11","32","22","33","22","32","12","32","22","23","33","33","11","11","22","43","11","63","21","13","33","12","33","12","23","13","11","11","32","33","12","21","11","31","11","22","33","43","31","12","11","31","33","43","31","21","11","21","22","12","23","32","22","11","32","34","33","12","44","22","23","22","32","12","11","11","44","21","21","31","12","42","22","33","33","23","23","11","31","12","12","21","32","11","22","31","11","23","13","44","32","32","11","32","33","22","32","12",NA,"11","15","43","23","12","22","32","55","44","42","22","33","11","43","13","21","33","11","22","22","33","12","44","32","31","21","22"
"268","i040_C03_ScatOpt4_JZT1","22","12",NA,NA,"12",NA,NA,"11",NA,"12",NA,"21","22",NA,"21","21",NA,NA,NA,"22",NA,NA,"21",NA,"21",NA,NA,NA,NA,"11",NA,NA,NA,"21",NA,"21",NA,"22",NA,"12",NA,NA,NA,"22","32","12","11",NA,NA,NA,"44","23",NA,NA,NA,"21",NA,"23",NA,"11",NA,"23","23","22","23",NA,NA,"11",NA,"35",NA,NA,NA,"44","11",NA,"31",NA,"32","11","51","12","21","22","21","12",NA,NA,"22","12","23","32","11",NA,"31","53","33",NA,"11","21",NA,"12",NA,"12","22",NA,"32","21","22",NA,"33","24",NA,"34","23",NA,NA,NA,NA,"22",NA,"13","12","13","31","44","32","21","21","36","31","22","22",NA,NA,"32","23",NA,NA,"12","32","33",NA,NA,"13","22",NA,"33","33","22","11",NA,"11",NA,"21","42","22","11","12","32","53",NA,NA,"22",NA,"33","44","23","11",NA,NA,NA,"32",NA,NA,NA,NA,"11","11","22"
"269","i040_D03_ScatOpt4_KZ61","22","21","12","21","22","12",NA,"21",NA,"11","12","22","22","11","22","12",NA,NA,NA,"12",NA,NA,"22",NA,"21",NA,"11","21","22","11","22","11","11","12",NA,"12","12","22",NA,"22","14",NA,"12","12","32","21","12","21","11",NA,"44","32","34","22",NA,"12","11","33",NA,"21","11","23","22",NA,"33",NA,NA,"11",NA,"53","13","33","21","44","11","22","11","33","31","15","51","22","21","22","21","12","21",NA,"22","23","22","41","12","32","21","35","13",NA,"33","11","33","21","23","12","22","22","12","21","22",NA,"33","22",NA,"34","22",NA,NA,"33",NA,"22",NA,"33","21","11","11","44","33","11","13","65","31","23","22","33","13","23","32","13","32","32","32","31","32",NA,"33",NA,"13","33","33","22","11","11","11","31","22","24","22","11","13","33","55","43","21","22","22","33","44","33","21",NA,"11","21","32","33",NA,"11","11","23","11","22"
"270","i040_E03_ScatOpt4_KZB1","22","12","22",NA,"12","21",NA,"11",NA,"11","21","21","22","11","12","11",NA,NA,NA,"21",NA,NA,"12","11","12",NA,"21",NA,NA,"11",NA,"11","21","12",NA,"21","12","22",NA,"22","42",NA,NA,"21",NA,"12","21",NA,"11",NA,"41","32","32","22",NA,"31",NA,"32",NA,"11","21","33","32",NA,"32","34",NA,"11",NA,"35",NA,NA,"12","44","11",NA,"13","32","13","15","45","22","12","22","22","22","21",NA,"22","21","22","14","12","23","21","33",NA,NA,"33","23",NA,"21","33","22","23","22","23","21","22",NA,"33","42",NA,"34","22",NA,NA,"23",NA,"22",NA,"11","21","13","13","44","23","21","23","63","13","33","23","33","31","23","23","32",NA,"32","23","33",NA,NA,"33",NA,"32","33","33","22","21",NA,"21","31","22","24","23","11","32","23","53",NA,NA,"22",NA,"33","44","33",NA,NA,"11","21","23","33",NA,NA,"11","11","22","11"
"271","i025_D12_IDGW_S3_MID2_KZB4","12","21","12","11","12","12",NA,"12","12","11","22",NA,"22","11","22","11",NA,NA,NA,"12",NA,"21","12",NA,"12","21","21","21","22","11","12","22","12","12",NA,"21","12","11","12","22","41",NA,NA,"22","22","22","11","12","11","32",NA,"12","43","12","43","22","22","23","11","21","11","33","33","22","32",NA,"33","13","31","52","13","32","21","44","31","22","33","33","33","11","34","22","13","22","12","22","11","33","32","12","33","11","11","42","21","25","31",NA,"13","21","32","13","13","12","22","22","21","11","22","42","31","24",NA,"43","22","13","23","22","11","32",NA,"11","11","11","31","44","33","21","13","66","11","22","13","31","13","31","32","11","22","32","33","12",NA,NA,"11",NA,"13","33","33","22","11",NA,"12","11","22","43","12",NA,"23","23","25","23","22","32","23","33","44","22","12","33","11","12","33","33",NA,NA,"31","13","13","22"
"272","i040_F04_ScatOpt4_KZC1","22","11","22","22","22","21",NA,"12","12","11","21","12","22","12","22","11","22",NA,NA,"22",NA,NA,"12","11","11",NA,"12","22","11","11","22","21","22","12",NA,"22","21","22",NA,"22","44",NA,NA,"22","22","21","22","22","21","32","44","23","34","22","24","22",NA,"33",NA,"11","11","32","32","22","23","34","32","11","23","53",NA,"23","12","24","31","12","12","33","13","51","51","22","21","22","22","22","21","31","23","12","22","43","11","34","23","33","33","44","11","11","33","21","33","12","22","22","32","31","22","44","33","22","43","34","32","12",NA,"22","21","22","33","33","11","13","13","44","22","22","22","36","33","23","32","32","11","21","23","31","43","12","32","33","23","11","11",NA,"22","33","23","22","12",NA,"11","11","21","24","33","11","13","33","55","44","11","23","23","33","44","32","11","33","11","12","32","33","22","21","23","32","22","11"
"273","i031_C05_IDGW_S6_HIGH_KZZ1","22","11","11","22","22","22","21","21","22","11","11","12","22","12","12","11","22","21","11","11","21","12","21","12","22","21","11","12","21","21","22","21","21","22","11","11","11","22","11","12","22","12","22","22","22","22","21","11","12","22","12","13","44","32","21","33","31","32","21","22","11","11","32","12","33","33","13","11","22","25","31","22","11","24","13","22","23","33","33","33","33","22","22","22","21","11","13","31","31","12","23","22","11","42","21","33","13","14","33","21","22","21","13","21","13","22","21","11","23","43","33","55","24","23","32","31","33","31","12","22","43","21","11","23","31","44","33","32","33","35","21","33","32","13","11","22","23","31","33","22","33","22","33","44","13","21","22","33","31","33","13","22",NA,"11","12","33","13","11","21","32","34","13","41","11","23","31","44","32","11","33","21","41","23","31","21","14","23","12","12","22"
"274","i038_G08_IDGW_S9_LOW_LZ4B","12","11","21","12","22","21","22","21","11","22","12","21","12","11","11","22","12","21","12","11",NA,"21","21","22","11","21","12","21","21","11","21","22","22","11","12","12","21","22",NA,"22","12",NA,"12","11","22","22","22","12","22","32","44","22","23","22","41","22","12","11","12","21","21","23","22","22","21","34","33","13","22","35","11","66","22","44","11","21","22","13","33","31","45","12","31","23","22","32","11","31","21","32","32","24","11","22","11","11","11","15","24","22","32","13","22","11","32","33","12","23","32","33","33","42",NA,"22","23","22","33","11","22","11","34","11","12","13","31","44","32","32","12","53","33","33","21",NA,"33","21","22","12","32","23","32","23","23","24","13","24","12","13","32","11","23","11",NA,"23","51","23","23","21","11","33","44","42","42","22","31","13","44","33","42","32","11","22","22","13","33","41","21","11","12","21"
"275","i040_G03_ScatOpt4_LZ54","22","11",NA,NA,"22","22",NA,"22","22","22","12","22","22","22","12","21",NA,NA,NA,"12",NA,NA,"11","11","12",NA,"12","22","22","21","11","21","22","12",NA,"11","22","11",NA,"22","44",NA,NA,"12","23","12","11","11","12","11","41","22","33","31","21","21","32","31",NA,"22","11","12","32","12","32",NA,"11","11",NA,"23",NA,NA,NA,"44","22","32","11","31","13","35","53","11","21","32","23","22","33",NA,"11","32","33","33","11",NA,"31","23","31",NA,"11","23","11","11","33","11","32","22","13","12","22",NA,"23","41",NA,"33","22",NA,NA,"21",NA,"22",NA,"13","11","12","11",NA,NA,"22","23","55","13","11","31",NA,"11","23","22","12",NA,"32","12","23",NA,NA,"32",NA,"32","33","33","22","11",NA,"11",NA,"25","23","32","23","21","22","52","31","22","22","12","33","14","33","11","23","11","42","23","13","23","24","11","31","22",NA
"276","i031_B02_IDGW_S6_HIGH_LZ8B","21","11","21","21","22","21","22","12","11","22","12","21","21","11","11","22","12","21",NA,"11",NA,"21","12","22","11","21","12","21","12","11","21","22","22","11",NA,"21","21","22",NA,"22","12",NA,"12","11","22","22","22","21","22","32","44","22","23","22","14","22","21","11","21","12","21","32","22","22","12","43","33","13","22","35","11","66","22","44","11","12","22","13","33","31","45","21","13","32","22","32","11","13","12","23","32","24","11","22","11","11","11","51","42","22","32","31","22","11","23","33","21","23","23","33","33","42","41","22","32","22","33","11","22","11","43","11","12","31","13","44","23","23","12","53","33","33","21","33","33","21","22","12","32","32","32","32","23","24","31","24","21","13","32","11","32",NA,NA,"23","15","32","32","21","11","33","44","42","42","22","13","13","44","33","42","32","11","22","22","31","33","41","12","11","21","12"
"277","i040_H03_ScatOpt4_LZ94","22","11",NA,"21","12","22","11","22","22","21","21","12","22","22","22","22","12","11",NA,"11",NA,NA,"21","22","11",NA,"12","22","22","12","11","21","22","21","11","11","22","11",NA,"22","44",NA,NA,"11","32","12","11","11","22","13","14","22","43","21",NA,"12","23","13",NA,"22","11","22","22",NA,"33",NA,"31","11","22","23","21",NA,"11","44","22","32","11","33","33","35","33","11","12","32","22","22","23","11","11","21","33","33","11",NA,"31","23","13",NA,"13","32","21","12","22","11","43",NA,"11","11","22","32","32","14","51","33","22","22",NA,"12",NA,"22",NA,"33","11","12","31","21","13","22","22","55","13","11","31","31","11","32","22","21","22","32","13","31",NA,NA,"32",NA,"12","33","33","22","12",NA,"11","32",NA,"13","32","11","12","22","25","13","22","12","31","33","44","13","11","23","11","24","32","13",NA,"42","11","13","22","11"
"278","i031_D05_IDGW_S6_HIGH_LZP4","22","11","22","21","22","22","12","22","22","22","12","22","22","22","21","12","11","11","21","21",NA,"21","11","11","21","11","12","22","22","12","11","21","22","12","11","11","22","11","22","22","44",NA,NA,"12","32","21","11","11","21","31","41","22","33","31","12","12","23","31","22","22","11","21","32","21","32","33","11","11","22","32","12","36","12","44","22","23","11","13","31","35","53","11","12","23","32","22","33","11","11","32","33","33","11","41","31","32","13",NA,"11","23","11","11","33","11","32","22","13","12","22","32","23","14",NA,"33","22","22","33","12","12","22","33","31","11","21","11","12","11","22","32","55","13","11","13","31","11","32","22","12","22","23","12","32","12","33","32","33","23","33","33","22","11","33",NA,NA,"25","23","23","32","21","22","52","13","22","22","12","33","41","33","11","23","11","42","23","13","32","42","11","31","22","11"
"279","i038_B09_IDGW_S9_LOW_MZ2B","22","22",NA,NA,"22",NA,"22","11",NA,NA,"12",NA,"22","11",NA,NA,"12","21",NA,"12",NA,NA,"11","22","11",NA,"22","21","22","22","21","22",NA,NA,NA,"11","11",NA,NA,"22","22",NA,NA,"12","22","22","22",NA,NA,"32","41","22","32","11","44","22","22","33","22","22","22","33",NA,NA,"32","33","33","22","32",NA,NA,NA,"32","42",NA,"23","22","11","33","13",NA,"11",NA,NA,NA,"33","33",NA,NA,"22",NA,"42",NA,NA,"11","11","11",NA,"33","22","22","22","21","12","21",NA,"11","33","33",NA,NA,"44",NA,"22","33","32",NA,NA,NA,"11",NA,"11","22",NA,"13","44","22","23","22","53","33","33",NA,NA,"33","12","22","22","33","33","11",NA,NA,NA,"21","33","11","31","22","22","12",NA,NA,NA,"22","11","33","11",NA,"23",NA,NA,"24",NA,"11","31","44","33","42",NA,"11",NA,"22","11","33",NA,NA,"11","21",NA
"280","i038_C09_IDGW_S9_LOW_MZ72","22","11","22","11","11","12","11","22","22","12","21","22","22","22","22","21","11","11","22","11","12","11","12","22","21","11","12","12","22","22","11","21","22","11","22","11","22","12","22","12","42","21","22","21","22","22","11","11","22","31","44","32","34","12","12","12","22","21","21","32","11","21","22","22","23","43","31","11","23","43","21","36","11","44","22","33","11","13","13","35","53","21","21","23","22","22","32","11","11","32","33","33","11","44","13","22","33","51","31","33","31","11","32","11","43","32","11","12","22","23","23","15","14","33","22","22","33","21","12","22","32","13","11","12","13","21","11","22","23","55","13","11","11","31","11","21","32","21","22","13","33","31","23","33","22","31","12","23","32","22","12","33",NA,"32","52","23","33","12","12","32","55","44","21","12","13","33","44","33","11","23","11","42","23","13","33","24","11","33","32","11"
"281","i038_E09_IDGW_S9_LOW_MZF2","22","11","22","11","21","12","12","22","22","22","21","22","22","22","22","11","11",NA,"12","22","22","21","11","21","21",NA,"21","21","22","22","11","12","22","12","11","12","21","11",NA,"22","44",NA,NA,"21","22","12","11","11","22","23","44","32","33","11","21","32","23","31","22","22","11","22","32","11","33","43","11","12","12","22","22","36","21","34","32","33","13","13","31","55","55","11","21","23","12","22","12","31","11","33","33","23","11","14","13","22","31","45","11","23","11","11","33","11","23","22","11","12","22","32","23","15",NA,"33","22","22","33","22","21","22","33","33","11","21","11","12","13","22","32","55","13","13","31","23","11","32","22","21","21","23","13","23","21","33","23","31","32","33","33","23","21","13",NA,"33","55","32","33","21","12","22","52","43","21","21","11","33","44","33","11","32","11","24","32","13","32","44","13","31","23","11"
"282","i031_E05_IDGW_S6_HIGH_MZKB","21","21","12","21","22","11","22","12","11","21","12","22","12","11","11","22","12","11","12","11","11","22","11","22","11","21","12","21","11","21","12","22","21","21","21","12","11","22","11","22","44","21","21","11","23","22","22","22","22","23","44","22","23","12","44","22","22","13","22","11","12","33","32","21","33","33","31","31","22","53","21","66","22","44","11","31","22","13","33","13","24","12","12","22","22","32","11","33","11","13","32","22","11","22","11","31","11","15","23","22","22","12","12","12","12","32","12","23","23","33","33","24","41","24","32","22","33","23","31","21","44","11","12","33","33","44","32","33","12","63","33","32","33","23","33","21","22","12","32","33","13","22","21","24","13","24","21","13","22","21","11","21",NA,"22","52","23","33","11","11","23","45","22","24","21","32","13","34","33","41","23","11","22","22","13","23","22","21","21","21","11"
"283","i040_A05_ScatOpt4_MZVB","11","12","21","22","21","12",NA,"22",NA,"12","21","22","12","21","11","11",NA,NA,NA,"11",NA,NA,"21","21","22",NA,"11","12","11","12","22","21","12","12",NA,"12","21","21",NA,"22","42",NA,NA,"11",NA,"22","12","12","22",NA,"44","21","24","22","12","32",NA,"33",NA,"13","11","33","32","22","33",NA,NA,"13",NA,"43",NA,NA,"21","23","33","22","32","13","22","11","54","22","11","22","22","22","22",NA,"11","31","12","24","11",NA,"12","51","31",NA,"32","21","22","11","23","21","44","32","11","31","22","44","23","45",NA,"34","32","13",NA,"22",NA,"33",NA,"23","21","21","11","21","32","22","22","33","21","12","12","32","13","13","23","12","32","12","13","22",NA,NA,"11",NA,"31","33","23","22","31",NA,"12",NA,"52","43","23","31","21","32","42","32",NA,"21","22","11","44","11","22","13","12","22","23","13",NA,"22","32","32","32","21"
"284","i023_H02_IDGW_S1_MID1_MZWB","11","21",NA,NA,"12","21",NA,"22","22","12","12",NA,"12","21","11","11",NA,NA,NA,"12",NA,NA,"12",NA,"12",NA,"11","11","12","21","21","22","12","21",NA,"21","11","21",NA,"22","22",NA,NA,"12","23","22","12",NA,"22","22","14","31",NA,"22",NA,"23",NA,"32","22","31","12","32",NA,NA,"23",NA,"33","13",NA,"24",NA,NA,"21","34","31","21","31","33","22","13","44","22","31","32","12","22","12","11","11","11","21","21","21",NA,"11","53","13",NA,"33","11",NA,"11",NA,"12","43",NA,"21","11","12",NA,"33","25",NA,"32","22","23","33","22","12","32",NA,"21","22","21","31","42","22","22","23","13","31","23","31",NA,"31","23","13","22","22","11","33","22","32","23","31",NA,"13","33","31","32","13",NA,"11",NA,"45","32","33",NA,"13","33","32","24",NA,"13",NA,"11","44","11","12",NA,"22","42","22","11",NA,"22","12","22","32","21"
"285","i040_B05_ScatOpt4_NZK2","22","12","21",NA,"22","11",NA,"21",NA,"22","21","12","21","11","21","22",NA,NA,NA,"12",NA,NA,"21",NA,"11",NA,"22","21","12","12","12","22","22","12","21","12","11",NA,NA,"12","14",NA,NA,"21","23","22","22","12","22",NA,"44","22","23","21",NA,"22",NA,"33",NA,"21","12","33","22",NA,"13",NA,"33","13",NA,"35",NA,NA,NA,"24","31","13","22",NA,"33","31","42","21","21","22","22","33","31",NA,"12","13","32","24","31","32","11","11","11",NA,"32","12","22","23",NA,"11","23","33","11","23","33",NA,"33","44",NA,"22","23","23",NA,"31","22","11",NA,"11","21","33","33","44","23","32","12","53","33","23","13","32","33","12","22","22","23","33","13","22","12",NA,"11",NA,"21","33","32","11","13",NA,"11","13","22","31","32","11","11","33","44","44",NA,"22","22","31","44","33","41","23","11",NA,"22","31",NA,NA,NA,"21","21",NA
"286","i038_F09_IDGW_S9_LOW_NZLB","21","22","22","22","22","22","22","12","12","21","11","22","21","21","11","11","11","12","11","12","11","21","12","21","21","12","11","11","11","11","21","12","22","21","22","22","21","22","12","22","22","21","22","21","23","22","21","21","22","22","44","12","23","22","11","22","21","33","22","11","22","23","33","22","23","44","32","33","22","23","13","22","21","14","31","22","33","32","22","31","45","32","33","32","21","12","21","11","12","31","11","41","21","42","12","35","12","45","34","21","22","11","33","22","34","32","21","13","12","43","32","24","43","22","22","12","31","22","13","32","44","32","21","21","31",NA,"12","22","22","33","33","21","12","31","31","32","31","22","22","21","31","32","33","34","31","23","11","33","32","22","33","32",NA,"13","41","12","33","11","13","33","32","32","24","21","22","11","44","21","12","31","21","42","32","31","23","22","13","23","32","11"
"287","i031_F05_IDGW_S6_HIGH_NZN2","12","11","21","12","22","11","22","21","11","21","12","11","22","12","22","22","12","22","12","12","11","22","21","22","11","21","22","12","12","22","21","22","22","21","12","22","11","21","11","22","14","11","22","11","22","22","22","12","22","23","44","22","32","22","44","22","12","11","12","22","21","23","22","22","21","33","13","31","22","53","23","66","22","44","11","31","22","31","33","31","54","12","21","22","21","22","11","13","12","13","23","24","31","32","11","11","13","31","34","22","22","12","22","11","32","32","12","32","33","43","33","44","44","24","32","23","33","31","32","12","34","31","12","21","33","44","23","32","21","55","33","32","12","33","33","21","22","22","22","33","13","22","12","42","12","34","11","33","23","11","31","22",NA,"32","51","32","33","21","11","33","44","44","42","12","21","13","44","33","41","32","11","22","32","13","23","21","21","21","23","21"
"288","i025_D03_IDGW_S3_MID2_NZQ2","12","22","21","12","22","11","22","21","11","21","21","11","22","21","22","22","12","21","11","11","11","22","11","22","11","12","21","21","12","12","12","22","22","21","12","22","11",NA,"11","21","44","12","22","21","23","22","22","21","22","33","41","32","23","21","44","32","22","11","21","11","21","33","32","21","33","34","33","21","23","35","12","66","32","24","13","22","22","13","33","31","24","12","12","22","22","23","11","33","11","23","23","42","21","22","11","11","31","31","43","11","22","12","21","12","32","32","12","23","23","33","33","42","41","24","32","32","33","11","22","11","44","13","12","12","11","14","23","21","11","55","33","23","31","23","33","12","22","22","32","33","31","22","12","42","11","23","12","33","22","21","11","21","12","11","22","13","23",NA,"12","32","44","44","24","22","23","31","44","33","41","23","11","22","32","31","32","22","21","11","32","21"
"289","i025_E03_IDGW_S3_MID2_NZR2","21","12","11","22","22","11","22","11","11","11","21","22","21","11","21","22","12","22","11","21",NA,"22","11","22","11","12","12","12","22","22","12","22","22","21","12","21","11","21","11","22","24",NA,"22","11","22","22","22","12","22","33","14","32","32","22","14","23","21","31","22","12","21","33","23","21","33","43","33","12","23","35","32","36","22","44","11","12","22","11","33","31","24","12","31","22","22","23","11","31","11","13","32","22","13","23","11","31","13","31","43","22","22","32","22","11","12","32","21","23","33","43","33","42","14","24","32","32","33","31","32","12","44","13","21","31","31","44","23","32","21","53","33","32","12","33","33","12","22","22","22","12","22","32","32","43","21","43","11","33","33","21","12","21","21",NA,"25","13","33",NA,"21","22","25","24","24","22","21","13","44","33","14","32","11","22","22","31","23","12","12","21","12","21"
"290","i031_C01_IDGW_S6_HIGH_OZ12","22","21","12","22","22","12","22","12","11","12","11","21","22","11","21","22","22","12","12","21",NA,"12","11","22","11","22","22","11","21","12","11","22","22","11","11","21","12","21","11","22","41","21","21","21","23","22","22","12","22","33","41","23","33","21","44","32","21","13","12","12","11","32","22","12","23","43","13","11","22","55","21","66","22","44","11","23","22","31","33","11","52","11","32","32","21","32","11","33","11","33","22","22","13","23","11","11","31","53","42","12","22","21","22","11","22","23","11","22","23","43","33","44","41","24","22","32","33","13","32","12","44","13","21","23","31","41","33","32","11","56","33","32","13","32","33","22","22","22","23","31","23","22","22","43","12","23","12","33","23","12","13","21",NA,"21","25","33","23","11","11","32","24","24","44","21","12","33","44","33","24","23","11","22","23","31","33","12","11","11","22","11"
"291","i038_H09_IDGW_S9_LOW_OZYB","12","11","22","22","11","22","22","11","22","21","12","21","21","21","21","12","22","21","11","22",NA,"22","11","12","22","22","21","21","12","21","12","22","22","11","11","21","12","21","12","21","32","21","22","22","22","11","11","11","11","23","44","11","23",NA,"11","22","22","33","22","31","21","23","21","22","33","33","32","33","12","22","22","66","22","44","21","11","12","33","22","35","55","12","11","23","13","12","21","11","22","33","21","41","22","24","11","33","33","44","13","23","22","31","33","21","22","22","12","11","33","33","31","45","14","33","22","23","33","21","11","23","23","11","22","31","11","42","23","33","32","63","33","32","21","33","11","11","33","11","22","12","33","22","21","33","23","22","23","33","33","23","11","11",NA,"11","22","11","23","11","11","33","54","23","42","11","32","31","11","23","41","22","11","44","22","13","32","42","32","31","32","21"
"292","i031_G06_IDGW_S6_HIGH_PZ1B","22","12","11","22","21","21","21","21","22","11","22","22","22","11","12","22","11","12","11","22","21","21","22","22","22","21","12","21","21","21","12","22","12","12","21","22","22","22","11","22","34","12","12","12","22","12","21","11","11","22","14","31","44","22","11","23","22","33","21","32","12","23","23","32","33","33","13","13","31","44","23","33","21","43","31","11","13","23","32","51","25","12","11","22","12","32","11","13","11","23","32","22","31","42","13","52","33","35","13","31","33","11","23","21","31","22","11","12","23","43","22","14","21","24","22","31","33","22","11","23","44","31","22","13","11","44","22","23","32","13","11","22","21","33","31","11","12","11","22","32","13","22","33","44","21","34","31","23","23","21","13","23",NA,"11","22","43","23","13","21","33","55","44","22","32","22","33","44","33","22","23","11","22","33","33","32","42","21","32","32","13"
"293","i040_C05_ScatOpt4_PZE2","21",NA,NA,NA,NA,"12",NA,"22",NA,"21","12",NA,"22",NA,"21","22",NA,NA,NA,"12",NA,NA,"21",NA,"11",NA,"12","21","21",NA,"21","22","22","11",NA,"12","11","22",NA,"22",NA,NA,NA,"11",NA,"22","22",NA,NA,NA,"44","22","23",NA,NA,"22",NA,"33",NA,"12","21","33","32",NA,"33",NA,NA,"21",NA,NA,NA,NA,NA,"42",NA,NA,"22",NA,"33","13","42","12","13","23","12","22","11",NA,"21","23",NA,NA,NA,NA,"11","31",NA,NA,"32","11",NA,"13",NA,"11","12",NA,NA,"23","33","34","33","24",NA,NA,"32",NA,NA,"11",NA,"11",NA,NA,"21","21","11",NA,NA,"23","11","56","33","23","13",NA,"31","21","23",NA,NA,"33","31","22",NA,NA,"32",NA,"11","31","22","22","11",NA,"11",NA,NA,"13","33","21","12","22","44",NA,NA,"22",NA,"13","43","33","22",NA,"11",NA,"22",NA,NA,NA,NA,"12","12",NA
"294","i038_A12_IDGW_S9_LOW_PZH2","12","12","12","12","22","11","22","21","11","12","22",NA,"21","21","21","12","11","21","11","11",NA,"22","12","22","11",NA,"21","22","21","21","22","22","12","12","12","21","11","22","21","21","42",NA,"22","11","22","22","22","22","22","23","44","22","22","22","14","22","22","31","22","12","22","33","23","22","13","33","33","32","32","33","31","36","23","24","13","21","22","11","33","33","44","22","11","22","22","32","31","13","21","12","33","42","12","22","11","31","11",NA,"43","12","32","31","21","21","13","33","12","33","33","33","33","24",NA,"42","33","22","33","12","12","11",NA,"11","12","31","31","44","22","13","12","53","33","33","32","33","31","11","23","21","32","32","12","32","31","33","31","43","11","13","32","21","12","12",NA,NA,"12","21","33","12","21","23","45","24","22","22","32","11","34","33","12","33","11","22","22","33","32","42","22","21","31","12"
"295","i023_A03_IDGW_S1_MID1_QZUF","12","12","12","21","12","22","22","22","22","11","22","21","22","11","21","21","22","11","12","22",NA,"21","11","12","12","22","11","11","22","21","22","12","12","11","11","12","11","22","22","21","42",NA,"22","12","22","22","12","12","22","33","44","21","44","11","11","23","22","23","11","21","12","32","22","23","13","33","33","33","22","35","32","63","11","32","33","11","32","12","32","15","52","21","11","22","22","23","31","31","11","31","33","34","23","14","11","31","13","55","43","22","23","13","12","12","12","23","11","12","13","34","12","44","41","33","22","12","21","32","13","22","34","32","11","13","13","44","13","22","31","25","13","13","33","33","21","21","13","12","23","21","33","22","22","33","33",NA,"13","33","33","32","11","22","21","11","25","23","23",NA,"11","33","53","44","22","22","23","43","44","31","24","24","12","12","32","31","23","21","22","13","23","11"
"296","i023_B03_IDGW_S1_MID1_RZKF","21","21","21","12","22","22","12","21","12","21","11","21","22","21","12","11","22","21","11","11",NA,"12","11","21","22","21","11","12","22","11","22","12","11","22",NA,"11","11","22","11","22","22",NA,"22","22","22","22","22","22","21","22","24","21","43","31","12","23","23","22","22","23","21","21","32","31","32","33","13","11","22","25","31","22","11","42","31","22","23","33","33","35","35","11","22","33","12","21","13","31","11","11","32","11","12","24","22","13","31","31","34","21","22","11","13","11","31","22","11","11","33","34","33","25","24","23","32","22","33","23","12","22","43","12","11","32","13","24","23","22","13","51","11","33","12","12","11","11","23","13","43","22","33","22","33","42","32","42","22","33","13","11","32","22","11","11","12","24","13",NA,"11","33","32","24","22","11","31","41","44","32","21","33","21","42","23","12","32","24","32","12","12","21"
"297","i038_B11_IDGW_S9_LOW_RZLF","21","12","21","12","21","22","22","22","22","11","22","21","22","11","12","22","22","11","12","22",NA,"12","11","12","12","22","11","11","22","12","22","21","21","11","11","21","11","22","22","12","24","21","22","12","22","22","12","21","22","33","44","12","44","11","11","32","22","32","11","21","21","23","22","23","13","33","33","33","22","53","23","36","11","32","33","11","32","12","23","15","25","21","11","22","22","23","13","31","11","13","33","34","23","41","11","13","31","55","34","22","32","31","21","21","12","23","11","21","31","34","21","44","14","33","22","21","12","32","31","22","34","23","11","13","31","44","13","22","31","25","31","13","33","33","12","21","13","21","23","12","33","22","22","33","33","34","13","33","33","23","11","22",NA,"11","25","23","23","31","11","33","35","44","22","22","32","34","44","13","24","42","12","12","32","31","32","21","22","31","32","11"
"298","i025_F04_IDGW_S3_MID2_RZOB","22","21","22","12","11","11","22","22","21","12","12","21","22","21","22","12","12","12","22","22","22","12","11","11","21","12","12","21","22","22","12","12","21","11","11","11","11","22","12","22","22","11","22","11","32","22","11","21","12","32","42","21","44","22","12","33","32","42","22","32","21","22","23","22","33","43","13","12","12","23","33","36","12","24","23","23","12","13","32","13","43","12","11","23","23","32","33","13","12","31","21","34","11","24","31","12","33","45","31","11","31","11","23","11","22","22","11","21","22","42","33","42","51","23","22","22","22","13","12","21","34","32","21","12","31","42","23","32","21","55","13","33","12","21","11","32","33","23","24","21","13","22","31","43","32","21","12","22","33","32","21","21","11","33","55","23","23",NA,"21","23","54","44","22","22","22","13","14","31","14","13","21","22","22","33","13","43","33","13","22","12"
"299","i040_D05_ScatOpt4_RZQB","22","22",NA,NA,"21","11",NA,"12","12","11","21",NA,"22","12","22","12",NA,NA,NA,"11",NA,NA,"11",NA,"22",NA,"12","21","22","21","11","21","21","12",NA,"11","12","22",NA,"22","22",NA,"21","11","33","22","11","12","12","32","44","21","44","22","21","32",NA,"21",NA,"21","22","32","22",NA,"23",NA,"33","12","21","23",NA,NA,"31","41","23","22","21",NA,"32","33","43","12","11","23","23","22","23",NA,"21","12","11","42","11","24","13","21","33",NA,"43","11","32","21",NA,"11","22","22","11","12","22","42","23","44","15","23","32",NA,NA,"13",NA,"21","34","23","11","11","11","42","32","32","12","55","33","13","12","12","12","22","33","32","22","22","11","32","11",NA,"22",NA,"21","22","33","32","12","21","13","33","55","31","33","21","12","32","54","44",NA,"22","22","31","41","13","11",NA,"12","22","22","33",NA,NA,"33","13","22","11"
"300","i025_G04_IDGW_S3_MID2_SYZZ2","12","11","22","12","22","22","22","21","22","22","21","12","22","21","22","21","11","21","21","12",NA,"12","12","22","11","21","12","22","22","11","11","12","12","11","22","12","12","11","21","12","34","21","21","21","22","11","11","11","22","22","44","23","44","31","22","23","22","23","11","12","12","23","13","31","23","33","12","11","21","22","22","33","22","44","11","32","13","31","22","55","33","11","32","23","31","22","33","33","11","21","33","22","11","44","33","32","33","45","13","31","31","12","33","11","23","21","11","12","12","43","32","44","54","42","32","12","33","21","31","32","32","11","11","21","11","22","11","23","11","65","33","11","13","12","11","22","22","11","12","13","32","32","32","33","23","33","11","32","33","11","31","13","22","13","22","33","23",NA,"31","23","22","33","22","22","13","13","14","13","11","22","21","22","22","11","32","42","23","32","22","11"
"301","i040_E05_ScatOpt4_SYZZ4","22","21",NA,NA,"22","22",NA,"21","22","22","11","22","22","22","22","22",NA,NA,NA,"12",NA,NA,"21","22","12",NA,"12","22","22","21","11","12","22","11",NA,"11","12","12",NA,"12","34",NA,"21","21","22","22","11","11","22","23","44","32","44","21","42","33",NA,"32",NA,"22","22","32","12","21","33","33","32","11",NA,"52","21","33","22","44","21","33","21","33","22","53","35","11","11","11","32","22","33",NA,"11","13","33","32","33",NA,"31","23","33","55","11","33","33","12","33","11","22",NA,"11","21","22","32","32","42","54","43","32","22",NA,"22","31","12","23","11","21","12","11","12","11","22","12","65","33","11","33","31","11","22","22","12",NA,"11","23","31",NA,"33","32",NA,"11","32","32","21","13","33","12","31","52","33","33","11","31","33","25","33","22","22","33","13","14","13","11",NA,"21","22","22","11",NA,"12","23","22","22","11"
"302","i040_F05_ScatOpt4_SYZZ5","21","11","22",NA,"22","22",NA,"12",NA,"22","12","21","22",NA,"22","21",NA,NA,NA,"21",NA,NA,NA,NA,"11",NA,"12","22",NA,"11","11","12","12","11",NA,"21",NA,"11",NA,"12",NA,NA,NA,"21",NA,"11","11",NA,NA,NA,"44","32","44",NA,NA,"23",NA,"23",NA,"12","21","23","13",NA,NA,"33",NA,"11",NA,NA,NA,NA,"22","44",NA,NA,"31",NA,"22","55","33","11","22","32","31","22","33",NA,"11","21","33",NA,"11","44","33","32",NA,NA,NA,"31","13","21",NA,"11","32","21",NA,"21","12","34","23","44",NA,"42","23",NA,NA,"12",NA,"32",NA,"11","11","21","11","22","11","23","11","56","33","11","31",NA,"11","22","22","11",NA,"31","32","23",NA,NA,"32",NA,"11","23","33","11","31",NA,"22",NA,"22","33","23","11","31","32","22",NA,NA,"22",NA,"13","14","13","11","22","12",NA,"22",NA,NA,NA,"23","23","22","11"
"303","i031_A08_IDGW_S6_HIGH_SYZZ6","21","21","22","12","22","22","21","21","22","22","21","22","22","22","22","12","11","12","11","11",NA,"21","11","22","21","21","22","22","21","11","11","22","22","11","22","11","12","21","12","12","42","22",NA,"12","22","22","11","11","21","22","14","23","44","31","24","22","22","23","21","22","21","23","23","13","32","43","33","11","12","52","12","33","21","44","21","33","13","31","22","53","55","11","23","31","31","22","33","33","11","32","33","22","11","44","33","23","13","54","13","33","33","21","33","21","33","23","11","11","22","32","33","24","15","43","22","22","33","22","13","12","32","31","11","22","11","12","11","32","11","56","33","11","13","32","13","22","23","32","22","11","23","32","12","33","32","13","11","23","23","22","23","31",NA,"13","25","32","23","21","11","23","52","33","22","22","31","13","41","13","14","22","12","12","23","13","33","44","32","23","22","11"
"304","i025_A05_IDGW_S3_MID2_SYZZE","21","21","22","21","22","22","21","12","22","22","12","22","22","22","22","21","11","21","11","11",NA,NA,"11","22","12",NA,"22","22","12","11","11","22","22","11","22","11","12","21","12","21","24",NA,NA,"12","22","22","11","11","12","22","41","23","44",NA,NA,"22","22","32","21","22","12","23",NA,"13","32","34","33","11","21","25","12","33","21","44","21","33","31","31","22","35","55","11","23","13","13","22","33","33","11","23","33","22","11","44","33","23","31","45","13","33","33","21","33","12","33",NA,"11","11","22",NA,"33","42","51","43","22","22","33","22","13","21","32","13","11","22","11","21","11","32","11","56","33","11","31","32","13","22","32","32","22","11","32","23","21","33","32","31","11","32","32","22","23","13","11","13","52","32","23",NA,"11","32","52","33","22","22","31","13","11","31","41","22","21","12","23","13","33","44","23","23","22","11"
"305","i025_B05_IDGW_S3_MID2_SYZZF","12","11","22","12","22","22","22","12","22","22","21","12","22","21","22","21","11","12","21","21",NA,"21","21","22","11","21","21","22","22","11","11","12","21","11",NA,"21","21","11","21","12","34","12","21","21","22","11","11","11","22","22","44","23","44","31","22","23","22","23","11","21","21","32","13","31","32","33","21","11","21","22","22","33","22","44","11","23","13","13","22","55","33","11","23","32","13","22","33","33","11","21","33","22","11","44","33","32","33","45","31","13","13","21","33","11","23","21","11","21","21","43","32","44","45","24","32","21","33","21","13","32","32","11","11","21","11","22","11","32","11","56","33","11","13","21","11","22","22","11","21","31","23","23","32","33","32","33","11","23","33","11","31","31","22","13","22","33","32",NA,"13","23","22","33","22","22","31","31","41","31","11","22","21","22","22","11","32","24","32","23","22","11"
"306","i031_B08_IDGW_S6_HIGH_SYZZH","12","22","22","22","22","12","22","21","22","22","11","22","22","12","22","21","11","12","12","11","21","21","11","11","21","12","21","21","21","11","11","22","21","11","12","11","22","11","11","21","32","22","21","21","22","22","11","11","22","22","41","32","44","21","14","23","22","22","22","11","11","32","23","13","32","33","32","12","23","25","22","33","22","44","21","22","13","31","22","55","33","11","21","21","21","22","23","33","12","21","33","33","31","42","13","23","33","54","13","33","33","12","13","21","33","33","11","12","22","34","32","44","44","43","32","12","13","21","13","32","32","11","21","23","31","12","11","22","12","56","33","13","12","22","11","21","23","11","11","32","13","32","12","33","23","31","31","33","33","11","11","31",NA,"21","22","32","33","12","13","33","25","23","24","21","33","31","14","33","44","22","21","22","32","33","33","44","23","12","22","11"
"307","i023_D03_IDGW_S1_MID1_SYZZK","22","12","22","22","22","22","12","12","22","22","11","22","22","22","22","22","11","11","21","12",NA,NA,"21","22","21","22","12","22","22","12","11","21","22","11",NA,"11","12","21","22","21","43",NA,NA,"12","22","22","11","11","22","23","44","32","44","12","24","33","22","32","21","22","22","23","21","21","33","33","23","11","32","52","12","33","22","44","21","33","21","33","22","35","35","11","11","11","23","22","33","33","11","31","33","23","33","32","31","32","33","55","11","33","33","21","33","11","22","12","11","21","22","32","23","42","54","43","23","22","13","22","31","21","32","11","12","21","11","12","11","22","21","65","33","11","33","31","11","22","22","21","22","11","23","31","33","33","32",NA,"11","23","23","21","13","33","12","31","25","33","33",NA,"31","33","52","33","22","22","33","31","41","13","11","22","21","22","22","11","32","21","23","22","22","11"
"308","i031_D02_IDGW_S6_HIGH_SYZZL","22",NA,"22","21","22","12","22","22",NA,"22","11",NA,"22","21","21","21","12",NA,NA,"22",NA,NA,"11",NA,"11",NA,"22","12","12","22","11","22",NA,"11",NA,"11","12","21",NA,"12","22",NA,"12","12","22","21","21",NA,"21","32","44","22","44","21",NA,"22",NA,"31","22","11","11","22","22","11","33",NA,"13","21","13","22","22","23","21","44",NA,"33","12","33","22","55","35","11","11","11","22","23","31",NA,"11","32","33","33","11",NA,"11","32","33",NA,"13","11","32","12","11","12","23",NA,"11","21","12",NA,"32","14",NA,"43","22","22","21","12","13","32",NA,"11","11","21","11",NA,"13","32","12","65","33","12","11",NA,"31","12","23","13","22","13","33","32","22",NA,"23","32","33","33","23","23","21",NA,NA,NA,"25","32","32","13","33","33","52","32","24","21","23","33","14","33","41",NA,"11","22","22","33",NA,NA,NA,"12","22",NA
"309","i040_H05_ScatOpt4_SYZZM","12","12","22","22","22","22",NA,"22","22","22","12","22","22","22","22","12",NA,NA,NA,"11",NA,NA,"11","12","11",NA,"21","22","12","12","11","12","22","11","22","12","22","12",NA,"21","22",NA,NA,"12","22","22","11","11","22","22","44","23","44","12","24","33",NA,"22",NA,"22","21","32","23","13","32","33","12","11","12","22","22",NA,"22","14","22","32","31","13","22","55","55","11","31","13","31","22","13","33","11","13","33","22","11","44","33","23","33","54","31","31","33","11","33","11","23","33","11","11","21","34","33","44","45","23","22","22",NA,"22",NA,"12","32","31","11","22","11","22","11","32","11","65","33","11","31","31","31","22","32","32","22","12","13","31","13",NA,"23","33","11","23","33","11","12","13","11","13","55","32","23","12","13","32","22","33","22","22","33","31","14","13","14","22","21","12","32","13","33","44","23","22","22","11"
"310","i025_E12_IDGW_S3_MID2_SYZZQ","21","21","22","22","22","22","22","22","22","22","21","22","22","22","22","21","11","21","11","11",NA,"11","11","12","11","11","21","22","12","21","11","12","22","11",NA,"12","22","12","22","12","22","22","21","12","22","22","11","11","22","22","44","23","44","12","42","33","22","22","21","22","21","32","23","31","32","33","21","11","21","22","22","33","22","41","22","32","13","31","22","55","55","11","13","13","13","22","13","33","11","31","33","22","11","44","33","23","33","45","31","31","33","11","33","11","23","33","11","11","21","34","33","44","54","32","22","22","31","22","13","12","23","31","11","22","11","22","11","23","11","56","33","11","31","13","31","22","32","32","22","12","13","31","31","33","32","33","11","23","33","11","12","31","11","13","55","32","32",NA,"13","23","22","33","22","22","33","13","14","13","41","22","21","12","23","31","33","44","23","22","22","11"
"311","i025_C06_IDGW_S3_MID2_SYZZX","21","22","22","22","22","12","22","12","22","22","11","22","22","21","22","21","11","21","21","11",NA,"21","11","11","21","21","21","21","21","11","11","22","12","11",NA,"11","22","11","11","21","23","22","21","21","22","22","11","11","22","22","41","32","44","12","41","32","22","22","22","11","11","32","23","31","23","33","32","12","32","52","22","33","22","44","21","22","31","13","22","55","33","11","21","21","12","22","32","33","21","12","33","33","13","24","31","23","33","54","13","33","33","21","13","12","33","33","11","12","22","43","23","44","44","43","32","12","31","12","13","32","23","11","12","32","31","12","11","22","12","56","33","31","12","22","11","12","32","11","11","32","13","23","12","33","23","31","31","33","33","11","11","13","11","12","22","23","33",NA,"31","33","52","23","24","12","33","31","41","33","44","22","12","22","32","33","33","44","32","21","22","11"
"312","i031_D08_IDGW_S6_HIGH_SYZZY","21","12","22","12","22","22","21","12","22","22","21","22","22","22","22","21","11","12","11","11","12","21","11","22","21","21","22","22","21","11","11","22","22","11","22","11","21","21","12","21","24","22","12","12","22","22","11","11","21","22","41","32","44","31","24","22","22","23","12","22","21","32","32","13","23","43","33","11","12","52","21","33","21","44","12","33","13","31","22","53","55","11","23","31","31","22","33","33","11","32","33","22","11","44","33","23","31","54","13","33","33","12","33","12","33","32","11","11","22","23","33","24","15","43","22","22","33","22","31","21","23","13","11","22","11","21","11","32","11","65","33","11","31","23","31","22","32","32","22","11","32","23","21","33","23","31","11","23","23","22","32","31",NA,"13","25","32","32","12","11","23","25","33","22","22","31","31","14","13","41","22","21","21","23","31","33","44","23","23","22","11"
"313","i038_F12_IDGW_S9_LOW_SYZZZ","12","11","22","21","22","22",NA,"12",NA,"22","21","21","22","21","22","12","11",NA,NA,"12",NA,NA,NA,NA,"11",NA,"12","22","22","11","11","21",NA,"11",NA,"21","12","11",NA,"21","43",NA,NA,"21","22","11","11","11","22","22","44","32",NA,"13",NA,"23","22","23","11","21","21","23","13",NA,"32","33","12","11","21","22",NA,NA,"22","44","11",NA,"31","13","22","55","33","11","23","32","31","22","33","33","11","21","33","22","11","44","33","32","33",NA,"31","13","13",NA,"33","11","32",NA,"11","21","21","34","32","44",NA,NA,"32","21","33","12","13","32",NA,"11","11","12","11",NA,"11","32","11","65","33","11","31",NA,"11","22","22",NA,"12","13","32","23","32",NA,"23",NA,"11","32","33","11","13",NA,NA,NA,"22","33","33","11","31","32","22","33",NA,"22","31","31","41","31","11",NA,"12","22","22","11","23","42","32","32","22",NA
"314","i031_E08_IDGW_S6_HIGH_SZZV1","12","21",NA,NA,"12","12",NA,"22","22",NA,"11",NA,"22",NA,"22","21","11",NA,NA,"11",NA,NA,"11","21","12","22","22","22","12","11","11","21","12","11",NA,"22","22","21",NA,"22","43",NA,NA,"21",NA,"21","11",NA,"11","22","41","32","44","11",NA,"22","22","13","12","31","11","23","32","13","32",NA,"33","11","22","23","21",NA,"22","41","12",NA,"22","33","22","53","35","11","11","11","22","22","22",NA,"12","22","33","32","13",NA,"33","22","31",NA,"31","13","33","12","31","12","33",NA,"11","12","22","23","32","24",NA,"23","22","21","31","21","13","21",NA,NA,"11","22","11","12","11","22","12","56","33","13","32",NA,"11","12","23",NA,"11","13","23","32",NA,NA,"33",NA,"13","33","33","11","21",NA,NA,NA,"25","33",NA,"11","33","33","22","13","22","22","22","33","11","13","11",NA,"11","12","33","13",NA,NA,"23","22","22","11"
"315","i031_F08_IDGW_S6_HIGH_SZZV2","22","21",NA,NA,"22",NA,NA,"12",NA,NA,"11",NA,"22",NA,"22",NA,NA,NA,NA,"12",NA,NA,NA,NA,"12",NA,"12","22",NA,"12",NA,"12",NA,NA,NA,"11","12","12",NA,"21",NA,NA,NA,"12","22","22","11",NA,NA,NA,NA,NA,NA,NA,NA,"33",NA,"32","21","22","22","23","12",NA,"33",NA,"23","11",NA,NA,NA,NA,"22","44",NA,NA,"12",NA,"22","53","53","11","11","11","32",NA,NA,NA,"11","13",NA,NA,NA,NA,"13","23","33",NA,NA,"33",NA,"21","33","11",NA,NA,NA,"21","22",NA,"33","24",NA,"34","23","22","31","22","13","21",NA,NA,"12","12","11",NA,"11","32","21","56","33","11",NA,NA,"11","22",NA,NA,"22","11","22","31",NA,NA,"32",NA,"11",NA,"32","12","13",NA,NA,NA,NA,"33",NA,"21","13","33","25","43",NA,"22",NA,NA,NA,"31","11",NA,NA,"22",NA,"11",NA,NA,NA,NA,NA,NA
"316","i023_E04_IDGW_S1_MID1_SZZV3","22","12","22","22","12","11","12","22","22","22","11","22","22","21","22","12",NA,NA,"21","11",NA,"22","11","12","11",NA,"22","21","22","11","11","22","21","11",NA,"12","22","21",NA,"12","24",NA,NA,"11","22","12","11","11","21","32","44","22","44","21","24","32","22","12","22","31","21","22","21","11","33","33","31","21","23","32","21",NA,"22","44","21","32","12","33","22","55","33","11","11","11","21","22","21","33","21","32","33","23","11","44","31","32","33",NA,"34","31","33","12","11","22","33","33","11","21","22","33","23","44",NA,"23","22","12","13","21","31","23","23",NA,"11","32","13","12","13","32","12","56","33","11","13","23","31","11","33","31","21","13","33","32",NA,NA,"32",NA,"33","33","33","12","21",NA,"12","32","25","33","32",NA,"31","33","25","21","42","12","32","33","41","33","14","23","11","22","32","33",NA,"44","21","21","22",NA
"317","i031_H08_IDGW_S6_HIGH_SZZV6","21","22","22","22","22","12","22","21","22","22","11","22","22","21","22","12","11","12","12","11","21","21","11","11","12","21","12","21","12","11","11","22","21","11","21","11","22","11","11","21","32","22","12","12","22","22","11","11","22","22","41","32","44","21","14","23","22","22","22","11","11","32","23","13","32","33","23","12","32","52","22","33","22","44","12","22","13","31","22","55","33","11","21","12","21","22","23","33","12","12","33","33","31","24","31","32","33","54","31","33","33","12","31","21","33","33","11","21","22","43","32","44","44","43","32","21","13","21","13","23","23","11","12","23","13","21","11","22","21","65","33","13","12","22","11","12","23","11","11","32","13","23","21","33","23","31","31","33","33","11","11","31",NA,"12","22","32","33","12","13","33","52","32","24","21","33","13","41","33","44","22","12","22","23","33","33","44","23","12","22","11"
"318","i023_F03_IDGW_S1_MID1_SZZV7","12","12","22","21","22","22","12","12","22","22","21","22","22","22","22","12","11","21","11","11",NA,"12","11","22","21","21","22","22","21","11","11","22","22","11",NA,"11","21","21","12","21","24","22","12","12","22","22","11","11","12","22","14","32","44","31","42","22","22","32","21","22","12","23","23","13","23","43","33","11","12","25","21","33","12","44","21","33","31","31","22","53","55","11","23","13","31","22","33","33","11","32","33","22","11","44","33","23","31","54","31","33","33","21","33","21","33","32","11","11","22","23","33","24","15","34","22","22","33","22","31","21","23","31","11","22","11","21","11","23","11","56","33","11","31","32","31","22","32","32","22","11","32","32","21","33","23","31","11","32","32","22","23","13","11","13","52","32","23",NA,"11","32","52","33","22","22","13","13","14","31","41","22","12","21","32","13","33","44","32","23","22","11"
"319","i025_D05_IDGW_S3_MID2_SZZV9","12","21","22","22","22","22","22","22","22","22","21","22","22","22","22","12","11","12","11","11",NA,"11","11","21","11","11","12","22","21","21","11","12","22","11",NA,"21","22","21","22","12","22","22","21","12","22","22","11","11","22","22","44","32","44","21","24","33","22","22","21","22","21","23","23","13","23","33","12","11","21","22","22","33","22","41","22","23","13","31","22","55","55","11","31","31","13","22","31","33","11","31","33","22","11","44","33","32","33","45","13","13","33","11","33","11","32","33","11","11","12","43","33","44","45","23","22","22","31","22","13","21","32","13","11","22","11","22","11","23","11","56","33","11","31","31","31","22","32","32","22","21","13","31","13","33","32","33","11","32","33","11","12","31","11","31","55","23","32",NA,"13","23","22","33","22","22","33","13","41","13","14","22","12","21","32","31","33","44","32","22","22","11"
"320","i031_A09_IDGW_S6_HIGH_SZZVF","12","12",NA,"22","21","12","12","22",NA,"22","11",NA,"22","21","22","12",NA,"22",NA,"11",NA,NA,"11",NA,"21",NA,"22","22","12","11","11","21","21","11",NA,"22","22","12",NA,"22","34",NA,NA,"12","22","21","11","11","11",NA,"11","23","44","11",NA,"22",NA,"31","21","31","11","32","23",NA,"23",NA,"33","11","22","23","21","33",NA,"41","21",NA,"22",NA,"22","35","35","11","11","11","22","22","22","33","21","22","33","23","13",NA,"33","22","13",NA,"13","31","33","12",NA,"21","33",NA,"11","21","22",NA,"32","24",NA,"23","22","21","31","12",NA,"12","23","31","11","22","11",NA,"11","22","21","56","33","13","23",NA,"11","21","32","31","11","31","23","32",NA,NA,"33",NA,"31","33","33","11","12",NA,NA,NA,"52","33","33","11","33","33","22","13","22","22","22","33","11","13","11",NA,"11",NA,"33","31",NA,NA,NA,"22","22",NA
"321","i037_G05_IDGW_S17_MID2_HIGH_SZZVI","12","21","22","22","21","21","21","22","22","22","11","22","22","21","22","21","11","22","21","11","11","21","11","12","12","22","22","22","21","11","11","12","12","11","22","22","22","21","11","22","34",NA,"21","21","22","12","11","11","11","22","14","32","44","11","12","22","22","31","12","31","11","23","32","13","32","33","33","11","22","23","21","33","22","41","21","23","22","33","22","53","35","11","11","11","22","22","22","33","21","22","33","32","31","42","33","22","31",NA,"31","31","33","12","31","12","33","33","11","12","22","32","32","42",NA,"32","22","12","31","12","13","12","23","13","11","22","11","21","11","22","21","65","33","13","23","22","11","12","23","31","11","13","23","32","32","33","33","12","31","33","33","11","21","31",NA,"21","52","33","33","11","33","33","22","13","22","22","22","33","11","31","11","32","11","21","33","31","33","14","32","22","22","11"
"322","i040_C08_ScatOpt4_SZZVM","12","21","22","22","21","21",NA,"22",NA,"22","11","22","22","12","22","21",NA,NA,NA,"11",NA,NA,"11",NA,"12",NA,"22","22","12","11","11","12","12","11",NA,"22","22","12",NA,"22","43",NA,NA,"12","22","21","11",NA,"11","22","41","23",NA,NA,"12","22",NA,"13",NA,"31","11","23","23","31","23",NA,"33","11",NA,"32",NA,NA,"22","41","21",NA,"22","33","22","35","53","11","11","11","22","22","22",NA,"12","22","33","23","31",NA,"33","22","13",NA,NA,"13","33","12","31","12","33","33","11","21","22","23","23","42",NA,"23","22","21",NA,"12",NA,"12",NA,"13","11","22","11","21","11","22","12","65","33","31","32","22","11","21","23",NA,NA,"31","32","23",NA,NA,"33",NA,"31","33","33","11","12","13","11","21",NA,"33","33","11","33","33","22","31",NA,"22","22","33","11","31","11","23","11","21","33","31",NA,NA,"23","22","22","11"
"323","i026_A01_IDGW_S4_MID2_SZZVQ","12","12","22","22","12","12","12","22","22","22","11","22","22","21","22","12","11","22","21","11","11","12","11","21","12","22","22","22","21","11","11","21","12","11","22","22","22","21","11","22","43","22","21","21","22","21","11","11","11","22","14","32","44","11","21","22","22","13","21","31","11","32","23","31","32","33","33","11","22","23","12","33","22","41","12","32","22","33","22","53","53","11","11","11","22","22","22","33","21","22","33","32","13","24","33","22","31","45","13","31","33","12","31","12","33","33","11","21","22","23","23","24","41","23","22","21","13","12","31","12","23","31","11","22","11","12","11","22","12","65","33","13","23","22","11","21","32","31","11","31","23","23","23","33","33","21","13","33","33","11","21","13","11","12","52","33","33","11","33","33","22","13","22","22","22","33","11","13","11","32","11","21","33","31","33","14","32","22","22","11"
"324","i025_E06_IDGW_S3_MID2_SZZVR","21","12","22","22","22","22","22","22","22","22","21","22","22","22","22","12","11","12","11","11",NA,"11","11","21","11","11","21","22","12","12","11","21","22","11","22","21","22","21","22","21","22","22","12","12","22","22","11","11","22","22","44","32","44","12","24","33","22","22","12","22","12","32","23","13","23","33","12","11","21","22","22","33","22","41","22","32","13","13","22","55","55","11","31","31","13","22","13","33","11","31","33","22","11","44","33","32","33","54","31","13","33","11","33","11","32","33","11","11","21","34","33","44","54","23","22","22","31","22","13","21","32","13","11","22","11","22","11","23","11","65","33","11","13","13","13","22","23","32","22","12","13","13","31","33","32","33","11","23","33","11","21","13","11","31","55","32","32",NA,"31","23","22","33","22","22","33","13","14","13","41","22","12","21","23","31","33","44","23","22","22","11"
"325","i023_E11_IDGW_S1_MID1_SZZWD","22","11","21","21","12","22","21","21","21","11","22","22","21","11","12","21","11","11","11","21",NA,NA,"21","21","22",NA,"21","11","11","21","12","21","11","11",NA,"11","12","22","11","12","24",NA,"22","11","23","22","21","12","22","22","31","31","24","12","41","33","22","23","11","11","12","22","23","33","12","33","23","12","22","33","11","32","12","43","13","11","12","33","32","53","15","22","11","12","22","22","31","31","12","23","32","21","21","22","11","12","13","54","31","21","23","21","23","21","22","22","12","12","22","44","23","44","13","33","13","21","23","22","12","23","44","11","21","22","33","44","21","22","32","36","13","31","33","31","32","23","33","11","22","22","32","32","32","31","32","33","32","33","33","22","23","12","11",NA,"25","43","33",NA,"31","23",NA,"42","22","23","31","34","44","32","14","32","21","23","23","33","23","42","11","31","22","12"
"326","i023_F11_IDGW_S1_MID1_SZZWW","12","22","22","12","22","22","22","21","11","11","22",NA,"22","12","21","22",NA,"12",NA,"11",NA,NA,"11",NA,"22",NA,"21","21","22","21","22","11","12","11",NA,"21","21","22","12","11","24",NA,"22","21","22","22","22","22","12","22","44","21","42","23","12","22","12","33","21","11","12","33","22","33","33","33","13","33","21","31",NA,"23","22","42","13","23","12","32","32","33","51","22","11","22","21","12","31","33","13","23","11","22","11","24","21","32","33",NA,"33","11","12","23","22","12","22",NA,"11","13","22","34","23","41",NA,"22","22","22","31","21","12","33","23","12","21","31","12","24","22","12","21","65","32","13","31",NA,"11","21","22","31","22","11","11","33","33","42","31","32","21","12","33","23","13",NA,"21",NA,"22","23","32",NA,"13","32","35","24","22","23","23","11","34","23","21","32","12","22","22","33",NA,"44",NA,"13","21","22"
"327","i026_D09_IDGW_S4_MID2_SZZXF","22","11","22","12","22","21","22","22","22","22","11","22","22","12","21","21","12","21","22","22","12","22","11","22","11","12","22","21","12","22","11","22","12","11","12","11","21","21","12","21","22","11","21","12","22","21","12","12","12","23","44","22","44","21","24","22","22","31","22","11","11","22","22","11","33","33","13","12","31","22","22","23","21","44","12","33","21","33","22","55","53","11","11","11","22","23","13","33","11","32","33","33","11","14","11","23","33","45","13","11","23","12","11","12","23","32","11","12","12","33","32","41","45","43","22","22","21","21","31","32","23","11","11","21","11","21","31","32","12","56","33","12","11","31","13","21","23","31","22","13","33","32","22","33","23","32","33","33","23","23","12","13","12","22","52","23","32","13","33","33","25","23","24","12","32","33","41","33","41","23","11","22","22","33","33","24","21","12","22","11"
"328","i032_A11_IDGW_S7_HIGH_SZZY1","22","11","22","12","12","22","12","22","22","21","21","21","22","22","22","12","11","11","22","11","11","11","21","22","21","11","12","12","22","11","12","21","22","12","11","11","11","22","12","22","31","11","22","12","32","11","21","21","22","32","44","11","43","31","22","23","22","21","21","22","12","23","21","21","33","33","33","11","22","53","32","66","32","44","11","12","11","13","12","33","53","22","23","31","22","33","12","33","11","21","33","32","33","23","22","22","13","41","33","11","32","11","32","11","42","22","12","21","22","32","32","14","51","43","32","32","33","22","13","23","33","11","21","21","11","12","22","22","12","35","13","11","11","33","31","21","33","33","22","33","23","12","13","33","33","12","21","33","32","23","31","11",NA,"12","21","11","12","12","11","33","22","22","44","12","33","11","44","33","44","22","11","22","22","23","23","14","11","13","22","11"
"329","i026_E09_IDGW_S4_MID2_SZZY3","21","11","22","22","12","22","12","22","22","21","22","21","21","22","22","12","12","11","21","11",NA,"11","12","12","12","21","22","12","22","11","21","21","22","11",NA,"11","12","21",NA,"22","13","21","21","11","23","11","22","11","12","22","44","22","33","11","12","22","21","43","12","23","12","33","22","21","33","32","32","11","22","33",NA,"36","13","44","12","22","11","31","21","51","55","21","13","33","12","33","11","33","11","12","33","33","11","44","33","32","13","51","32","11","22","11","23","11","24","22","23","12","22","24","23","42","15","34","32","32","33","12","21","22","42","13","11","11","11","12","23","22","11","55","31","12","11","33","31","12","32","23","32","32","21","13","31","33","33","32","21","33","23","32","13",NA,"12",NA,"15","23","23","31","11","33","22","34","22","21","32","31","41","31","44","22","13","22","22","13","11","44","11","12","22","11"
"330","i036_E05_IDGW_S16_MID1_MID2_SZZY5","22","11","22","21","11","12","11","22","22","11","22","21","21","22","22","22","12","11","12","11",NA,"12","12","22","21","12","22","22","22","21","21","21","22","11","11","11","21","12","22","22","31",NA,NA,"12","33","12","21","11","21","23","44","21","33","11","22","23","22","41","22","22","21","33","23","13","13","33","23","11","22","53","21","66","23","44","21","23","11","31","31","35","55","12","13","33","21","33","12","33","11","13","33","33","13","42","32","32","11","54","23","31","23","11","32","11","42","32","32","11","22","32","32","42","55","33","23","23","32","21","12","22","34","11","21","12","11","11","32","22","21","65","13","12","11","33","11","22","33","31","32","32","13","32","13","33","32","13","21","33","23","22","13","13",NA,"12","21","12","32","31","11","32","22","42","42","22","23","13","14","13","44","22","31","22","22","12","21","14","11","13","22","11"
"331","i032_E12_IDGW_S7_HIGH_SZZZ3","22","11","22","21","12","22","12","12","22","11","21","22","22","22","12","12","11","11","22","12","11","11","11","12","21","11","21","22","22","22","11","21","22","11","22","11","12","21","11","22","23","12","22","21","22","22","21","12","22","23","44","22","34","21","22","22","22","12","12","21","12","22","32","13","23","33","31","11","12","13","21","33","22","44","12","23","21","33","33","33","55","22","12","31","32","22","12","33","11","23","33","23","32","43","12","23","33","15","13","11","22","11","33","11","32","22","13","12","22","23","32","41","11","34","32","21","33","21","11","22","22","11","11","11","11","22","33","33","23","51","13","11","11","23","13","22","33","13","13","12","23","33","12","33","32","33","23","23","33","21","11","33",NA,"21","55","21","33","31","11","23","55","33","24","13","13","31","41","13","14","22","12","24","22","13","23","42","21","21","22","11"
"332","i032_D12_IDGW_S7_HIGH_SZZZ8","21","11","22","12","12","12","21","12","22","21","21","12","22","22","22","22","11","11","12","21","12","12","21","21","21","21","22","22","22","22","11","22","22","11","21","21","11","22","22","22","32","21","22","12","22","22","21","11","21","22","44","22","43","12","11","32","12","13","21","33","21","23","22","12","32","33","33","11","12","31","21","63","21","44","12","23","31","33","33","33","55","22","12","31","32","23","22","13","11","21","33","33","32","41","11","33","33","55","11","11","12","12","21","11","22","33","31","22","22","42","33","44","45","34","32","21","33","21","12","22","32","11","11","11","11","42","22","22","23","51","13","13","31","13","11","11","33","22","22","21","32","33","21","33","32","13","32","32","33","22","11","33",NA,"23","55","21","33","13","21","22","55","43","21","31","11","33","41","11","14","22","11","44","22","31","32","24","32","21","22","11"
"333","i032_C11_IDGW_S7_HIGH_SZZZE","21","11","22","21","12","12","12","12","22","12","21","21","22","22","22","22","11","11","12","12","12","21","12","21","21","21","22","22","22","22","11","22","22","11","21","12","11","22","22","22","23","21","22","12","22","22","12","11","21","22","44","22","34","21","11","23","21","31","21","33","21","32","22","21","23","33","33","11","21","31","12","63","21","44","12","32","13","33","33","33","55","22","21","13","23","23","22","13","11","21","33","33","32","14","11","33","33","55","11","11","21","21","12","11","22","33","13","22","22","24","33","44","45","34","23","12","33","21","12","22","32","11","11","11","11","24","22","22","32","51","13","31","13","31","11","11","33","22","22","12","23","33","21","33","32","13","23","23","33","22","11","33",NA,"32","55","21","33","13","12","22","55","34","21","31","11","33","41","11","14","22","11","44","22","13","23","24","32","21","22","11"
"334","i024_A01_IDGW_S2_MID1_SZZZH","12","12","21","22","22","21","12","21","21","22","22","22","22","22","21","21","11","12","22","11","21","22","21","21","21","12","22","11","12","11","11","22","21","11","11","21","22","12","11","22","32","12","22","12","22","22","21","11","12","32","41","23","44","21","11","23","22","33","12","22","12","22","23","12","22","13","31","11","22","23","32","36","22","44","11","33","22","31","22","51","53","22","33","22","11","31","11","13","21","33","33","33","31","11","11","23","13","11","33","13","33","22","11","32","22","23","22","11","12","43","22","41","44","33","12","22","22","23","11","22","32","13","11","13","11","42","12","32","12","56","11","12","33","33","33","31","21","11","22","21","32","32","23","33","33","33","31","33","33","21","12","13","12","31","22","33","33",NA,"12","23","22","43","22","12","23","31","11","13","44","22","12","21","23","33","33","44","13","23","22","21"
"335","i024_B01_IDGW_S2_MID1_SZZZI","22","11","22","12","21","22","12","21","22","11","12","22","22","22","21","12","11","11","22","12","11","11","11","21","12","11","12","22","22","22","11","21","22","11","22","11","12","12","11","22","32","12","22","21","22","22","12","12","22","23","44","22","34","21","22","22","22","21","12","12","21","22","32","13","32","33","31","11","21","31","21","33","22","44","12","23","12","33","33","33","55","22","12","13","23","22","21","33","11","32","33","23","23","34","21","32","33","15","13","11","22","11","33","11","32","22","31","21","22","32","32","41","11","43","23","21","33","21","11","22","22","11","11","11","11","22","33","33","32","15","31","11","11","32","13","22","33","31","31","12","23","33","12","33","23","33","32","32","33","21","11","33","22","12","55","12","33",NA,"11","23","55","33","42","31","31","13","14","31","14","22","12","42","22","31","23","24","12","21","22","11"
"336","i037_C08_IDGW_S17_MID2_HIGH_SZZZW","22","11","22","11","22","22","11","21","22","12","22","21","21","22","22","12","11","11","12","21","12","11","22","22","11","22","22","22","22","22","11","21","22","11","11","12","21","22","22","22","22","11","12","12","22","22","11","11","22","33","44","22","33","11","22","32","22","34","22","22","11","33","23","13","13","43","11","11","22","25","22","63","21","11","33","23","33","33","33","53","55","12","31","33","22","22","32","33","11","31","33","33","12","44","13","22","31","44","31","12","22","21","32","11","44","22","33","11","22","33","32","22","14","34","23","22","32","22","11","22","32","11","11","11","11","42","13","22","32","65","11","31","31","33","11","11","33","32","22","13","32","32","32","33","33","13","33","33","33","22","11","31",NA,"22","52","31","33","11","11","22","34","33","22","11","21","33","11","33","14","23","11","24","22","31","31","44","11","13","22","11"
"337","i032_F12_IDGW_S7_HIGH_TYZV3","22","11","22","11","12","22","11","21","22","12","22","12","12","22","22","11","11","11","11","22","21","11","12","21","11","22","22","22","22","21","12","22","22","11","11","11","22","22","11","22","24","22","21","11","22","22","11","11","12","33","44","22","33","11","22","33","22","22","22","22","11","33","23","31","13","43","21","11","22","52","22","36","12","11","33","33","33","33","33","35","55","11","11","33","22","22","23","33","11","31","33","33","11","44","13","22","31","44","13","21","12","12","22","12","24","22","31","11","22","33","33","22","11","43","32","32","32","12","11","22","32","31","11","12","11","21","23","22","23","61","11","11","11","32","11","12","33","23","33","13","33","23","22","33","32","33","23","33","23","22","11","33",NA,"22","22","33","33","11","31","22","33","44","11","13","12","33","11","31","44","22","32","42","22","31","13","44","11","33","22","11"
"338","i024_B03_IDGW_S2_MID1_TYZVQ","22","11","22","11","21","22","11","12","22","21","22","12","12","22","22","11","11","11","11","22","21","11","12","21","11","22","22","22","22","12","21","22","22","11","11","11","22","22","11","22","42","22","12","11","22","22","11","11","12","33","44","22","33","11","22","33","22","22","22","22","11","33","32","13","13","43","12","11","22","25","22","63","12","11","33","33","33","33","33","35","55","11","11","33","22","22","23","33","11","13","33","33","11","44","31","22","13","44","13","21","12","12","22","21","24","22","13","11","22","33","33","22","11","34","23","32","23","12","11","22","32","13","11","21","11","21","23","22","32","16","11","11","11","23","11","21","33","32","33","31","33","32","22","33","32","33","32","33","32","22","11","33","21","22","22","33","33",NA,"31","22","33","44","11","13","12","33","11","31","44","22","23","24","22","13","13","44","11","33","22","11"
"339","i024_A03_IDGW_S2_MID1_TYZX6","22","11","22","11","11","21","11","22","12","21","22","11","22","22","22","21","11","11","12","21","22","22","12","22","11","12","22","22","22","22","11","22","22","11","21","11","22","22","12","22","22","11","22","11","23","22","12","21","21","33","41","22","34","21","12","13","23","24","22","23","12","22","22","11","32","33","13","11","21","22","12","63","21","34","31","22","21","32","33","13","45","11","11","23","11","22","31","33","11","11","33","32","21","44","31","22","33","54","31","21","31","11","32","12","41","22","23","11","22","33","22","24","51","34","22","22","22","11","22","22","32","23","12","22","11","44","33","22","22","65","13","31","11","31","11","21","33","13","22","23","31","22","13","33","23","31","33","33","23","22","21","23","12","12","25","21","23",NA,"13","32","23","43","22","32","12","33","11","13","11","32","21","24","32","31","12","44","13","22","22","11"
"340","i024_D05_IDGW_S2_MID1_TYZXN","12","12","12","11","12","11","22","22","12","11","11","21","11","22","11","11","21","12","22","12","22","22","22","22","22","22","12","11","21","12","12","11","21","22","11","21","11","21","22","21","34","22","11","12","12","22","21","21","22","32","44","13","34","13","11","32","22","33","11","23","12","22","32","22","33","24","22","21","32","23","13","33","22","44","31","22","11","31","13","52","13","12","11","33","21","21","32","31","11","31","33","22","12","12","21","53","13","55","23","22","22","12","33","11","24","33","12","11","33","34","33","54","13","33","12","21","33","32","11","22","43","33","11","23","21","24","12","22","23","55","11","31","32","21","11","22","33","13","22","32","31","11","22","23","12","23","11","33","32","22","11","11","11","11","22","33","31",NA,"31","33","55","43","22","32","22","34","44","23","11","23","23","21","33","13","32","34","23","31","22","22"
"341","i033_C02_IDGW_S8_HIGH_TYZXU","11","11","22","11","22","12","22","11","21","21","22","22","22","21","12","11","21","12","12","12","11","22","22","21","22","11","11","12","22","12","22","11","11","11","21","12","11","11","12","11","21","21","21","22","21","22","21","21","22","22","44","12","22","22","14","22","22","32","11","31","11","21","33","22","32","34","32","23","33","23","33","63","11","44","11","21","11","11","33","55","34","21","33","23","12","12","12","33","11","11","32","33","11","44","33","22","11","44","11","32","32","12","33","22","31","22","11","11","22","44","33","45","11","33","21","13","33","33","11","22","33","13","12","33","12","42","22","22","13","55","11","32","33","33","31","32","33","11","22","32","23","13","23","23","12","32","12","33","33","21","11","31",NA,"11","24","21","13","11","11","33","55","24","42","23","23","34","44","32","44","32","11","14","23","31","31","14","22","22","13","12"
"342","i026_E12_IDGW_S4_MID2_TYZYR","12","11","22","22","22","22","22","22","22","21","12","22","22","22","22","11","11","11","22","11","11","11","12","12","11","12","12","11","22","11","11","21","22","21","21","11","11","22","11","22","43","21","22","21","22","21","22","12","22","22","44","21","43","31","12","22","12","32","11","23","21","32","12","22","33","23","23","11","12","13","23","36","21","44","21","12","13","32","32","13","53","22","32","31","22","32","21","33","11","22","33","23","31","34","23","22","33","15","13","11","22","11","33","11","12","32","13","12","22","34","23","14","15","34","22","21","33","22","13","23","32","13","11","11","11","22","23","22","21","53","33","21","11","33","13","21","32","32","22","23","21","13","33","33","23","12","21","23","22","23","31","11","22","13","25","13","31","12","13","33","25","32","42","21","13","13","44","33","14","32","11","22","22","33","23","42","21","32","22","11"
"343","i025_F06_IDGW_S3_MID2_TZ3B","12","11","12","21","22","22","22","12","11","21","22","22","22","11","12","21","12","11","21","21","21","22","22","21","22","11","21","11","22","11","22","21","21","21","21","12","11","21","22","12","32","21","21","21","22","12","22","11","12","32","44","22","42","23","41","22","22","23","11","33","12","31","33","22","23","34","12","31","32","32","31","31","21","44","31","21","13","31","13","55","53","22","31","22","21","12","21","33","21","13","22","32","21","24","32","23","11","41","13","32","32","12","33","21","14","22","31","11","22","44","23","54","13","34","21","13","33","32","11","22","43","11","22","31","12","24","23","22","21","35","11","22","32","31","13","32","33","13","22","23","32","13","23","32","21","23","22","33","32","12","11","13","11","11","44","32","33",NA,"21","23","54","44","22","23","22","34","44","12","41","33","12","12","22","33","33","41","21","23","33","21"
"344","i026_B01_IDGW_S4_MID2_TZYH","22","11","12","21","22","22","12","21","21","11","22","22","22","11","21","11","21","12","11","21",NA,"22","22","21","21","22","12","21","21","11","22","11","12","22","11","21","11","22","12","12","14","22","22","21","22","22","12","12","21","32","14","33","24","22","24","23","12","33","21","21","11","33","23","32","32","33","23","11","22","33","11","23","12","24","13","22","21","33","33","11","41","22","11","22","12","23","21","33","32","22","23","31","12","24","13","53","33","44","13","12","32","11","33","12","22","22","22","23","22","34","33","24","34","44","32","21","33","23","12","22","34","31","11","11","11","44","23","21","32","35","33","32","22","31","11","12","23","32","32","23","23","31","32","21","31","32","12","33","33","22","21","11","11","13","12","22","23","11","31","33","53","34","12","23","32","33","44","32","12","33","11","22","22","33","22","12","13","31","21","21"
"345","i040_D08_ScatOpt4_TZZVV","12","12",NA,NA,"22","22",NA,"12",NA,NA,"11",NA,"22",NA,NA,"22",NA,NA,NA,"11",NA,NA,NA,NA,"21",NA,NA,NA,"12","12",NA,"12","12","11",NA,"12",NA,"12",NA,"22",NA,NA,NA,"22",NA,"21","11",NA,NA,NA,"41",NA,NA,"11",NA,"32",NA,"32",NA,"12","12","33",NA,NA,"32",NA,NA,"11",NA,NA,NA,NA,NA,"14",NA,NA,"32",NA,"22","53","35","11",NA,"21","32","22","32",NA,"11","12",NA,"23","13",NA,"33","32",NA,NA,NA,"33",NA,"11",NA,"11","23",NA,NA,"11","21",NA,"33","24",NA,NA,"23",NA,NA,NA,NA,"13",NA,NA,"21","22","11","12","12","23","11","66","33","13","32",NA,"11","22","22",NA,NA,"12","12","33",NA,NA,"33",NA,"11","32","33","21","12",NA,"21",NA,NA,"32","23","11","31","33","22",NA,NA,"22","32","31","11","31",NA,NA,"12",NA,"23",NA,NA,NA,NA,"32",NA,NA
"346","i031_C09_IDGW_S6_HIGH_TZZW7","21","22","22","22","22","21","22","12","22","22","11","22","22","12","22","12","11","21","21","11","21","12","11","11","21","21","12","12","21","11","11","22","21","11","21","11","22","11","11","21","32","22","12","21","22","22","11","11","22","22","14","32","44","12","14","23","22","22","22","11","11","32","23","31","23","33","23","12","32","25","22","33","22","44","21","22","13","31","22","55","33","11","12","21","21","22","32","33","21","12","33","33","13","24","13","23","33","54","31","33","33","21","31","12","33","33","11","21","22","34","23","44","44","34","32","21","13","12","31","23","23","11","21","23","31","21","11","22","12","65","33","13","21","22","11","12","32","11","11","23","13","32","21","33","32","31","31","33","33","11","11","13",NA,"12","22","32","33","21","13","33","52","23","24","12","33","13","14","33","44","22","12","22","32","33","33","44","23","21","22","11"
"347","i040_E07_ScatOpt4_TZZW9","21","12",NA,NA,"22","22",NA,"22",NA,"22","12","22","22",NA,"22","21",NA,NA,NA,"11",NA,NA,"11",NA,"11",NA,NA,NA,"21","21","11","21",NA,"11",NA,"21","22","12",NA,"21",NA,NA,NA,"21",NA,"22","11",NA,"22",NA,"44","32",NA,NA,NA,"33",NA,"22",NA,"22","21","23","32",NA,NA,NA,NA,"11",NA,NA,NA,NA,NA,"14","22",NA,"31",NA,"22","55","55","11","31","31","13","22","31",NA,"11","31",NA,"22","11",NA,"33","23","33",NA,NA,"13",NA,"11",NA,"11","32",NA,NA,"11","12",NA,"33","44",NA,"32","22",NA,NA,"22",NA,"12",NA,"31","11","22","11","22",NA,"23","11","65","33","11","31",NA,"31","22","23",NA,NA,"12","13","31",NA,NA,"23",NA,"11","32","33","11","12",NA,"11",NA,NA,"23","32","12","13","23","22",NA,NA,"22","33","13","14","31","14",NA,"12",NA,"32",NA,NA,NA,NA,"22","22",NA
"348","i031_D09_IDGW_S6_HIGH_TZZWB","22",NA,NA,NA,NA,NA,NA,"22",NA,NA,"11",NA,"22","12","12","12",NA,NA,NA,"22",NA,NA,NA,NA,"11",NA,NA,"21",NA,"22",NA,"22",NA,NA,NA,"11","21","21",NA,"21","22",NA,NA,"21",NA,"12","21",NA,NA,NA,"44","22",NA,NA,NA,NA,NA,"31","22","11","11","22","22",NA,"33",NA,"13","21",NA,NA,NA,NA,"12","44",NA,NA,"21",NA,"22","55","13","11","11","11",NA,"32","31",NA,NA,"23",NA,"33","11",NA,"11","32","33",NA,"31","11",NA,NA,NA,"12","23",NA,"11","12","12",NA,"32","41",NA,"43","22","22","12","12",NA,"32",NA,NA,"11","12","11",NA,"31","23",NA,"65","33","12",NA,NA,"31","12","32",NA,NA,"13","33","32",NA,NA,"32",NA,NA,"33","23","32",NA,NA,NA,NA,"25","23","23","13","33","33","25","23",NA,"12",NA,"33",NA,"33","41",NA,"11",NA,"22","33",NA,NA,NA,"21",NA,NA
"349","i023_G04_IDGW_S1_MID1_TZZWC","22","12","22","22","22",NA,"21","12",NA,"22","11","22","22","22","22","22",NA,NA,NA,"12",NA,NA,"21","22","12",NA,"21","22","22","12","11","21","22","11",NA,"11","12","21",NA,"12","43",NA,NA,"12","22","22","11","11","22",NA,"44","23","44","21","42","33","22","32","12","22","22","23","21","21","33","33","23","11","32","25","12",NA,"22","44","12","33","21","33","22","35","35","11","11","11","32","22","33","33","11","13","33","32","33","32","31","23","33",NA,"11","33","33","21","33","11","22","12","11","21","22",NA,"23","42","54","43","23","22","31","22","13","21",NA,"11","21","12","11","12","11","22","12","56","33","11","33","13","11","22","22","12",NA,"11","32","13","33","33","32","31","11","32","32","21","13",NA,"12","31","52","33","33",NA,"13","33","52","33","22","22",NA,"13","14","13","11","22","12","22","22","11","32",NA,NA,"22","22","11"
"350","i040_F07_ScatOpt4_TZZWE","11","22",NA,"21","22",NA,NA,"22",NA,"22","11",NA,"22","11","12","11",NA,NA,NA,"11",NA,NA,"11",NA,"22",NA,"22","22","11","22","21","12","11","12",NA,"22","22","11",NA,"22","42",NA,"11","22","11","22","11",NA,NA,NA,"44","21","24","21",NA,"23",NA,"33",NA,"22","12","22","22",NA,NA,NA,"11","11","22","12",NA,NA,"22","13","33",NA,"22","33","21","12","33","11","11","23","11","22","11",NA,"33","33","22","33","23","44","11","32",NA,NA,"44","11","22","22",NA,"22","14","32",NA,"11","11","33","22","54",NA,"32","33",NA,NA,"22",NA,"22",NA,"11","11","11","33","44","11","32","13","33","13","12","11",NA,"13","21","11","22","23","33","22","22","22",NA,"22",NA,"11","33","33","22","31",NA,"22","33","23","23","22","11","33","22","44","11",NA,"32","22","44","33","13","21",NA,NA,"22","12","33",NA,NA,NA,"33","11","12"
"351","i025_G05_IDGW_S3_MID2_TZZWL","21","11","22","12","22","22","22","21","22","22","21","21","22","21","22","12","11","21","21","12",NA,NA,"12","22","11","12","21","22","22","11","11","12","21","11","22","21","12","11","21","12","34",NA,NA,"21","22","11","11","11","22","22","44","32","44","13","22","32","22","23","11","12","21","23","13","13","23","33","21","11","12","22","22","33","22","44","11","32","13","13","22","55","33","11","23","23","31","22","33","33","11","12","33","22","11","44","33","32","33","45","13","31","13","12","33","11","32","12","11","12","12","34","23","44","45","24","32","21","33","12","31","32","23","11","11","21","11","22","11","23","11","65","33","11","13","12","11","22","22","11","12","31","32","23","32","33","32","33","11","23","33","11","13",NA,"22","31","22","33","32",NA,"13","32","22","33","22","22","31","13","41","31","11","22","12","22","22","11","23","24","23","23","22","11"
"352","i026_E02_IDGW_S4_MID2_TZZWT","11","21","22","21","21","11","22","21","12","11","22","22","22","11","22","21","12","12","11","11",NA,"11","11","12","22","22","21","11","22","21","22","21","11","11","11","22","11","22","12","12","22","22","22","21","12","22","12","12","22","32","14","21","24","22","12","22","12","23","12","32","12","13","23","33","33","32","11","11","22","54","33","33","12","43","13","12","23","13","22","13","53","21","31","33","21","11","11","13","12","21","33","21","11","22","11","22","33","33","43","11","13","12","23","12","32","32","11","13","32","34","33","11","34","22","22","22","33","11","11","31","24","11","22","31","22","22","22","22","22","56","31","33","23","23","32","21","23","32","22","11","11","33","33","23","13","42","11","23","23","33","13","31","21",NA,"22","13","32","12","12","23","52","43","21","22","22","11","44","21","12","23","22","22","22","11","12","14","22","13","13","12"
"353","i026_F02_IDGW_S4_MID2_TZZWV","11","21","22","12","21","11","22","12","12","11","22","22","22","11","22","12","21","12","11","11",NA,"11","11","12","22","22","12","11","22","21","22","12","11","11","11","22","11","22","12","21","22",NA,"22","12","12","22","12","21","22","23","14","21","24","22","21","22","12","32","21","32","12","13","23","33","33","23","11","11","22","45","33","33","21","34","31","21","32","31","22","13","53","12","31","33","21","11","11","31","21","12","33","21","11","22","11","22","33","33","43","11","13","12","23","12","23","32","11","13","32","34","33","11","34","22","22","22","33","11","11","31","24","11","22","13","22","22","22","22","22","56","31","33","32","23","23","21","23","32","22","11","11","33","33","23","13","24","11","32","32","33","31","13","21",NA,"22","31","23","12","21","23","52","34","21","22","22","11","44","21","12","23","22","22","22","11","12","14","22","13","31","12"
"354","i040_A09_ScatOpt4_TZZWW","11","21","22",NA,NA,NA,NA,"12",NA,"11","22",NA,"22","11","22","12",NA,NA,NA,"11",NA,NA,"11",NA,"22",NA,"21","11","22","12","22","12","11","11",NA,"22","11","22",NA,"21","22",NA,NA,"12","21","22","21","12","22",NA,"41","12",NA,"22",NA,"22",NA,"32",NA,"32","12","31",NA,NA,"33",NA,"11","11","22",NA,NA,"33","12","43",NA,NA,"32",NA,"22","31","35","12","13","33","21","11","11",NA,NA,"21",NA,"21","11",NA,"11","22","33",NA,"34","11",NA,"21",NA,"12","32","23",NA,"13","23",NA,"33","11",NA,"22","22",NA,NA,"11",NA,"13",NA,NA,"22","13","22","22","22","22","22","65","31","33","23",NA,"32","12","23","23",NA,"11","11","33",NA,NA,"31",NA,"11","32","32","33","31",NA,"21",NA,NA,"31","23","12","21","32","52",NA,NA,"22","22","11","44","21","12",NA,"22",NA,"22","11",NA,NA,NA,"31","31",NA
"355","i040_B09_ScatOpt4_TZZWY","22",NA,NA,NA,"21",NA,NA,"21",NA,"12","21",NA,"22",NA,"21","22",NA,NA,NA,"11",NA,NA,"21",NA,"22",NA,"21","12","22","21","22","12",NA,"11",NA,"11","12","22",NA,"11","24",NA,NA,"12",NA,"22","12",NA,NA,NA,"14","32","24",NA,NA,"22",NA,"33",NA,"31","12","13",NA,NA,"31",NA,NA,"31",NA,"41",NA,NA,NA,"34",NA,NA,"22",NA,"32","33","45","22","31","31","12","21","13",NA,"31","32",NA,"22","11",NA,"21","31",NA,NA,"33","21",NA,"23",NA,"12","12",NA,NA,"13","22",NA,"23","41",NA,"23","22",NA,NA,"22",NA,"32",NA,NA,"22","13","12",NA,"23","13",NA,"53","23","13","31",NA,"22","22","33","11",NA,"21","11","23",NA,NA,"13",NA,"21","21","31","13","13",NA,"11",NA,NA,"31","23","12","13","23","25","43",NA,"23",NA,"31","34","33","12",NA,"21",NA,"22","13",NA,NA,NA,"31","21",NA
"356","i031_E09_IDGW_S6_HIGH_TZZX2","11","12","22","12","12","11","22","21","12","11","22","22","22","11","22","12","21","21","11","11",NA,"11","11","21","22","22","21","11","22","12","22","12","11","11","11","22","11","22","12","21","22","22","22","21","12","22","12","12","22","32","14","12","24","22","21","22","12","32","21","32","21","31","23","33","33","23","11","11","22","45","33","33","21","34","13","21","23","31","22","31","53","21","13","33","12","11","11","31","21","21","33","21","11","22","11","22","33","33","34","11","13","12","23","21","23","32","11","31","23","34","33","11","43","22","22","22","33","11","11","13","24","11","22","31","22","22","22","22","22","56","13","33","32","23","32","21","23","32","22","11","11","33","33","32","13","24","11","32","23","33","31","13",NA,NA,"22","31","32","21","12","23","25","43","21","22","22","11","44","21","21","23","22","22","22","11","21","14","22","13","13","12"
"357","i026_G02_IDGW_S4_MID2_TZZX8","11","12","22","12","12","11","22","21","12","11","22","22","22","11","22","12","12",NA,NA,"11",NA,NA,"11","12","22","22","21","11","22","21","22","21","11","11","11","22","11","22","21","12","22","22","22","21","11","22","12","21","22","32","41","21","22","22","21","22","21","32","21","23","12","13","23","33","33","23","11","11","22","45","33","33","12","34","13","21","32","31","22","31","53","21","13","33","21","11","11","13","12","21","33","12","11","22","11","22","33","33","34","11","13","21","23","21","32","23","11","31","23","34","33","11","34","22","22","22","33","11","11","13","42","11","22","13","22","22","22","22","22","65","13","33","32","32","32","21","32","23","22","11","11","33","33","23","31","24","11","23","32","33","13","31","12",NA,"22","31","32","12","12","32","25","34","21","22","22","11","44","21","12","23","22","22","22","11","21","41","22","31","13","21"
"358","i025_H06_IDGW_S3_MID2_TZZX9","21","12","22","12","11","11","22","11","11","11","22","21","12","11","21","22","22","12","11","12",NA,NA,"21","12","22","12","11","11","22","11","22","11","11","11",NA,"22","11","22","21","11","22",NA,"22","11","21","22","21","21","22","22","13","11","42","22","13","32","22","33","22","33","21","31","32","33","13","32","12","11","22","44","31","32","12","44","11","11","22","11","32","15","43","22","31","13","12","22","31","31","12","12","32","21","11","22","11","32","13","43","13","21","31","21","22","12","32","32","11","31","22","43","33","41","44","22","22","22","23","11","11","31","24","11","22","11","21","24","12","22","12","15","31","12","33","32","32","12","32","12","22","11","31","31","33","32","31","22","21","32","32","23","13","11","21",NA,"22","24","23",NA,"12","32","52","22","22","22","32","13","44","21","12","23","23","22","22","13","21","42","22","11","13","21"
"359","i025_A08_IDGW_S3_MID2_TZZXQ","21","11","22","21","11","11","22","11","11","11","12","22","22","11","22","22","21","12","11","11",NA,"21","11","12","22","12","21","11","22","12","22","11","21","11","11","22","11","22","12","11","22",NA,"22","11","22","22","22","22","22","23","34","21","42","23","11","33","22","23","21","33","11","21","23","23","32","23","21","11","22","44","13","33","21","44","11","21","22","11","32","35","55","21","11","13","22","21","11","13","12","21","33","23","11","42","31","23","13","43","13","21","31","33","23","11","31","23","11","31","22","44","33","42","34","33","21","22","23","13","13","33","23","11","22","13","11","44","22","22","21","55","31","21","33","32","32","12","32","21","22","11","13","13","33","32","13","22","21","23","23","23","31","13","12",NA,"22","12","32",NA,"33","33","52","42","21","32","23","31","44","31","12","32","22","22","22","31","12","24","22","11","33","21"
"360","i040_C09_ScatOpt4_TZZXS","21","21",NA,NA,"11","11",NA,"11",NA,NA,"22","12","12",NA,"21","22",NA,NA,NA,"21",NA,NA,NA,NA,"22",NA,"11",NA,NA,"11",NA,"11","11",NA,NA,"22",NA,"22",NA,"11",NA,NA,NA,"11","12","22","12",NA,NA,NA,"31","11",NA,"22",NA,"32",NA,"33",NA,"33","12","31",NA,NA,"13",NA,NA,"11",NA,NA,NA,NA,NA,"44",NA,NA,"22",NA,"23","51","43","22",NA,"31","12","22",NA,NA,"21","12",NA,NA,"11",NA,"11","32","13",NA,NA,"21",NA,"12",NA,"21","32",NA,NA,"13","22",NA,"33","41",NA,NA,"22","22",NA,"11",NA,"31",NA,"11","22","11","12","42","21","22","12","15","31","21","33",NA,"23","12",NA,"12",NA,"11","13","13",NA,NA,"13",NA,"21","32","23","32","13",NA,"12",NA,"22","24","32","12","21","32","25","22",NA,"22","32","13","44","12","21",NA,"32",NA,"22",NA,NA,NA,NA,"11","31","21"
"361","i026_H02_IDGW_S4_MID2_TZZXT","11","12","21","22","11","11","22","12","21","11","22","12","21","11","22","22","21","11","11","21","12","12","12","11","22","12","12","11","22","12","22","12","12","11","12","22","11","22","11","12","22","22","22","21","21","22","22","22","22","23","43","12","34","22","13","23","22","23","22","33","11","12","33","32","32","22","13","11","22","45","13","33","11","34","13","11","32","31","32","15","53","21","11","31","12","21","11","31","21","11","23","31","11","42","13","32","31","43","41","11","23","13","22","12","33","23","11","11","23","34","33","41","43","32","22","22","33","13","31","13","34","11","22","11","12","42","12","22","22","51","11","13","32","33","33","11","22","22","22","11","13","13","33","34","13","42","11","32","21","13","13","11","21","33","25","14","33","22","23","32","25","24","12","23","32","13","44","11","22","33","23","22","22","31","11","21","22","12","33","11"
"362","i023_H03_IDGW_S1_MID1_TZZXX","11","21","22","21","12","11","22","21","12","11","22","22","22","11","22","21","21","12","11","11",NA,NA,"11","12","22","22","21","11","22","21","22","21","11","11",NA,"22","11","22","21","21","22",NA,"22","12","12","22","12","12","22","23","14","21","24","22","12","22","12","32","21","23","21","31","32","33","33","32","11","11","22","45","33","33","12","34","31","12","23","31","22","31","53","21","31","33","21","11","11","31","21","21","33","12","11","22","11","22","33","33","43","11","31","12","23","12","23","32","11","31","32","43","33","11","34","22","22","22","33","11","11","13","24","11","22","13","22","22","22","22","22","56","13","33","23","32","23","12","23","23","22","11","11","33","33","23","13",NA,"11","32","23","33","31","13","21",NA,"22","31","23",NA,"12","32","25","34","21","22","22","11","44","21","12","23","22","22","22","11","21","14","22","31","13","21"
"363","i031_E02_IDGW_S6_HIGH_TZZY1","12","11","22","21","11","11","22","11","11","11","21","22","22","11","22","22","21","21","11","11","21","21","11","12","22","12","12","11","22","21","22","11","12","11","11","22","11","22","21","11","22",NA,"22","11","22","22","22","22","22","23","43","12","24","23","11","33","22","23","21","33","11","12","23","23","23","32","21","11","22","44","31","33","21","44","11","21","22","11","32","53","55","21","11","31","22","12","11","13","12","21","33","23","11","24","13","32","13","34","13","21","13","33","32","11","13","23","11","31","22","44","33","24","34","33","12","22","23","13","31","33","32","11","22","13","11","44","22","22","12","55","13","21","33","23","32","21","23","12","22","11","13","13","33","23","31","22","12","32","23","23","13","31",NA,NA,"22","12","32","22","33","33","25","42","21","32","32","31","44","13","12","23","22","22","22","13","21","24","22","11","33","12"
"364","i031_F09_IDGW_S6_HIGH_TZZYA","11","21","22","12","21","11","22","21","21","11","22","22","22","11","22","12","21","12","11","11","12","11","11","21","22","22","21","11","22","21","22","21","11","11","11","22","11","22","12","21","22","22","22","21","21","22","12","21","22","32","41","21","42","22","21","22","21","23","12","32","12","13","23","33","33","23","11","11","22","54","33","33","12","43","13","12","32","13","22","13","53","12","13","33","21","11","11","31","12","21","33","12","11","22","11","22","33","33","43","11","13","21","23","21","23","32","11","13","32","34","33","11","34","22","22","22","33","11","11","13","42","11","22","13","22","22","22","22","22","56","31","33","23","23","32","12","23","32","22","11","11","33","33","32","13","24","11","32","23","33","13","13",NA,NA,"22","13","32","12","21","32","52","34","21","22","22","11","44","21","21","23","22","22","22","11","21","41","22","13","31","12"
"365","i031_G09_IDGW_S6_HIGH_TZZYF","21","22","12","12","11","11","22","11","11","11","12","12","22","11","22","12","21","21","11","11","11","22","12","12","22","22","11","11","22","22","22","12","11","11","11","22","11","22","12","11","22","22","22","22","21","22","12","12","22","32","14","12","44","32","21","22","21","33","22","33","11","12","32","23","12","23","13","11","22","44","31","23","21","44","11","21","22","11","33","15","34","12","11","13","11","21","13","33","11","21","33","21","11","22","11","22","33","43","43","21","12","32","22","11","13","23","11","11","32","33","33","11","44","32","12","22","32","11","11","13","42","11","22","13","12","24","22","12","21","55","13","31","33","23","32","21","32","21","22","11","11","33","33","42","13","22","11","22","32","32","13","11",NA,"33","25","31","33","21","31","33","55","34","21","23","23","13","44","21","22","33","21","22","22","31","12","14","22","11","31","12"
"366","i031_H10_IDGW_S6_HIGH_TZZYI","11","12","22","12","12","11","22","12","12","11","22","22","22","11","22","21","12","12","11","11",NA,"11","11","21","22","22","12","11","22","21","22","12","11","11",NA,"22","11","22","12","21","22","22","22","21","12","22","12","21","22","23","14","12","42","22","21","22","12","23","21","23","21","13","23","33","33","32","11","11","22","54","33","33","21","43","31","21","23","13","22","31","53","21","31","33","12","11","11","13","12","12","33","21","11","22","11","22","33","33","43","11","13","21","32","12","23","32","11","31","23","34","33","11","43","22","22","22","33","11","11","31","42","11","22","31","22","22","22","22","22","56","31","33","23","23","23","12","23","32","22","11","11","33","33","32","31","42","11","32","23","33","13","31",NA,NA,"22","13","32","12","12","32","25","43","12","22","22","11","44","21","12","32","22","22","22","11","21","14","22","31","31","12"
"367","i031_A12_IDGW_S6_HIGH_TZZYL","21","22","21","12","11","11","22","11","11","11","12","12","22","11","22","21","21","12","11","11",NA,"22","21","21","22","22","11","11","22","22","22","21","11","11","11","22","11","22","12","11","22","22","22","22","21","22","12","21","22","23","14","12","44","23","21","22","12","33","22","33","11","12","23","23","12","23","31","11","22","44","31","23","21","44","11","21","22","11","33","15","43","12","11","13","11","12","13","33","11","21","33","21","11","22","11","22","33","43","43","21","12","32","22","11","31","32","11","11","23","33","33","11","44","23","12","22","32","11","11","31","42","11","22","31","12","42","22","21","21","55","13","31","33","23","23","21","32","12","22","11","11","33","33","42","13","22","11","22","23","32","13","11",NA,"33","52","13","33","12","13","33","55","43","21","32","32","31","44","12","22","33","21","22","22","31","21","41","22","11","31","21"
"368","i031_B12_IDGW_S6_HIGH_TZZYO","12","11","12","12","12","22","12","21","21","11","22","21","22","12","21","21","12","11","22","11","11","11","11","22","12","21","12","12","11","12","21","21","21","12","12","12","22","22","11","22","22","22","22","12","22","22","22","22","22","33","11","33","24","21","44","33","21","23","11","11","21","22","33","32","32","33","33","31","12","22","11","13","21","34","13","31","12","33","33","13","11","22","31","12","22","22","21","33","11","23","13","22","11","23","12","51","33","55","33","11","22","11","23","11","22","22","12","21","32","42","22","44","33","43","33","31","23","22","22","32","43","11","12","22","33","44","22","22","22","36","11","21","32","13","33","31","33","11","22","22","23","23","32","13","11","43","21","33","33","21","33","12",NA,"33","52","34","33","33","13","32","53","44","11","32","13","43","44","23","22","34","21","22","22","33","22","24","33","11","22","12"
"369","i025_B08_IDGW_S3_MID2_TZZZC","12","11","11","12","22","22","21","22","12","12","22","12","21","21","21","11","21","11","21","12",NA,"21","12","22","12","12","12","12","11","22","22","22","11","11","21","11","12","22","11","21","24","22","22","12","22","22","12","21","21","23","31","13","44","31","14","33","22","22","11","21","12","22","23","23","13","33","32","32","21","23","11","33","21","23","33","31","22","33","33","33","51","12","11","21","22","22","13","33","11","32","33","21","12","32","12","25","13","55","33","21","22","11","31","11","22","22","21","12","32","42","23","44","13","43","31","23","33","22","12","32","43","11","12","22","33","44","12","22","23","23","31","13","23","11","23","12","23","11","22","22","33","22","23","34","31","33","13","33","33","22","31","11","11","13","52","33","33",NA,"11","33","53","44","21","23","13","14","44","32","42","24","22","23","23","33","23","22","31","13","23","12"
"370","i026_G12_IDGW_S4_MID2_UYZVF","11","11","12","21","21","12","12","22","22","21","11","22","12","11","12","21","12","21","11","11","11","22","11","22","22","21","21","11","22","21","22","22","11","11","12","22","11","12","11","22","42","22","11","11","23","22","21","12","22","22","42","21","43","22","14","33","11","13","22","11","11","13","32","22","23","34","33","11","22","32","13","33","12","32","13","21","21","33","32","33","41","12","32","23","21","22","21","31","32","32","21","12","12","42","11","12","31","51","23","11","22","31","23","22","32","22","11","11","23","44","33","25","33","43","22","21","33","23","21","23","24","23","11","32","33","44","23","32","33","31","23","32","21","12","11","23","33","21","23","12","31","31","32","32","11","44","13","33","33","12","33","21","21","11","11","44","33","31","11","33","33","43","14","31","12","14","44","13","12","33","22","43","23","11","22","42","21","32","31","22"
"371","i040_E10_ScatOpt4_UYZVL","22","22","12","22","21","22","21","21","11","21","11","12","21","11","11","12",NA,"12",NA,"11",NA,NA,"11",NA,"12",NA,"11","11","11","11","22","22","11","21","12","12","22","22",NA,"12","34",NA,"11","11","22","22","12","21","22","23","44","22","23","22","11","22","22","33",NA,"12","11","32","32","22","22","34","23","13","22","35","11","63","23","12","33","32","12","11","22","13","55","32","31","22","21","23","21","33","21","11",NA,"42","31","14","12","25","23","55","12","22","22","11","32","22","33","33","12","32","23","33","33","45","43","22","22","11",NA,"32","12","11","34","31","12","32","11","41","33","22","22","33","32","21","32","32","31","13","23","21","23","22","11","32","33","44","11",NA,"21","13","32","22","11","13","22","33","15","34","32","11","11","33","43","32","42","22","22","11","43","11","12","13","21","22","22","11",NA,NA,"33","31","22","11"
"372","i025_C08_IDGW_S3_MID2_UYZVR","12","12","12","22","22","12","21","12","21","22","11","22","21","11","11","11","21","22","11","11",NA,"22","11","12","22","12","21","11","12","11","22","22","11","21","22","22","21","22","11","22","44","22","11","11","22","22","22","22","22","23","24","21","42","22","14","32","12","13","22","11","11","12","33","22","22","33","32","11","22","25","13","63","21","12","33","23","12","31","23","13","45","23","33","32","22","22","21","13","22","31","11","22","31","41","11","51","33","55","22","12","22","31","23","22","33","23","11","13","32","34","33","54","43","42","22","11","32","33","21","12","24","32","11","22","31","41","33","32","32","33","32","31","22","32","31","33","33","11","32","22","11","32","33","43","11","42","13","33","33","22","31","21","21","13","11","44","33",NA,"11","33","34","42","12","23","12","41","44","13","11","13","12","24","22","11","22","23","13","33","12","12"
"373","i037_C09_IDGW_S17_MID2_HIGH_UYZVU","12","21","12","21","21","12","12","21","21","21","11","22","12","11","11","21","12","22","11","11",NA,"22","11","21","12","21","11","11","21","11","22","22","11","11",NA,"22","12","12",NA,"21","43",NA,"11","11","22","22","11","11","22","22","44","22","23","22","14","23","12","33","22","12","11","12","33","22","22","33","32","11","22","33","11","33","21","21","33","32","22","13","22","31","51","31","32","22","12","32","11","33","13","13","11","12","32","21","12","51","33",NA,"22","12","22","11","23","22","32","32","11","12","23","34","33","25",NA,"23","22","11","13","32","11","21","23","31","21","33","13","44","23","22","23","33","33","31","22",NA,"11","31","32","21","33","21","13","21","23","42","11","42","11","33","33","12","31",NA,NA,"31","15","44","32","13","11","33","33","33","44","21","22","11","43","31","22","33","22","23","23","11","21","23","31","12","32","12"
"374","i025_E08_IDGW_S3_MID2_UYZW2","12","21","12","22","22","21","21","21","12","22","11","22","12","11","11","11","12","22","11","11",NA,"22","11","21","22","12","12","11","21","11","22","22","11","12",NA,"22","12","22","11","22","44","22","11","11","22","22","22","22","22","32","42","21","24","22","41","23","12","31","22","11","11","21","33","22","22","33","32","11","22","25","13","36","21","12","33","32","21","13","23","31","45","32","33","32","22","22","12","31","22","31","11","22","31","14","11","51","33","55","22","21","22","13","32","22","33","32","11","31","32","34","33","54","34","24","22","11","32","33","21","12","24","23","11","22","31","41","33","32","23","33","32","31","22","23","13","33","33","11","32","22","11","32","33","43","11","42","13","33","33","22","31","21","12","13","11","44","33",NA,"11","33","43","24","21","23","12","14","44","13","11","31","12","24","22","11","22","32","13","33","12","21"
"375","i025_H08_IDGW_S3_MID2_UYZWA","21","21","12","22","12","22","22","22","12","21","11","22","21","11","11","22","21","12","11","11","11","22","11","22","22","12","12","11","12","12","22","22","11","21","12","21","12","22","11","22","42","12","11","11","22","22","22","22","22","22","42","12","34","22","14","23","12","13","22","12","11","12","33","22","22","43","33","31","22","23","13","33","13","22","33","22","12","31","32","33","54","23","33","32","11","32","12","33","13","21","12","41","21","42","12","12","32","55","12","12","22","11","23","22","23","32","21","13","23","34","33","54","43","23","22","12","32","23","11","12","42","21","21","33","31","14","32","22","32","13","33","22","13","13","31","32","33","21","32","22","11","12","23","43","11","42","23","13","23","12","31","32","12","13","51","43","32",NA,"11","33","33","24","12","32","22","11","44","11","11","13","21","42","22","11","22","22","31","12","32","12"
"376","i031_F12_IDGW_S6_HIGH_UYZWE","21","21","21","21","12","12","21","21","21","12","11","22","12","11","11","21","12","22","11","11","11","22","11","21","21","21","11","11","12","11","22","22","11","11","12","22","21","12","11","12","43","12","11","11","22","22","11","11","22","22","44","22","32","22","14","32","12","33","22","12","11","12","33","22","22","33","23","11","22","33","11","33","21","12","33","23","22","13","22","31","15","13","23","22","21","32","11","33","13","31","11","21","23","12","12","51","33","55","22","21","22","11","32","22","32","23","11","21","32","34","33","52","33","23","22","11","31","32","11","12","32","31","21","33","31","44","23","22","32","33","33","31","22","22","11","13","32","12","33","12","31","21","23","42","11","24","11","33","33","12","31","31",NA,"13","51","44","32","13","11","33","33","33","44","12","22","11","43","11","22","33","22","23","32","11","12","23","13","21","32","21"
"377","i037_H05_IDGW_S17_MID2_HIGH_UYZWM","21","21","11","22","21","22","11","12","12","12","11","21","22","11","21","21","21","21","11","11","11","22","11","12","21","21","11","11","21","11","22","22","11","11","12","22","12","22","11","22","44","22","11","11","22","22","12","21","22","23","44","22","33","22","11","32","21","31","22","12","11","23","23","22","32","34","32","13","22","53","11","36","22","13","13","13","12","13","23","31","15","31","33","32","12","22","22","13","12","21","22","21","32","21","11","52","31","15","32","21","22","13","33","22","33","23","11","12","33","43","33","52","33","24","22","11","32","22","21","31","34","12","12","33","13","44","32","22","23","31","23","21","22","12","11","32","33","12","32","22","11","32","33","34","11","24","12","13","32","21","13","12",NA,"31","11","44","33","11","11","33","43","43","14","12","12","14","34","13","12","31","21","32","22","11","22","34","23","21","21","21"
"378","i037_B08_IDGW_S17_MID2_HIGH_UYZX3","21","21","12","12","22","22","22","12","21","21","22","21","22","22","12","21","12","12","11","11","11","22","21","22","21","21","22","11","12","22","22","12","12","11","12","11","21","12","11","12","24","22","22","22","22","22","12","21","21","22","43","11","44","33","21","32","21","32","11","11","21","23","32","32","33","33","33","33","11","12","11","33","22","42","31","32","22","32","32","33","55","22","11","21","21","22","33","33","11","32","13","21","12","24","21","22","31","54","33","11","22","21","12","21","22","22","21","32","23","24","22","44","33","23","21","22","13","22","22","33","43","21","11","12","13","44","12","22","32","62","33","31","12","31","12","22","22","11","22","12","13","23","33","42","11","33","21","13","33","23","13","11",NA,"33","25","23","23","23","31","23","55","24","22","22","32","11","44","23","21","42","22","22","23","33","21","42","31","31","32","22"
"379","i032_A02_IDGW_S7_HIGH_UYZX5","21","11","22","22","12","22","22","22","22","11","21","12","22","22","22","11","11","11","12","11",NA,"12","22","22","12","11","11","21","12","12","11","11","22","11","22","11","21","22","22","22","12","11","22","12","23","12","22","12","22","23","44","13","23","21","12","32","12","42","12","23","21","33","23","31","32","33","23","11","22","25","22","36","32","44","12","22","13","23","13","33","51","22","12","21","21","32","12","13","11","12","33","43","11","44","31","32","13","14","13","11","22","11","23","12","12","23","11","21","22","32","32","41","14","44","32","12","33","12","11","22","22","13","11","12","11","12","12","23","33","15","13","11","11","13","11","21","33","31","22","13","22","31","23","33","32","31","12","33","33","21","32","31",NA,"31","51","32","23","12","23","32","25","33","22","31","33","33","44","11","11","22","11","42","32","11","22","42","21","22","22","11"
"380","i023_A05_IDGW_S1_MID1_UYZXJ","22","11","22","11","12","22","11","22","22","11","22","12","21","22","22","11","11","11",NA,"22",NA,NA,"22","22","11","22","22","22","22","22","11","21","22","11",NA,"11","22","22",NA,"22","22",NA,NA,"21","22","22","11","11","12","32","44","22","33","11","22","23","22","22","21","32","11","33","23","31","31","33","22","11","22","23","12","33","11","34","23","32","31","33","31","35","55","11","11","33","12","22","13","33","11","31","33","33","11","44","31","22","33",NA,"11","12","12","11","23","12","44","22","33","11","22","33","22","22",NA,"33","22","22","23","12","11","22","23","11","11","11","11","22","32","22","23","16","11","11","11","33","11","21","33","13","22","11","23","32","32","33","32","13","32","33","32","22","11","11","22",NA,"52","13","33",NA,"11","22","33","33","22","32","12","33","11","33","41","32","21","24","22","33","33","44","31","31","22","11"
"381","i026_A03_IDGW_S4_MID2_UYZXS","22","12","22","11","11","22","11","22","22","12","22","22","12","22","22","22","21","11","11","21","21","11","12","21","11","21","22","22","22","22","11","11","22","11","11","12","21","22","11","22","22","12","21","11","22","22","11","11","22","22","11","23","33","11","12","12","22","42","21","32","12","23","23","11","33","43","31","11","22","35","21","63","11","44","22","23","13","33","33","35","55","22","13","33","21","22","13","13","11","32","33","32","21","44","13","33","11","44","11","21","12","21","32","21","22","32","11","11","22","33","32","42","54","33","22","22","32","12","12","22","32","31","11","12","11","12","31","22","32","56","13","11","11","22","11","21","33","32","13","13","33","23","23","33","23","13","22","32","32","22","11","13","21","23","52","31","32","31","31","22","23","34","12","12","31","31","13","21","44","22","23","24","33","31","13","44","32","11","22","11"
"382","i032_F04_IDGW_S7_HIGH_UYZXV","22","11","22","12","21","22","21","22","22","21","12","21","22","22","22","11","11","11","22","12","11","12","12","22","12","11","12","12","22","22","11","11","22","11","21","11","21","12","21","22","24","11","22","22","22","22","21","21","22","32","44","32","32","21","11","22","12","14","22","22","11","32","32","13","32","34","31","11","22","22","22","63","13","43","13","32","11","33","13","33","53","22","21","31","22","22","22","11","11","12","33","34","11","44","11","22","33","51","31","12","12","11","22","21","12","22","11","21","22","23","33","44","54","34","22","22","33","11","21","22","23","13","11","11","11","22","11","23","33","55","33","11","11","32","11","21","32","31","12","33","32","12","23","33","23","33","13","33","33","12","12","13",NA,"33","55","23","32","21","32","23","53","34","22","32","31","33","14","11","11","23","11","22","32","13","32","44","23","12","22","11"
"383","i032_D03_IDGW_S7_HIGH_UYZY1","22","11","22","12","21","22","21","22","22","12","12","12","22","22","12","21","12","11","22","21","11","21","21","12","11","21","21","21","22","22","11","11","22","11","21","21","11","12","22","22","42","11","22","12","22","12","21","21","12","23","44","32","32","12","21","22","12","41","22","23","11","23","23","31","23","33","13","11","22","52","22","36","21","43","31","23","11","33","33","33","31","22","12","13","21","22","21","13","11","21","33","43","11","44","11","33","33","15","13","21","12","21","22","21","13","22","11","11","22","33","23","12","54","34","22","22","33","11","12","22","23","11","11","11","11","22","21","32","33","55","13","13","31","13","11","11","23","11","22","33","23","31","23","33","33","31","32","33","33","22","12","33",NA,"33","55","21","23","11","13","23","25","43","22","12","23","33","41","31","14","22","12","42","22","31","23","44","23","21","22","11"
"384","i026_B04_IDGW_S4_MID2_UYZY6","22","11","22","21","22","21","21","22","22","11","12","11","12","22","22","12","12","11","22","12","11","11","22","22","11","12","12","12","22","11","11","11","22","11","12","11","12","22","21","22","42","11","22","11","33","22","12","11","12","32","14","32","32","21","21","21","21","43","22","32","11","23","32","11","33","34","12","11","22","53","21","66","12","44","22","32","33","32","33","33","15","12","23","31","22","22","32","33","11","11","33","34","12","44","11","33","33","15","31","11","22","11","23","11","42","32","31","11","22","33","22","21","41","34","22","12","32","11","11","22","32","11","11","11","11","42","22","22","33","11","11","11","11","21","11","12","33","31","23","31","32","32","32","33","32","13","11","33","32","21","12","31","12","11","15","23","22","21","21","33","45","43","21","13","32","33","41","11","41","22","31","22","32","11","21","24","32","12","22","11"
"385","i032_E03_IDGW_S7_HIGH_UYZYE","22","11","22","12","12","22","12","22","22","12","12","21","22","22","21","21","12","11","22","21","11","12","12","12","11","21","21","21","22","22","11","11","22","11","21","12","11","21","22","22","42","11","22","12","22","21","21","12","12","23","44","23","23","12","21","22","21","41","22","32","11","23","32","13","32","33","13","11","22","25","22","63","21","34","31","32","11","33","33","33","31","22","21","31","12","22","21","31","11","12","33","43","11","44","11","33","33","51","13","21","12","12","22","21","13","22","11","11","22","33","32","12","45","43","22","22","33","11","21","22","23","11","11","11","11","22","12","32","33","55","13","13","13","13","11","11","32","11","22","33","32","31","32","33","33","31","23","33","33","22","21","33",NA,"33","55","21","32","11","13","32","25","43","22","12","23","33","41","13","41","22","12","24","22","31","32","44","23","21","22","11"
"386","i026_C04_IDGW_S4_MID2_UYZYF","22","11","22","12","12","22","21","22","22","21","21","21","22","22","22","11","11","11","22","12","11","12","21","22","12","11","21","21","22","22","11","11","22","11","12","11","21","21","12","22","24","11","22","22","22","22","12","12","22","32","44","32","32","12","11","22","12","41","22","22","11","23","32","13","23","34","13","11","22","22","22","63","13","43","13","23","11","33","13","33","35","22","21","31","22","22","22","11","11","12","33","43","11","44","11","22","33","51","13","21","21","11","22","12","21","22","11","12","22","23","33","44","45","43","22","22","33","11","12","22","32","31","11","11","11","22","11","32","33","55","33","11","11","32","11","12","32","31","21","33","23","21","32","33","32","33","13","33","33","12","12","31","21","33","55","23","23","21","32","32","53","43","22","23","13","33","14","11","11","32","11","22","23","13","32","44","23","12","22","11"
"387","i026_D03_IDGW_S4_MID2_UYZYG","22","11","22","12","12","22","21","22","22","21","12","12","22","22","22","11","11","11","22","12","11","21","21","22","21","11","12","21","22","22","11","11","22","11","12","11","12","12","12","22","42","11","22","22","22","22","12","21","22","32","44","23","23","12","11","22","21","41","22","22","11","23","23","13","32","34","31","11","22","22","22","63","31","43","31","32","11","33","13","33","35","22","12","31","22","22","22","11","11","12","33","34","11","44","11","22","33","51","13","21","21","11","22","12","21","22","11","12","22","32","33","44","45","34","22","22","33","11","21","22","23","13","11","11","11","22","11","23","33","55","33","11","11","32","11","21","23","31","21","33","23","21","32","33","32","33","31","33","33","21","21","31","21","33","55","32","23","12","32","23","35","34","22","23","31","33","41","11","11","32","11","22","32","13","23","44","23","12","22","11"
"388","i023_B05_IDGW_S1_MID1_UYZYN","22","11","22","12","21","22","12","22","22","12","21","12","22","22","22","11",NA,NA,NA,"12",NA,NA,"21","22","12",NA,"21","21","22","22","11","11","22","11",NA,"11","21","21",NA,"22","24",NA,NA,"22","22","22","12","12","22","32","44","32","23","12","11","22","12","14","22","22","11","23","23","13","32","43","31","11","22","22","22","63","13","34","13","32","11","33","13","33","53","22","12","31","22","22","22","11","11","12","33","34","11","44","11","22","33","15","13","12","12","11","22","12","21","22","11","21","22","32","33","44","45","34","22","22","33","11","21","22","23","13","11","11","11","22","11","32","33","55","33","11","11","23","11","21","23","31","21","33","32","21","32","33","23","33","31","33","33","21","21","31","21","33","55","32","32",NA,"32","32","53","43","22","32","31","33","14","11","11","23","11","22","23","13","32","44","32","12","22","11"
"389","i032_G04_IDGW_S7_HIGH_UYZYO","22","11","22","12","21","22","12","22","22","21","21","21","22","22","12","21","21","11","22","21","11","21","12","21","11","12","21","12","22","22","11","11","22","11","21","21","11","21","22","22","42","11","22","12","22","21","21","12","21","23","44","32","32","12","21","22","21","41","22","23","11","23","32","31","32","33","13","11","22","25","22","36","12","43","13","23","11","33","33","33","31","22","21","31","12","22","21","31","11","12","33","34","11","44","11","33","33","51","31","12","21","21","22","21","31","22","11","11","22","33","32","21","45","34","22","22","33","11","21","22","32","11","11","11","11","22","12","23","33","55","31","13","31","13","11","11","32","11","22","33","32","13","23","33","33","31","32","33","33","22","12","33",NA,"33","55","21","23","11","31","23","25","34","22","12","23","33","14","31","14","22","12","42","22","13","23","44","32","21","22","11"
"390","i032_H03_IDGW_S7_HIGH_UYZYP","22","11","22","21","21","22","12","22","22","21","12","12","22","22","22","11","11","11","22","21","11",NA,"21","22","12","11","21","12","22","22","11","11","22","11",NA,"11","12","21","21","22","42","11","22","22","22","22","12","21","22","32","44","23","23","21","11","22","12","14","22","22","11","32","32","13","23","43","13","11","22","22","22","36","13","43","31","32","11","33","13","33","35","22","21","13","22","22","22","11","11","12","33","43","11","44","11","22","33","51","31","12","21","11","22","12","21","22","11","12","22","32","33","44","54","34","22","22","33","11","12","22","32","13","11","11","11","22","11","32","33","55","33","11","11","23","11","12","23","31","21","33","32","12","23","33","23","33","13","33","33","12","12","13",NA,"33","55","23","32","21","23","32","35","34","22","32","13","33","41","11","11","32","11","22","32","13","23","44","32","12","22","11"
"391","i032_A05_IDGW_S7_HIGH_UYZYQ","22","11","22","12","12","22","12","22","22","12","21","21","22","22","12","21","12","11","22","12","11","12","12","21","11","21","21","21","22","22","11","11","22","11","12","12","11","12","22","22","24","11","22","12","22","12","12","12","21","32","44","32","32","12","12","22","12","14","22","23","11","23","23","31","23","33","31","11","22","52","22","63","12","43","31","23","11","33","33","33","31","22","12","13","21","22","12","31","11","21","33","43","11","44","11","33","33","15","31","21","21","12","22","21","13","22","11","11","22","33","23","21","54","43","22","22","33","11","12","22","32","11","11","11","11","22","12","23","33","55","13","13","13","13","11","11","23","11","22","33","32","13","23","33","33","13","23","33","33","22","12","33",NA,"33","55","21","32","11","13","32","25","43","22","21","32","33","14","31","14","22","21","42","22","31","23","44","32","12","22","11"
"392","i023_C06_IDGW_S1_MID1_UYZYT","22","11","22","21","21","22","21","22","22","21","12","12","22","22","22","11","11","11",NA,"12",NA,NA,"21","22","12","11","21","12","22","22","11","11","22","11",NA,"11","12","12","21","22","42",NA,NA,"22","22","22","12","21","22","32","44","32","23","12","11","22","12","41","22","22","11","23","23","13","32","43","31","11","22","22","22","63","13","43","31","23","11","33","13","33","53","22","12","31","22","22","22","11","11","21","33","34","11","44","11","22","33","15","31","21","12","11","22","12","21","22","11","12","22","32","33","44","45","43","22","22","33","11","21","22","32","31","11","11","11","22","11","32","33","55","33","11","11","23","11","12","23","13","21","33","23","12","32","33","23","33","31","33","33","12","12","31","12","33","55","32","23",NA,"23","32","53","34","22","32","31","33","14","11","11","23","11","22","23","31","32","44","32","21","22","11"
"393","i026_F04_IDGW_S4_MID2_UYZYZ","22","11","22","21","12","22","21","22","22","12","21","12","22","22","21","21","21","11","22","12","11","21","21","21","11","21","12","21","22","22","11","11","22","11","12","21","11","21","22","22","42","11","22","12","22","12","21","12","12","32","44","32","23","12","12","22","12","14","22","32","11","23","32","13","32","33","31","11","22","25","22","63","12","34","13","23","11","33","33","33","31","22","21","31","12","22","21","13","11","12","33","43","11","44","11","33","33","15","31","21","21","21","22","21","31","22","11","11","22","33","32","21","54","34","22","22","33","11","12","22","32","11","11","11","11","22","12","32","33","55","13","31","13","13","11","11","23","31","22","33","32","31","32","33","33","13","23","33","33","22","12","33","11","33","55","21","23","11","31","32","52","43","22","12","23","33","14","13","14","22","21","42","22","31","32","44","32","21","22","11"
"394","i026_E03_IDGW_S4_MID2_UYZZ2","22","11","22","21","21","22","21","22","22","12","21","21","22","22","22","11","11","11","22","12","11","21","21","22","12","11","21","21","22","22","11","11","22","11","21","11","21","12","21","22","42","11","22","22","22","22","12","21","22","32","44","23","32","21","11","22","21","14","22","22","11","32","32","31","23","34","13","11","22","22","22","36","13","34","31","23","11","33","31","33","53","22","12","31","22","22","22","11","11","21","33","34","11","44","11","22","33","15","13","12","21","11","22","21","21","22","11","21","22","32","33","44","54","43","22","22","33","11","21","22","23","31","11","11","11","22","11","32","33","55","33","11","11","32","11","12","32","13","21","33","32","21","32","33","23","33","31","33","33","21","12","13","21","33","55","23","32","12","23","32","35","34","22","23","31","33","41","11","11","32","11","22","32","13","32","44","23","21","22","11"
"395","i026_G04_IDGW_S4_MID2_UYZZ3","22","11","21","22","22","22","21","22","22","12","22","22","21","22","22","11","11","11","21","11","21","21","11","22","21","21","22","12","22","21","11","22","21","11","21","11","12","12","11","22","33","22","22","12","22","22","11","11","12","23","14","22","44","22","12","22","22","32","11","32","22","23","22","22","22","34","13","11","21","12","22","66","22","44","11","13","22","31","32","31","31","22","13","32","11","31","11","31","12","32","33","33","33","11","11","23","13","51","13","11","33","22","11","21","21","32","12","21","12","44","32","44","44","34","31","21","23","32","11","22","23","11","11","11","11","22","31","32","32","55","11","11","33","32","33","21","13","11","12","22","12","23","13","33","23","13","12","23","23","21","11","11","22","23","25","23","33","31","21","22","25","43","24","21","32","13","41","33","44","22","11","21","23","33","33","42","11","22","22","21"
"396","i023_D05_IDGW_S1_MID1_UYZZH","11","21","12","22","22","21","21","11","12","21","22","22","21","22","21","21","11","12","12","11",NA,"21","11","11","12","11","12","12","12","12","11","12","21","11",NA,"11","21","11","11","22","42",NA,"22","12","22","22","21","11","22","23","44","22","43","21","11","32","12","33","11","21","22","32","22","21","22","13","33","11","22","32","23","33","21","44","11","13","23","21","32","13","35","22","31","23","11","31","11","11","11","23","33","32","33","13","21","23","33","51","31","11","23","22","11","21","22","22","32","11","12","43","22","41","41","43","32","22","32","23","11","22","23","31","11","31","11","42","22","32","21","65","13","11","33","32","33","32","32","11","12","21","13","33","12","33","32","33","23","33","32","22","32","33","21","23","25","33","33",NA,"11","32","25","33","24","21","33","11","41","13","14","22","21","24","32","31","32","42","12","23","22","11"
"397","i032_G05_IDGW_S7_HIGH_UYZZO","12","11",NA,"22","22",NA,"12","12",NA,"21","12",NA,"12","22","22","21",NA,NA,NA,"12",NA,NA,"11",NA,"11",NA,"12","22","22","22","11","21",NA,"11",NA,"11","11","21",NA,"22","43",NA,NA,"22",NA,"22","12","11",NA,"22","44","32","34","21",NA,"32",NA,"32","11","31","12","23",NA,"32","22",NA,"33","11",NA,"12","22",NA,"12","44",NA,"21","23",NA,"33","53","15","22",NA,"31","31","23","21",NA,"11","22","33","32","33",NA,"21","23","33",NA,"13","11","23","12","13","11","12",NA,"13","12","22",NA,"32","14",NA,"24","23","21","33","21","11","22",NA,"11","11","11","11",NA,"23","32","32","55","13","11",NA,NA,"31","21","33","12","21","22","31","33",NA,NA,"22",NA,NA,"23","23","21","31",NA,NA,"32","52","23","33","31","12","22","55","33","42","11","31","13","44","31","14",NA,"11","24","22","13",NA,NA,NA,"22","22",NA
"398","i023_G08_IDGW_S1_MID1_UYZZW","22","11","22","12","21","21","11","11","12","21","11","21","12","22","22","21","22","12","21","21",NA,"12","12","12","11","21","12","22","22","22","11","21","22","11",NA,"21","22","11","22","21","44",NA,"22","22","11","12","11","11","11","23","44","12","33","21","11","32","13","44","22","31","21","22","23","21","32","43","33","21","32","24","11","66","22","41","13","13","23","32","12","33","55","11","11","32","32","32","12","31","11","32","23","23","31","13","21","23","13","31","43","13","21","11","33","12","11","21","22","11","23","42","22","24","54","44","32","22","33","22","21","22","24","13","11","22","33","42","31","32","31","61","33","11","13","33","11","32","32","12","22","11","32","23","23","33","22","31","31","23","32","21","12","11","21","11","25","33","33",NA,"13","32","52","34","22","22","31","33","44","33","11","32","11","44","22","31","23",NA,"13","33","22","11"
"399","i040_G09_ScatOpt4_UZ41","22","21","22","11","21","21",NA,"12","22","11","22","21","12","22","22","12",NA,"11","12","11",NA,NA,"22","22","21","21","22","22","22","12","21","21","22","11",NA,"11","22","22",NA,"22","22",NA,"12","11","32","22","12","12","21","23","14","32","33","11","22","32",NA,"43",NA,"22","21","33","32","31","13","33","23","11","22","53","21","36","12","41","23","33","33","23","31","35","55","21","31","32","22","32","23",NA,"11","31","33","33","32","24","21","23","11","44","13","11","22","11","22","22","42","32","31","21","22","32","32","42","45","43","23","23",NA,"22","11","22","32",NA,"11","12","11","41","23","22","32","61","11","11","11","23","11","22","33","33","33","31","23","23","23","33","32",NA,"21","33","33","22","11",NA,"22","12","25","31","23","31","31","23","42","33","22","23","32","31","13","12","41","22","31","24","32","11",NA,"44","21","21","22","11"
"400","i025_A09_IDGW_S3_MID2_UZC1","22","21","12","11","21","12","21","22","22","21","22","21","21","22","21","12","11","11","21","21",NA,"12","12","22","22","11","12","12","21","21","12","12","22","11","12","11","22","22","12","22","32","11","22","12","32","22","12","11","11","32","14","23","33","11","22","23","12","31","12","23","21","21","22","12","33","33","23","21","32","52","32","66","12","44","12","33","11","31","21","35","55","21","13","23","12","33","21","33","11","31","33","43","32","42","21","32","11","44","31","11","22","11","22","22","24","22","12","12","22","23","33","44","43","44","23","23","33","22","11","22","23","11","21","12","11","14","23","22","32","16","11","21","11","23","11","22","33","33","33","32","13","23","22","33","32","31","22","33","23","22","11","13","22","11","12","31","23",NA,"31","33","42","24","24","12","32","33","31","33","41","22","11","42","23","13","32","12","12","32","22","11"
"401","i023_H08_IDGW_S1_MID1_UZZV8","22","11","22","21","22","22","21","21","12","21","12","21","11","22","22","22","22","21",NA,"11",NA,NA,"21","21","21","11","22","22","21","22","11","11","22","11",NA,"11","21","21","22","12","24",NA,"22","21","13","21","11","11","12","33","44","13","33","11","12","22","12","43","22","31","11","22","32","12","22","34","31","12","22","22","21","66","22","44","11","12","23","22","32","33","15","11","11","23","13","23","11",NA,"11","21","32","33","11","43","23","32","33","33","34","31","21","11","33","12","11","22","12","11","22","43","23","42",NA,"43","32","22","33","12","21","22","32","33","11","22","31","21","31","33","23","31","33","21","11","33","11","23","32","11","22","31","22","33","31","33","22","31","12","22","33","22","12","11","22","31","55","13","33",NA,"11","22","53","42","42","22","33","33","44","13","11","33","11","24","22","33","33","42","11","32","22","11"
"402","i026_F05_IDGW_S4_MID2_UZZVB","22","12","22","21","22","22","22","22","22","11","12","21","21","22","22","21","21","11","22","11","11","11","22","22","21","21","12","12","12","22","11","11","22","11","12","11","11","22","12","22","12","12","22","21","32","12","21","11","22","23","41","32","33","11","22","22","22","32","21","23","11","21","22","32","12","33","31","11","22","52","22","63","23","44","11","22","13","22","33","33","15","12","12","21","12","33","11","31","11","13","33","33","11","44","33","32","33","53","31","11","22","11","23","12","21","21","11","11","12","43","33","44","45","33","22","22","33","21","11","22","23","31","11","12","11","12","13","23","22","36","33","12","13","33","31","21","33","31","22","31","23","32","31","33","22","31","21","32","33","22","23","11","22","13","25","11","23","23","12","22","25","32","24","21","33","33","44","11","14","32","11","22","22","33","33","44","12","22","22","11"
"403","i026_G06_IDGW_S4_MID2_UZZVU","22","11","22","21","12","12","11","11","21","12","11","12","12","22","22","21","22","12","12","12","12","21","21","12","11","21","12","22","22","22","11","12","22","11","11","12","22","11","22","21","44","22","22","22","11","21","11","11","11","32","44","12","33","21","11","23","31","44","22","31","21","22","23","21","23","34","33","12","23","24","11","66","22","14","13","31","23","23","21","33","55","11","11","32","23","23","21","31","11","32","32","32","31","31","12","32","31","31","43","13","12","11","33","12","11","12","22","11","23","24","22","42","45","44","32","22","33","22","21","22","24","31","11","22","33","42","13","32","13","16","33","11","13","33","11","32","23","12","22","11","32","32","32","33","22","13","31","32","32","12","21","11","21","11","52","33","33","31","31","32","25","43","22","22","31","33","44","33","11","23","11","44","22","13","23","21","13","33","22","11"
"404","i023_A09_IDGW_S1_MID1_UZZVV","22","12","22",NA,"22","21",NA,"12",NA,"11","11",NA,"11","22","22","12",NA,NA,NA,"11",NA,NA,"12",NA,"21",NA,"22",NA,"22","22","11","12","22","11",NA,"11","21","22",NA,"12","41",NA,NA,"12","13","22","12","11",NA,NA,"41","23","33","11",NA,"23","32","34","22","32","12","21","22",NA,"31",NA,"13","21","23",NA,NA,"36","23","44","13","32","31",NA,"31","33","55","21",NA,"21","32","23","11","31",NA,"13","23","23","31",NA,"13","33","33",NA,"43","13","12","11",NA,"12","11","12",NA,"11","23",NA,"23","24",NA,"43","22","22","33","22","11","22",NA,NA,"11","12","13","22","31","33","32","13","33","21","31",NA,"13","13",NA,"11",NA,"11","33","32",NA,NA,"22",NA,NA,"22","33","22","23",NA,"12",NA,"55","31","33",NA,"32","23","23","43",NA,"21","33","33","44","31","14",NA,"11","42","22",NA,NA,NA,NA,"32","22",NA
"405","i032_D07_IDGW_S7_HIGH_UZZWH","22","11","22","22","21","21","12","21","22","12","21","12","11","22","22","21","22","11","22","21","21","12","22","22","11","11","21","22","21","22","11","11","22","11","12","21","12","12","22","22","41","21","22","12","12","11","21","11","12","23","44","22","33","11","12","23","32","42","22","12","21","12","22","23","13","33","31","21","23","25","21","66","22","41","31","23","33","22","32","33","15","21","11","22","13","32","11","33","11","12","23","23","31","14","13","33","13","15","31","13","21","11","23","22","12","11","12","11","21","43","23","24","54","34","22","22","33","12","11","22","22","11","11","22","31","14","11","23","21","63","33","21","11","33","11","23","23","23","22","11","33","22","23","33","22","11","31","33","23","12","23","11",NA,"13","52","31","32","31","21","22","52","33","22","12","33","33","44","13","11","23","11","24","22","31","32","41","31","32","22","11"
"406","i023_B09_IDGW_S1_MID1_UZZWI","22","11","22","11","22","21","21","21","22","21","21","22","12","22","22","12","22","12","12","11",NA,"11","12","21","11","22","12","12","22","22","11","21","22","11","21","21","12","21","22","22","41",NA,"22","21","13","22","21","11","21","32","44","22","33","21","21","32","12","34","12","33","11","22","22","22","32","33","33","12","32","24","12","63","22","14","13","21","33","23","32","33","55","11","11","22","13","23","11","31","11","32","33","32","31","41","31","32","33","35","14","11","22","11","33","11","11","12","12","11","12","42","23","44","55","34","32","22","33","12","12","22","22","13","11","22","31","14","33","32","23","16","33","12","13","33","11","23","23","32","22","11","23","32","33","33","22","11","21","22","33","22","31","11","21","13","55","13","33",NA,"31","23","52","33","22","21","13","33","44","13","41","23","11","24","22","33","33","24","21","32","22","11"
"407","i023_C10_IDGW_S1_MID1_UZZWR","11","11","21","22",NA,"22","21","22","22",NA,"22",NA,"22","22","12","11","11","11",NA,"11","11","12","21","12",NA,"12","22","21","21","21","11","22",NA,"11","21",NA,"21","22",NA,"22","43",NA,NA,"12","22","22","11","11","11","23","14","32",NA,"21",NA,"22","21","23","11","12","21","22","32","23","22",NA,"31","11","21","12","22","63","22","44","11","13","22",NA,"32","13","31","22",NA,NA,NA,"32","12","11","11","23","33","32","31",NA,"12","32","13",NA,"13","11","23","22","11","31","12","33","12","11","22","33","22","11",NA,"34","12","21",NA,"12","11","22",NA,"31","11","13","11",NA,"12","22","21","56","31","21","33",NA,"31","11","13",NA,"22","12","33","33","12",NA,"32",NA,NA,"23","32","22","31","11","22",NA,"25","33",NA,NA,"12","23",NA,"43","42","21","21","33","41","11","44","22","21","22","22","33","33",NA,NA,"32","22",NA
"408","i023_D09_IDGW_S1_MID1_UZZWV","22","12","12","22","22","22","22","21","22","22","12","22","22","22","21","11","11","12","12","11","12","21","11","12","21","11","21","21","22","21","11","22","12","11","12","21","21","12","11","22","43","22","22","22","22","22","22","11","22","22","44","22","44","12","12","23","22","23","11","32","21","32","23","21","22","33","13","11","12","12","23","36","21","44","11","23","23","32","32","55","55","22","32","21","31","12","21","31","21","23","33","23","13","31","21","32","33","51","13","31","32","22","13","12","22","22","21","11","12","34","22","14","41","43","32","12","23","31","11","22","22","13","11","31","11","42","22","32","21","56","13","21","13","32","33","13","32","21","12","22","32","32","13","33","32","13","21","32","32","22","31","31","22","21","52","32","33",NA,"11","23","52","33","22","11","33","11","14","13","14","22","11","14","23","13","32","42","13","22","22","11"
"409","i026_H05_IDGW_S4_MID2_UZZWW","11","12","12","22","22","21","12","11","12","21","22","22","12","22","12","21","11","12","21","11","21","21","11","11","21","11","21","21","12","21","11","12","21","11","21","11","21","11","11","22","24","12","22","21","22","22","21","11","22","23","44","22","43","21","11","23","12","33","11","12","22","32","22","21","22","31","33","11","22","32","23","33","12","44","11","31","32","21","32","31","53","22","13","32","11","31","11","11","11","23","33","32","33","13","21","32","33","51","13","11","32","22","11","21","22","22","32","11","21","34","22","14","41","34","32","22","32","23","11","22","32","31","11","13","11","24","22","32","21","56","31","11","33","23","33","23","32","11","12","12","13","33","21","33","32","33","23","33","32","22","32","33","12","23","52","33","33","33","11","23","52","33","42","21","33","11","41","31","14","22","21","24","32","13","23","24","21","32","22","11"
"410","i026_A08_IDGW_S4_MID2_UZZXE","22","11","22","11","11","12","11","22","21","21","22","11","22","22","22","12","11","11","21","12","22","22","12","22","11","21","22","22","22","22","11","22","22","11","21","11","22","22","21","22","22","11","22","11","32","22","12","21","21","33","41","22","43","12","21","31","32","24","22","23","12","22","22","11","23","33","13","11","21","22","21","63","12","43","13","22","21","23","33","13","45","11","11","32","11","22","31","33","11","11","33","23","12","44","13","22","33","54","13","21","13","11","23","21","14","22","23","11","22","33","22","42","15","34","22","22","22","11","22","22","23","32","21","22","11","44","33","22","22","56","13","31","11","13","11","12","33","13","22","32","13","22","31","33","32","31","33","33","23","22","12","23","12","22","52","12","23","32","13","32","32","34","22","32","21","33","11","13","11","32","12","24","32","31","12","44","31","22","22","11"
"411","i023_F09_IDGW_S1_MID1_UZZYB","11","22","22","21","22","12","22","22","21","22","11","21","22","11","22","11","22","22","22","11",NA,"11","11","22","12","22","22","21","11","22","22","22","11","12","22","22","22","11","11","22","33",NA,"11","22","11","22","11","12","11","22","41","22","43","22","22","23","22","33","22","22","22","23","22","11","22","23","11","11","22","11","33","42","22","13","33","11","22","13","22","31","33","11","11","22","11","22","21","33","33","33","22","23","22","44","11","23","33","34","44","22","22","22","33","13","44","23","23","22","11","31","23","41","33","43","33","11","11","22","23","22","34","13","11","11","31","46","11","23","33","53","31","21","21","33","11","11","33","12","22","33","22","22","22","13","22","22","11","33","33","22","11","11","22","33","52","32","22",NA,"33","22","45","11","22","22","22","44","33","33","24","22","23","22","22","33","11","42","22","31","11","11"
"412","i032_H05_IDGW_S7_HIGH_UZZYJ","21","11","22","12","22","22","21","11","21","11","11","22","12","21","11","22","22","22","22","22","11","22","21","12","22","21","21","21","12","11","21","22","11","22","11","12","22","11","11","11","41","21","21","12","21","22","11","12","12","33","41","13","23","12","11","23","21","31","21","22","11","22","21","11","33","43","32","23","23","23","13","63","31","44","11","12","21","13","13","11","53","22","12","32","21","22","22","33","11","11","32","32","11","44","33","33","31","55","21","21","23","11","13","11","33","23","31","31","22","44","33","14","14","43","22","23","22","13","31","32","43","33","11","13","12","42","23","13","13","65","33","33","31","23","31","33","23","21","22","12","22","33","32","33","13","32","21","32","33","33","11","31",NA,"21","42","43","21","31","14","33","55","42","14","33","23","31","34","12","21","33","11","24","13","32","13","24","23","32","12","12"
"413","i026_B07_IDGW_S4_MID2_UZZYT","22","21","22","11","22","21","11","22","22","21","22","11","22","21","22","12","11","11","12","12","22","21","11","22","21","21","12","12","22","22","11","22","22","21","22","11","22","22","11","22","24","11","22","22","23","22","11","21","12","32","14","31","43","21","11","32","32","21","22","12","21","32","33","23","11","33","33","12","21","25","22","36","12","44","12","32","33","22","32","13","54","12","31","23","22","22","32","13","11","13","13","23","12","44","31","22","31","44","33","12","13","11","22","12","31","32","12","11","22","34","22","42","14","34","22","32","22","11","21","12","42","21","12","22","11","44","33","22","22","56","13","31","12","32","11","32","23","13","34","32","31","22","13","33","33","23","33","33","23","22","11","23","21","31","55","21","23","13","11","23","53","44","22","22","21","33","41","13","11","23","21","24","32","31","21","44","11","22","22","11"
"414","i026_C08_IDGW_S4_MID2_UZZZG","22","11","22","12","22","12","22","12","21","22","12","21","12","22","12","12","11","11","21","12","21","11","11","11","11","11","11","21","12","22","11","22","22","11","22","21","21","22","21","22","43","22","22","11","22","12","11","11","22","23","44","21","34","12","12","23","22","23","12","22","12","24","22","12","22","14","23","11","22","23","32","62","21","44","11","11","23","22","23","15","35","22","23","12","12","33","12","13","11","21","33","23","13","24","33","32","33","54","31","11","23","21","21","11","22","23","23","11","22","33","22","21","13","44","23","22","33","22","11","22","22","31","11","11","11","22","13","33","21","55","13","12","31","33","11","21","32","22","22","23","13","23","13","33","22","31","22","33","33","21","11","13","12","33","52","33","32","23","13","33","55","34","12","12","13","33","44","33","14","32","11","12","32","33","33","42","11","33","22","11"
"415","i032_E07_IDGW_S7_HIGH_UZZZM","11","11","22","21","22","12","22","11","12","22","12","21","22","22","12","21","11","11","22","11",NA,"11","11","21","11","12","12","12","21","12","11","22","22","12","21","21","12","22","12","22","33","11","22","11","21","12","11","11","22","23","44","13","33","11","11","32","11","23","11","22","21","24","22","21","23","13","33","21","21","32","32","62","21","44","11","13","23","22","22","11","35","22","32","21","12","33","21","33","11","31","33","33","11","14","31","33","33","15","13","12","23","12","31","21","22","22","12","11","22","34","33","14","43","44","32","21","23","22","13","32","32","13","11","11","11","22","13","33","21","55","11","11","33","33","11","12","12","21","22","22","31","23","13","33","22","31","22","33","33","12","11","31",NA,"33","52","11","31","32","11","33","25","34","21","11","33","31","41","33","44","22","11","21","33","33","23","42","11","23","22","11"
"416","i032_G07_IDGW_S7_HIGH_UZZZQ","12","11","22","21","22","12","21","21","22","22","21","21","12","22","12","21","11","11","22","11","12","11","11","11","11","11","12","11","12","12","11","21","22","21","21","21","21","22","11","22","44","12","22","11","22","21","11","11","22","23","44","31","33","11","11","23","11","23","11","22","11","22","21","22","22","44","32","21","12","22","22","36","21","44","12","33","31","23","22","11","53","21","21","11","12","23","22","33","11","32","33","33","13","24","33","32","33","15","13","11","23","12","33","12","12","32","32","11","22","33","32","41","15","43","22","12","32","22","13","32","32","12","11","11","11","22","31","33","21","55","11","11","33","33","31","21","21","12","22","22","13","33","11","33","22","13","22","33","33","11","12","31",NA,"33","55","13","32","32","12","33","35","34","12","21","33","33","44","33","11","33","11","22","32","33","33","22","12","12","22","11"
"417","i026_D07_IDGW_S4_MID2_UZZZR","21","11","22","22","22","21","21","11","21","22","12","22","21","22","12","21","11","11","12","21","21","11","12","21","12","12","11","12","12","22","11","22","22","11","22","11","12","22","11","22","34","12","22","12","12","21","11","11","22","32","44","12","43","12","21","22","12","33","11","22","22","24","22","21","22","13","33","21","21","32","32","63","21","44","11","13","23","33","22","11","35","12","23","21","21","23","22","31","11","22","33","33","13","24","33","23","33","54","13","12","32","22","32","11","21","32","21","21","23","33","22","12","13","44","23","21","33","22","11","22","22","21","11","11","11","22","31","33","11","55","11","11","31","33","33","11","13","13","22","22","32","13","31","33","22","13","23","33","33","11","21","11","22","33","55","13","12","23","31","33","55","33","22","21","13","13","41","31","41","32","11","22","23","33","23","42","11","31","22","11"
"418","i032_H07_IDGW_S7_HIGH_UZZZT","21","11","22","21","22","12","12","12","22","22","22","22","22","22","22","22","21","11","22","11","12","11","12","11","21","21","11","21","21","22","11","22","22","21","21","11","12","22","21","21","43","12","22","11","12","21","11","11","22","23","44","31","43","21","21","32","21","32","12","22","11","42","22","12","22","41","32","12","12","22","22","66","21","44","12","13","31","33","22","11","53","21","11","13","22","22","22","13","11","22","33","23","33","23","23","33","33","15","31","11","23","12","33","21","12","32","33","11","23","33","22","21","13","44","33","12","32","22","13","32","23","12","11","11","11","22","33","32","13","55","33","11","31","33","31","11","33","32","22","32","13","32","13","33","22","23","33","33","33","21","12","33",NA,"33","55","33","13","23","31","33","25","34","12","11","31","31","41","31","14","23","11","22","33","33","23","24","12","23","22","11"
"419","i032_F08_IDGW_S7_HIGH_VYZVD","11","11","22","21","22","12","22","11","12","22","21","21","22","22","12","12","11","11","22","11","21","11","11","21","11","12","12","21","21","21","11","22","22","12","12","12","21","22","12","22","33","11","22","11","21","21","11","11","22","23","44","31","33","11","11","23","11","32","11","22","12","24","22","12","32","13","33","12","21","32","32","62","21","44","11","13","32","22","22","11","53","22","23","21","21","33","21","33","11","13","33","33","11","41","13","33","33","15","13","12","23","21","13","21","22","22","12","11","22","43","33","14","43","44","32","12","32","22","31","23","23","13","11","11","11","22","13","33","21","55","11","11","33","33","11","21","21","12","22","22","13","32","13","33","22","13","22","33","33","12","11","31",NA,"33","25","11","13","23","11","33","52","43","12","11","33","13","14","33","44","22","11","21","33","33","32","24","11","32","22","11"
"420","i023_H10_IDGW_S1_MID1_VYZVF","12","11","22","22","22","12","21","11","21","22","12","22","22","22","22","21","12","11",NA,"11",NA,NA,"11","11","11",NA,"12","11","22","22","11","12","22","11",NA,"11","12","22",NA,"22","34",NA,NA,"11","22","21","11","11","22","23","44","31","33","11","11","32","21","33","21","22","11","22","22","22","22","44","23","12","12","23","32","36","21","44","11","31","32","32","32","15","35","22","23","11","22","22","22","31","11","32","33","23","13","31","21","23","33",NA,"11","11","32","22","31","12","22","22","32","11","22","33","32","14",NA,"34","33","22","32","22","11","22",NA,"12","11","11","11","22","33","32","11","55","31","11","33",NA,"33","11","13","31","22","32","23","23","13","33","22","13","22","33","33","22","11","11","22",NA,"55","11","13",NA,"32","23","23","34","21","12","31","33","44","33","44","22","11","21","32","33","23","24","12","33","23","11"
"421","i026_E08_IDGW_S4_MID2_VYZVL","12","11","22","21","22","11","12","21","12","22","22","22","22","22","12","12","11","11","22","21","12","11","11","11","21","21","12","12","12","22","11","22","22","11","22","21","22","22","21","21","34","12","22","11","21","22","11","11","22","33","14","31","33","11","11","21","12","32","11","22","12","24","22","21","22","41","33","21","21","23","32","62","11","44","21","13","21","23","32","15","53","21","13","21","21","23","22","31","11","23","33","33","31","21","31","23","33","45","13","12","23","12","23","12","22","22","32","11","23","33","23","24","53","34","23","22","23","22","11","22","22","11","11","11","11","22","33","33","31","55","31","12","13","33","13","11","31","12","22","23","33","32","13","33","22","12","32","33","33","21","11","13","12","33","52","13","32","33","12","32","35","33","22","12","33","13","41","13","14","23","11","21","33","33","33","24","11","13","23","11"
"422","i023_D12_IDGW_S1_MID1_VYZW4","21","11","22","12","22","12","12","22","22","22","21","22","22","22","12","21","12","11",NA,"21",NA,NA,"21","12","12","22","21","22","21","22","11","22","22","21",NA,"12","12","22","11","22","34",NA,NA,"11","12","12","11","11","22","32","14","33","34","12","12","23","12","32","21","22","22","24","21","12","32","43","33","12","21","22","32","36","12","44","21","31","13","33","22","11","55","22","12","11","22","22","22","33","11","22","33","32","13","31","12","33","33",NA,"13","21","23","22","33","21","21","23","13","12","23","34","23","21",NA,"44","33","22","33","22","31","23",NA,"13","11","11","11","22","33","23","11","55","13","21","33","33","31","21","32","22","22","23","13","23","31",NA,"22","13","22","33","33","11","11","33","11",NA,"22","33","31",NA,"32","23","32","34","21","11","33","13","41","13","14","23","11","22","33","33","23","22","11","33","32","11"
"423","i026_F08_IDGW_S4_MID2_VYZW5","11","11","22","12","22","21","22","11","12","22","21","12","22","22","21","21","11","11","22","11","12","11","11","12","11","12","21","12","21","12","11","22","22","12",NA,"12","21","22","12","22","33","11","22","11","21","21","11","11","22","32","44","31","33","11","11","23","11","32","11","22","12","42","22","12","23","31","33","21","12","32","32","62","12","44","11","31","23","22","22","11","53","22","23","21","21","33","12","33","11","31","33","33","11","14","13","33","33","15","13","21","32","12","13","21","22","22","21","11","22","43","33","14","43","44","32","12","32","22","13","32","23","31","11","11","11","22","31","33","21","55","11","11","33","33","11","12","12","21","22","22","31","23","13","33","22","13","22","33","33","12","11","31","21","33","52","11","31","23","11","33","52","43","12","11","33","31","41","33","44","22","11","21","33","33","23","42","11","32","22","11"
"424","i032_F09_IDGW_S7_HIGH_VYZW6","21","11","22","22","22","21","12","11","21","22","21","22","12","22","12","12","11","11","21","12","21","11","21","12","12","21","11","21","12","22","11","22","22","11","22","11","12","22","11","22","43","21","22","21","21","21","11","11","22","23","44","12","34","12","12","22","12","33","11","22","22","24","22","12","22","13","33","12","21","23","32","36","12","44","11","31","23","33","22","11","35","21","32","21","21","32","22","31","11","22","33","33","31","24","33","23","33","54","31","12","32","22","32","11","12","23","12","12","32","33","22","12","13","44","23","21","33","22","11","22","22","21","11","11","11","22","31","33","11","55","11","11","31","33","33","11","31","31","22","22","32","13","31","33","22","13","32","33","33","11","12","11",NA,"33","55","13","12","23","31","33","55","33","22","12","13","31","14","31","41","23","11","22","23","33","23","42","11","31","22","11"
"425","i023_C11_IDGW_S1_MID1_VYZW9","22","11","22","12","22","21",NA,"21","21","22","21","12","21","22","12","21",NA,"11",NA,"12",NA,NA,"11","11","11",NA,"11","21","21","22","11","22","22","11",NA,"21","12","22",NA,"22","43",NA,NA,"11","22","12","11","11","22","23","44","12","43","12","21","23","22","32","12","22","21","42","22","12","22","41","23","11","22","23","23",NA,"21","44","11","11","32","22","32","51","53","22","23","12","21","33","12","31","11","21","33","32","13","42","33","23","33",NA,"31","11","23","12","12","11","22","23","32","11","22","33","22","21","31","44","32","22","33","22","11","22","22","13","11","11","11","22","13","33","21","55","13","12","31",NA,"11","12","32","22","22","23","31","23","13",NA,"22","13","22","33","33","12","11","13","21",NA,"52","33","32",NA,"13","33","55","34","12","12","13","33","44","33","41","32","11","12","23","33","33","24","11","33","22","11"
"426","i032_B09_IDGW_S7_HIGH_VYZWA","12","11","22","22","22","21","12","11","21","22","21","22","21","22","21","12","11","11","12","12","21","11","12","21","21","21","11","12","12","22","11","22","22","11","22","11","21","22","11","22","43","21","22","21","21","21","11","11","22","32","44","21","43","12","12","22","12","33","11","22","22","24","22","12","22","31","33","12","12","23","32","63","12","44","11","13","32","33","22","11","53","21","32","12","21","32","22","13","11","22","33","33","13","42","33","32","33","45","31","21","23","22","32","11","12","32","12","21","23","33","22","12","31","44","32","21","33","22","11","22","22","21","11","11","11","22","31","33","11","55","11","11","13","33","33","11","13","31","22","22","32","13","31","33","22","31","23","33","33","11","21","11",NA,"33","55","13","12","32","31","33","55","33","22","21","13","13","41","31","41","32","11","22","32","33","23","42","11","31","22","11"
"427","i032_C09_IDGW_S7_HIGH_VYZWB","12","11","22","21","22","21","12","22","22","22","12","22","22","22","21","12","12","11","12","21","21","11","12","12","12","22","12","22","21","22","11","22","22","21","12","12","21","22","11","22","34","12","22","11","12","12","11","11","22","32","14","33","34","21","21","23","12","32","21","22","22","42","21","12","23","34","33","21","21","22","32","63","12","44","12","13","31","33","22","11","55","22","12","11","22","22","22","33","11","22","33","23","13","13","12","33","33","54","31","21","32","22","33","21","12","32","13","12","23","34","23","21","34","44","33","22","33","22","13","23","23","31","11","11","11","22","33","32","11","55","13","21","33","33","13","21","23","22","22","32","13","23","31","33","22","13","22","33","33","11","11","33",NA,"33","22","33","13","23","23","23","23","34","21","11","33","31","41","13","14","23","11","22","33","33","32","22","11","33","23","11"
"428","i026_H08_IDGW_S4_MID2_VYZWC","12","11","22","22","22","21","12","11","21","22","12","22","22","22","22","12","12","11","12","11","12","11","11","11","11","11","21","11","22","22","11","21","22","11","22","11","21","22","11","22","34","12","22","11","22","21","11","11","22","23","44","31","33","11","11","23","21","33","12","22","11","22","22","22","22","44","32","12","21","23","32","36","21","44","11","13","23","32","23","51","35","22","32","11","22","22","22","31","11","32","33","32","31","31","12","23","33","55","11","11","23","22","13","21","22","22","23","11","22","33","23","14","51","43","33","22","23","22","11","22","22","12","11","11","11","22","33","32","11","55","31","11","33","33","33","11","31","31","22","23","23","23","31","33","22","31","22","33","33","22","11","11","22","33","55","11","31","13","23","23","32","43","12","21","13","33","44","33","44","22","11","12","32","33","23","24","12","33","32","11"
"429","i032_D09_IDGW_S7_HIGH_VYZWE","12","11","22","12","22","12","12","12","22","22","12","12","21","22","21","21","11","11","22","11","12","11","11","11","11","11","12","11","12","12","11","12","22","21","21","12","21","22","11","22","44","21","22","11","22","21","11","11","22","32","44","31","33","11","11","23","11","23","11","22","11","22","12","22","22","44","23","12","12","22","22","63","21","44","12","33","31","32","22","11","53","21","12","11","12","32","22","33","11","23","33","33","31","24","33","32","33","51","31","11","32","12","33","21","12","23","32","11","22","33","32","14","51","34","22","12","23","22","31","32","23","21","11","11","11","22","31","33","12","55","11","11","33","33","13","21","21","12","22","22","13","33","11","33","22","31","22","33","33","11","12","31",NA,"33","55","13","23","23","21","33","53","43","21","12","33","33","44","33","11","33","11","22","23","33","33","22","21","21","22","11"
"430","i023_A12_IDGW_S1_MID1_VYZWF","12","11","22",NA,"22",NA,NA,"12",NA,"22","22",NA,"22","22","22","22","12",NA,NA,"11",NA,NA,"21",NA,"21",NA,"11","12","12","22","11","22",NA,"12",NA,"11","12","22",NA,"21",NA,NA,NA,"11","21","21","11","11","22",NA,"44","13","34",NA,NA,"32","12","32","21","22","11","24","22","12","22",NA,"23","21",NA,NA,NA,NA,NA,"44","21","31","13","33","22","11","53","21","11","31","22","22","22","31","11","22","33","32","33","32","23","33","33",NA,"13","11","23","12","33","21","21",NA,"33","11","32",NA,"22","12",NA,"44","33","12","32","22",NA,"23",NA,"21","11","11","11","22",NA,"23","31","55","33","11","31",NA,"31","11","33","23","22","23","31","32",NA,NA,"22",NA,NA,"33","33","21","21",NA,"11",NA,"55","33",NA,NA,"13","33","45",NA,"12","11",NA,"13","41","31","14",NA,"11","22","33",NA,NA,"42","12","23","22",NA
"431","i032_A09_IDGW_S7_HIGH_VYZWG","21","11","22","22","22","12","12","11","21","22","21","22","22","22","22","21","21","11","21","11","21","11","11","11","11","11","12","11","22","22","11","12","22","11","22","11","12","22","11","22","43","12","22","11","22","12","11","11","22","23","44","31","33","11","11","23","21","33","21","22","11","22","22","22","22","44","32","12","12","32","23","63","21","44","11","13","32","23","23","15","53","22","32","11","22","22","22","13","11","23","33","32","13","31","12","23","33","55","11","11","23","22","13","12","22","22","32","11","22","33","32","14","51","43","33","22","23","22","11","22","22","21","11","11","11","22","33","23","11","55","13","11","33","33","33","11","31","13","22","32","32","32","13","33","22","13","22","33","33","22","11","11",NA,"33","55","11","13","31","23","23","23","34","12","21","31","33","44","33","44","22","11","12","23","33","23","24","21","33","32","11"
"432","i026_A09_IDGW_S4_MID2_VYZWJ","21","11","22","22","22","21","21","11","21","22","21","22","22","22","22","21","12","11","21","11","21","11","11","11","11","11","21","11","22","22","11","21","22","11","22","11","21","22","11","22","43","21","22","11","22","21","11","11","22","23","44","31","33","11","11","23","12","33","12","22","11","22","22","22","22","44","23","12","12","32","32","36","12","44","11","13","23","23","23","15","35","22","23","11","22","22","22","31","11","32","33","23","31","13","21","23","33","55","11","11","23","22","13","12","22","22","23","11","22","33","32","14","51","34","33","22","23","22","11","22","22","12","11","11","11","22","33","32","11","55","31","11","33","33","33","11","13","31","22","32","32","23","31","33","22","13","22","33","33","22","11","11","22","33","55","11","31","13","23","23","32","43","12","21","31","33","44","33","44","22","11","12","32","33","32","42","21","33","32","11"
"433","i026_G08_IDGW_S4_MID2_VYZWK","21","11","22","21","22","12","21","12","22","22","21","21","12","22","21","12","11","11","22","11","12","11","11","11","11","11","21","11","12","21","11","21","22","21","21","12","12","22","11","22","44","21","22","11","22","12","11","11","22","23","44","31","33","11","11","32","11","32","11","22","11","22","21","22","22","44","23","12","21","22","22","63","12","44","12","33","31","23","22","11","53","21","12","11","21","23","22","33","11","32","33","33","13","24","33","23","33","51","13","11","23","12","33","12","12","23","32","11","22","33","32","14","15","43","22","21","32","22","13","32","32","12","11","11","11","22","13","33","12","55","11","11","33","33","13","12","21","12","22","22","31","33","11","33","22","31","22","33","33","11","21","13","12","33","55","31","32","23","12","33","35","34","12","12","33","33","44","33","11","33","11","22","32","33","33","22","21","12","22","11"
"434","i032_G09_IDGW_S7_HIGH_VYZWL","21","11","22","21","22","21","21","21","22","22","22","22","22","22","22","22","12","11","22","11","21","11","12","11","12","12","11","12","21","22","11","22","22","12","21","11","21","22","21","21","43","21","22","11","12","12","11","11","22","32","44","13","43","12","12","32","12","23","21","22","11","24","22","21","22","41","32","21","12","22","22","66","12","44","12","31","31","33","22","11","35","12","11","31","22","22","22","13","11","22","33","23","33","23","23","33","33","51","31","11","23","21","33","12","12","23","33","11","23","33","22","21","31","44","33","12","23","22","31","32","32","12","11","11","11","22","33","32","13","55","33","11","31","33","31","11","33","32","22","32","31","23","31","33","22","23","33","33","33","12","21","33",NA,"33","55","33","13","23","31","33","25","34","21","11","13","31","41","31","14","32","11","22","33","33","23","42","12","32","22","11"
"435","i032_E09_IDGW_S7_HIGH_VYZWO","21","11","22","12","22","12","12","22","22","22","21","22","22","22","21","21","12","11","12","12","12","11","21","21","21","22","21","22","12","22","11","22","22","12","12","12","12","22","11","22","43","12","22","11","12","21","11","11","22","23","14","33","34","21","12","32","12","32","12","22","22","42","21","21","23","34","33","12","21","22","23","63","12","44","12","31","31","33","22","11","55","22","12","11","22","22","22","33","11","22","33","32","31","31","12","33","33","54","31","12","23","22","33","21","12","32","13","21","23","34","23","21","34","44","33","22","33","22","31","32","32","13","11","11","11","22","33","23","11","55","31","12","33","33","13","21","32","22","22","32","13","32","31","33","22","13","22","33","33","11","11","33",NA,"33","22","33","13","32","32","23","23","34","21","11","33","13","41","31","14","32","11","22","33","33","23","22","11","33","23","11"
"436","i023_B11_IDGW_S1_MID1_VYZWP","21","11","22","22","22","12","12","11","21","22","12","22","22","22","22","12","12","11","12","11",NA,"11","11","11","11","11","21","11","22","22","11","12","22","11",NA,"11","21","22","11","22","34","12","22","11","22","21","11","11","22","23","44","31","33","11","11","32","21","33","21","22","11","22","22","22","22","44","32","21","12","23","23","63","12","44","11","31","23","32","23","51","35","22","32","11","22","22","22","13","11","32","33","32","13","13","21","32","33","55","11","11","23","22","13","12","22","22","32","11","22","33","32","14","15","34","33","22","32","22","11","22","22","12","11","11","11","22","33","23","11","55","13","11","33","33","33","11","13","31","22","32","23","32","13","33","22","31","22","33","33","22","11","11","22","33","55","11","13",NA,"23","32","32","34","12","12","13","33","44","33","44","22","11","12","32","33","23","24","12","33","32","11"
"437","i026_B09_IDGW_S4_MID2_VYZWQ","12","11","22","21","22","12","21","21","22","22","21","12","12","22","12","12","11","11","22","11","21","11","11","11","11","11","21","11","12","21","11","12","22","12","21","12","12","22","11","22","44","21","22","11","22","12","11","11","22","32","44","31","33","11","11","32","11","23","11","22","11","22","12","22","22","44","23","21","21","22","22","36","21","44","21","33","13","23","22","11","53","21","12","11","12","32","22","33","11","32","33","33","31","24","33","32","33","51","13","11","23","21","33","21","12","32","23","11","22","33","32","14","15","43","22","21","32","22","13","23","32","21","11","11","11","22","13","33","21","55","11","11","33","33","13","21","21","12","22","22","31","33","11","33","22","13","22","33","33","11","21","13","12","33","55","31","23","23","12","33","53","34","21","21","33","33","44","33","11","33","11","22","23","33","33","22","21","12","22","11"
"438","i026_C10_IDGW_S4_MID2_VYZWS","12","11","22","22","22","21","21","11","21","22","21","22","12","22","21","12","11","11","21","12",NA,"11","12","21","21","12","11","12","21","22","11","22","22","11","22","11","21","22","11","22","34","12","22","12","21","21","11","11","22","32","44","21","43","21","12","22","12","33","11","22","22","24","22","12","22","13","33","12","12","32","23","63","12","44","11","13","32","33","22","11","53","21","32","12","21","23","22","31","11","22","33","33","31","42","33","32","33","45","31","21","32","22","32","11","12","23","12","21","23","33","22","21","31","44","23","12","33","22","11","22","22","12","11","11","11","22","31","33","11","55","11","11","13","33","33","11","31","31","22","22","23","13","13","33","22","13","23","33","33","11","21","11","22","33","55","31","12","32","31","33","55","33","22","21","31","13","14","13","14","23","11","22","23","33","23","24","11","13","22","11"
"439","i026_F09_IDGW_S4_MID2_VYZWY","11","12","22","22","11","12","21","11","11","12","21","21","22","12","12","11","11","12","21","21","12","22","22","11","12","12","11","22","12","21","11","12","12","22","21","11","21","22","11","21","12","22","12","22","22","11","21","11","11","13","11","33","34","11","44","32","22","13","21","11","21","21","23","23","23","43","33","32","33","35","33","33","12","41","11","32","13","32","23","15","33","21","31","11","21","33","22","11","11","13","32","34","11","44","33","22","33","55","21","13","33","21","11","13","22","22","23","23","33","34","23","14","11","32","22","22","32","22","31","32","33","31","12","31","11","44","33","22","22","66","11","32","12","23","11","13","33","12","42","22","31","22","32","34","12","22","11","22","33","13","11","11","22","31","25","31","21","12","11","32","54","41","24","21","22","33","44","33","24","31","11","41","12","32","33","24","13","31","31","22"
"440","i024_C01_IDGW_S2_MID1_VYZX5","22","11","22","11","22","11","22","22","12","11","22","21","11","22","11","11","21","12","22","12",NA,"12","22","22","22","22","21","22","21","12","22","12","12","21","21","22","21","11","21","21","33","12","11","11","21","22","12","12","22","32","44","12","34","13","14","23","22","33","11","32","12","22","33","22","32","44","32","12","23","32","31","13","22","44","31","22","21","33","33","13","31","21","33","23","11","21","11","13","11","31","33","22","11","41","13","35","13","55","23","22","22","23","33","11","24","32","12","11","33","34","33","54","13","32","22","12","33","23","31","23","42","11","21","13","13","44","21","22","32","55","11","22","22","31","11","22","33","31","22","32","31","13","23","32","12","32","11","33","32","21","11","11","21","11","42","33","13",NA,"31","33","55","34","22","32","22","34","44","32","41","43","21","22","23","33","33","43","32","31","21","21"
"441","i026_G09_IDGW_S4_MID2_VYZXZ","11","21","22","12","12","21","22","11","11","12","21","22","22","21","11","11","12","12","11","11","12","22","22","12","22","11","11","12","21","21","21","12","21","21","22","21","11","12","12","11","11","22","21","22","22","12","11","21","12","12","14","23","23","21","44","23","22","33","21","13","12","12","23","23","33","43","32","32","33","35","33","63","11","44","11","31","31","31","33","15","33","21","31","31","12","23","22","13","11","13","23","33","11","44","33","22","31","54","11","12","23","11","13","21","32","22","13","12","23","44","33","44","11","33","21","21","33","23","11","22","33","11","22","33","12","24","23","22","21","56","11","22","13","23","13","32","33","11","42","23","13","21","23","33","11","32","11","23","33","12","11","31","21","13","52","21","11","21","11","32","54","42","44","31","32","33","44","33","44","12","11","14","32","33","13","12","21","21","11","21"
"442","i024_D01_IDGW_S2_MID1_VYZY2","11","11","22","21","21","12","22","11","11","22","12","22","22","12","11","11","11","12","22","22",NA,"22","22","12","22","12","11","22","22","22","21","11","12","12","22","12","12","12","21","11","22","22","22","22","12","21","21","21","21","23","41","32","42","12","41","22","22","13","21","11","11","22","33","22","22","34","23","32","33","23","33","33","11","44","11","12","11","12","23","55","33","21","13","31","21","13","12","31","11","31","23","33","11","44","33","22","31","54","12","23","32","22","13","32","21","22","13","21","32","43","32","15","11","32","22","32","23","23","11","22","33","33","11","31","11","44","23","22","32","65","11","32","31","32","13","23","33","11","42","23","33","21","22","33","11","23","11","32","33","21","11","11","12","11","22","31","31",NA,"11","33","54","12","42","23","22","34","44","33","44","21","11","41","21","31","31","14","32","12","13","12"
"443","i026_H09_IDGW_S4_MID2_VYZY3","11","11","22","21","12","21","22","11","11","22","12","22","22","12","11","11","11","21","22","22","11","22","22","21","22","12","11","22","22","22","12","11","21","12","22","21","21","12","21","11","22","22","22","22","21","12","21","21","12","32","14","23","24","21","14","22","22","13","21","11","11","22","33","22","22","34","23","32","33","23","33","33","11","44","11","21","11","21","32","55","33","21","13","31","12","31","21","31","11","31","23","33","11","44","33","22","31","45","21","32","23","22","31","23","21","22","13","21","32","34","23","51","11","32","22","23","32","23","11","22","33","33","11","31","11","44","32","22","32","56","11","32","13","23","31","32","33","11","24","32","33","12","22","33","11","32","11","23","33","21","11","11","21","11","22","31","13","12","11","33","45","21","24","32","22","43","44","33","44","12","11","41","21","13","31","14","32","12","31","21"
"444","i033_B02_IDGW_S8_HIGH_VYZY6","11","21","22","12","12","22","21","11","11","21","21","22","22","22","22","11","11","11","22","21","21","22","22","11","22","21","11","21","21","21","21","11","11","21","21","11","11","21","21","21","22","12","21","22","21","21","12","11","21","32","41","13","42","12","41","23","22","13","12","11","21","21","23","23","23","43","33","33","33","25","33","63","21","44","11","23","31","13","33","51","33","22","31","21","12","31","22","13","11","31","33","33","11","44","33","22","31","45","12","12","32","21","31","21","23","22","13","21","32","34","32","14","11","33","21","12","33","32","31","32","33","33","11","13","11","44","23","22","32","56","11","23","23","32","13","32","33","11","22","22","21","23","33","43","22","22","12","32","33","21","11","13",NA,"11","24","12","11","12","11","33","45","44","44","13","23","33","44","33","24","33","11","14","31","32","33","14","23","23","11","21"
"445","i033_A02_IDGW_S8_HIGH_VYZYC","11","12","22","12","12","12","22","11","11","21","12","22","22","21","11","11","21","12","11","11","21","22","22","21","22","11","11","12","12","12","21","12","12","21","22","12","11","21","12","11","11","22","12","22","22","12","11","21","12","12","14","23","23","12","44","32","22","33","12","31","21","12","32","23","33","43","32","32","33","53","33","36","11","44","11","31","31","13","33","15","33","21","13","13","12","23","22","31","11","31","32","33","11","44","33","22","13","45","11","12","23","11","13","21","23","22","13","21","23","44","33","44","11","33","12","21","33","32","11","22","33","11","22","33","21","42","32","22","12","56","11","22","31","32","31","32","33","11","24","32","31","12","32","33","11","23","11","23","33","12","11","13",NA,"31","52","21","11","12","11","23","45","24","44","31","32","33","44","33","44","21","11","41","23","33","31","12","12","21","11","12"
"446","i024_E01_IDGW_S2_MID1_VYZYV","12","11","22","22","21","12","22","12","21","11","22","11","22","11","22","11","22","11","11","12","11","12","11","12","11","21","11","21","21","11","21","12","21","22","11","21","21","12","12","12","44","22","21","22","21","12","12","12","22","33","34","21","43","12","21","32","12","32","21","11","11","33","33","22","23","34","33","11","23","45","31","33","21","24","31","12","21","33","33","11","55","22","13","22","21","22","21","21","21","11","23","24","11","23","21","23","33","54","11","12","32","23","33","22","22","22","13","31","22","44","33","22","14","34","22","22","13","22","21","32","43","13","11","33","23","24","22","22","32","13","33","22","21","23","11","22","33","31","33","22","32","23","33","13","11","23","22","33","23","12","21","11","11","11","12","32","23",NA,"13","33","55","34","21","22","23","53","44","22","11","13","11","12","33","13","22","14","23","23","22","11"
"447","i024_F02_IDGW_S2_MID1_VYZZ2","12","11","22","22","12","21","22","21","21","11","22","11","22","11","22","11","22","11","11","21","11","12","11","12","11","12","11","12","21","11","12","12","21","22","11","21","21","12","12","12","44",NA,"21","22","21","21","21","12","22","33","34","21","34","21","12","23","21","32","12","11","11","33","33","22","23","34","33","11","23","45","31","33","21","24","13","12","21","33","33","11","55","22","31","22","21","22","21","12","21","11","23","42","11","23","12","32","33","45","11","21","23","32","33","22","22","22","31","31","22","44","33","22","14","43","22","22","31","22","12","32","43","31","11","33","23","42","22","22","32","13","33","22","21","23","11","22","33","31","33","22","23","32","33","31","11","23","22","33","23","12","21","11","11","11","21","32","23",NA,"13","33","55","34","12","22","32","53","44","22","11","13","11","12","33","13","22","14","23","23","22","11"
"448","i040_H09_ScatOpt4_VZA1","22",NA,NA,NA,NA,"21",NA,"21",NA,"22","12",NA,"22",NA,"22","22",NA,NA,NA,"12",NA,NA,"12",NA,"21",NA,"22","21","22",NA,NA,"12","22","11",NA,"11","22",NA,NA,"22","22",NA,NA,"12",NA,"21","21","21","11","22",NA,"32",NA,"11",NA,"23",NA,"14",NA,"22","12","21","22",NA,"33",NA,"32","21",NA,NA,NA,NA,NA,"41",NA,NA,"33","31","22","33","55","21","12","32","13","23","13",NA,"11","31","33","44","32",NA,"12","22","11",NA,NA,"12","22","11",NA,"11","42",NA,NA,"21","22","23","32","24",NA,"34","23",NA,NA,"12",NA,"22",NA,NA,"12","21","11",NA,"32","22","11","55","31","21","11","33","13","12","32",NA,NA,"31","32","32",NA,NA,"23",NA,"21","33","33","22","11",NA,"22",NA,NA,"52","22","12","33","33","22","23",NA,"12","23","33","13","31","14",NA,"11","42","23",NA,NA,NA,NA,"31","22","11"
"449","i032_B01_IDGW_S7_HIGH_VZUA","11","22","22","22","21","12","22","21","12","11","12","22","21","11","11","11","12","12","11","21","11","21","21","21","22","11","11","12","11","11","12","22","22","22","12","22","12","22","11","22","24","21","12","11","32","22","21","21","22","22","14","32","22","22","12","22","12","33","22","12","22","23","33","22","23","43","33","31","22","43","11","22","13","14","13","22","33","23","22","13","45","23","31","22","22","12","22","31","11","31","11","41","22","42","12","55","32","44","34","11","22","11","32","11","33","23","12","31","22","44","32","24","34","34","23","21","33","22","31","32","34","32","12","22","31","41","23","22","22","33","32","32","12","32","13","13","21","22","32","12","13","22","32","43","11","23","11","33","32","22","13","33",NA,"33","15","31","23","12","21","32","23","23","42","12","22","11","44","12","12","33","22","24","22","11","12","22","13","23","23","12"
"450","i032_C01_IDGW_S7_HIGH_VZUE","22","11","22","22","12","12","11","22","22","22","12","11","12","22","21","11","11","12","11","21","21","12","12","12","11","12","22","21","22","22","11","22","22","11","11","21","22","22","21","22","42","22","22","21","23","12","11","11","22","21","14","22","34","13","22","21","22","43","22","32","11","22","32","12","23","43","11","31","32","32","11","36","22","13","23","23","21","31","22","33","51","11","11","23","21","22","13","13","11","11","33","33","11","14","31","32","13","34","14","31","13","21","23","11","32","31","12","12","22","32","23","44","55","43","23","22","31","22","11","22","33","33","11","11","11","22","13","23","21","65","31","11","33","31","11","13","32","31","22","11","33","33","21","33","22","33","11","23","33","22","12","13",NA,"13","52","21","32","13","31","23","23","33","22","22","11","33","41","31","44","22","22","22","22","33","33","44","23","33","22","11"
"451","i025_B09_IDGW_S3_MID2_VZVA","12","22","22","22","22","22","22","21","12","12","11","22","21","12","11","11","11","12","11","21",NA,"21","12","21","21","12","11","11","11","11","21","21","22","12","22","22","12","22","12","22","22","12","21","21","23","22","21","12","22","22","44","21","32","22","11","22","12","33","22","11","22","23","33","22","23","44","23","33","22","23","31","22","12","14","31","22","33","23","22","31","54","23","33","32","12","21","21","11","21","31","21","41","21","24","21","35","21","45","34","12","22","11","33","22","34","23","21","13","21","43","32","42","43","22","22","21","31","22","13","23","44","32","12","21","13","42","21","22","22","33","33","21","12","31","31","23","31","22","22","12","31","32","33","43","13","32","11","33","32","22","33","23","11","13","14","21","33",NA,"13","33","23","23","24","21","22","11","44","12","12","13","21","24","23","31","32","22","31","32","23","12"
"452","i025_C09_IDGW_S3_MID2_VZVE","22","11","22","22","11","12","21","22","22","21","12","11","12","22","21","11","11","12","11","22",NA,"11","12","21","12","21","22","12","22","22","11","22","22","11",NA,"12","22","21","12","22","42",NA,"22","12","33","21","11","11","22","22","44","23","34","13","21","23","22","24","22","22","11","22","22","12","23","34","13","11","13","24","21","66","22","43","31","23","22","31","23","33","13","21","11","23","21","22","13","33","11","11","33","32","11","14","31","23","13","43","14","23","13","12","32","11","32","13","12","22","22","23","23","44","51","33","22","22","32","21","21","22","33","13","11","11","11","41","33","33","11","66","33","11","33","13","11","32","32","13","22","11","33","33","21","33","22","33","12","22","33","22","21","13","12","31","52","21","23",NA,"33","33","23","33","22","22","11","33","14","33","41","22","22","22","22","31","32","44","32","21","22","11"
"453","i025_D09_IDGW_S3_MID2_VZWA","21","22","12","12","12","22","21","22","21","12","11","22","12","11","12","12","11","11","11","11","11",NA,"12","22","11","22","11","22","21","11","12","21","21","11","12","21","12","22","11","11","21",NA,"12","11","22","21","22","21","12","23","14","21","44","22","11","32","22","43","22","32","11","33","22","32","33","33","32","13","22","44","12","66","32","22","33","31","11","13","32","31","45","21","13","32","22","33","12","13","12","21","22","32","33","11","11","32","21","45","14","12","22","31","22","22","31","33","12","21","32","33","32","45","14","44","23","21","32","23","21","33","42","11","21","33","11","14","33","23","23","33","33","22","32","33","13","21","33","22","32","21","13","31","33",NA,"11","12","12","13","32","32","31","12","11","33","52","41","13",NA,"13","23","55","21","21","22","22","11","33","21","11","13","11","22","22","13","22","32","23","31","23","12"
"454","i032_D02_IDGW_S7_HIGH_VZWE","22","11","22","12","21","12","21","22","22","22","21","11","11","22","21","11","11","12","12","21",NA,"11","12","11","22","12","22","21","22","22","11","22","22","11","11","21","22","22","21","21","42","11","22","21","23","12","11","11","22","12","44","22","44","12","21","22","22","32","12","32","11","22","22","12","23","43","33","13","32","32","21","63","22","13","31","32","32","31","22","35","13","11","11","23","21","22","13","13","11","11","33","23","11","14","31","32","11","45","13","12","32","21","32","11","32","31","32","21","23","22","32","24","14","34","23","22","21","12","21","22","33","31","11","11","11","22","33","32","12","65","33","11","33","13","11","13","32","31","22","31","33","32","21","33","22","33","11","22","33","22","21","11",NA,"13","25","11","32","13","32","23","32","33","22","22","11","33","41","31","44","22","23","42","22","13","31","44","23","33","22","11"
"455","i032_E01_IDGW_S7_HIGH_VZXA","21","22","12","12","21","22","12","22","11","12","12","22","22","11","21","22","11","22","11","11","11","22","11","22","11","12","11","21","12","11","21","11","11","11","22","21","21","22","11","11","31","22","21","11","22","22","21","12","22","33","14","12","42","22","11","32","22","24","22","23","21","34","22","23","33","33","23","31","22","44","12","66","22","22","33","23","21","31","33","33","45","23","11","32","21","33","12","31","21","13","12","32","31","14","31","12","33","44","33","21","22","31","21","12","33","33","21","11","22","43","22","45","14","24","22","21","33","23","21","23","44","11","12","32","11","11","33","33","33","33","33","23","22","33","31","32","33","22","23","22","31","32","33","42","21","21","21","33","23","23","11","21",NA,"33","15","14","31","13","11","33","44","32","22","22","21","31","34","21","24","32","11","22","22","23","32","42","33","13","13","12"
"456","i026_C12_IDGW_S4_MID2_VZZVH","22","11","21","22","22","12","22","22","22","12","22","12","22","11","21","11","22","21","11","21","11","22","12","11","11","11","21","11","22","11","21","22","22","21","11","21","12","21","21","12","24","22","12","22","21","11","12","22","21","13","31","13","43","11","12","33","21","32","11","11","21","33","23","12","32","33","33","11","22","44","11","33","22","22","33","21","21","13","32","11","55","12","11","23","22","22","11","23","21","21","22","22","11","22","11","53","33","54","11","11","31","21","33","12","23","22","33","31","12","43","33","42","14","34","32","21","31","22","12","22","42","11","11","33","32","24","22","23","31","15","13","23","21","23","13","21","33","12","32","21","32","32","33","14","11","23","21","33","33","21","21","11","11","11","52","23","23","12","33","33","54","44","13","22","32","13","34","23","11","13","11","42","33","31","12","14","23","13","22","11"
"457","i026_A12_IDGW_S4_MID2_VZZVI","12","21","22","22","11","11","22","12","22","11","22","12","22","12","21","11","22","21","11","11","12","22","21","11","11","11","21","11","22","11","21","12","11","12","11","11","21","11","11","21","42","21","21","12","11","21","22","21","12","13","44","22","44","22","21","22","22","32","21","21","12","33","23","12","23","33","33","11","23","54","11","33","21","24","13","12","11","31","31","11","55","21","31","32","22","22","11","32","11","11","32","42","11","23","21","35","33","55","11","11","13","12","33","21","32","22","33","11","12","43","33","24","44","34","32","22","33","23","21","31","44","13","11","33","32","24","22","23","13","35","13","23","21","33","31","32","33","11","32","21","32","23","33","31","11","32","21","33","32","22","11","11","11","13","22","33","32","11","13","33","45","44","41","22","33","13","34","23","12","33","11","21","32","33","22","14","12","13","22","11"
"458","i025_E09_IDGW_S3_MID2_WZ21","22","12","12","11","12","11","22","22","22","22","12","21","12","22","12","11","11","11","12","11",NA,NA,"21","22","21",NA,"21","21","22","12","21","21","22","11","11","11","12","12","12","21","23",NA,"12","12","33","21","21","11","12","32","14","32","33","11","21","32","21","33","12","22","21","12","22","21","33","33","13","12","33","42","32","66","13","44","12","33","33","23","22","33","55","21","21","32","23","23","31","33","11","13","33","44","21","44","11","32","13",NA,"31","21","32","11","23","11","42","23","23","12","22","32","33","44","43","34","32","22","23","21","12","22","43","11","12","12","11","41","22","23","11","55","11","21","11","33","13","21","32","31","22","23","31","23","13","33","32","33","32","33","23","22","11","11","12","12","22","53","22",NA,"31","23","42","24","42","21","33","33","44","33","14","22","11","42","23","13","23","41","21","31","22","11"
"459","i032_F02_IDGW_S7_HIGH_WZ71","12","11","22","12","22","21","21","21","22","22","22","21","12","11","11","22","21","11","12","12","11","12","22","22","22","21","11","12","22","22","11","12","22","11","11","11","22","22","22","12","43","11","22","11","33","21","21","21","21","23","41","21","34","11","12","31","22","42","21","32","21","22","32","12","32","43","33","22","23","23","31","63","12","41","23","33","31","13","22","33","35","21","13","31","32","32","31","33","11","31","12","33","13","24","12","23","11","45","33","21","23","11","33","11","41","13","11","11","22","33","23","44","14","33","23","22","33","22","12","22","34","13","11","21","11","21","21","22","33","15","31","21","11","31","11","21","33","31","22","32","13","23","21","33","32","33","23","33","22","22","11","11",NA,"31","51","33","33","13","32","23","22","13","22","32","23","13","14","32","44","22","11","22","22","32","23","44","11","23","22","11"
"460","i040_A11_ScatOpt4_WZBA","22","21","12","21","22","22","12","21","11","22","12","21","21","11","11","21",NA,"12",NA,"21",NA,NA,"12",NA,"21","22","11","21","22","12","22","12","11","11","12","12","21",NA,NA,"22","42",NA,"21","12","32","22","21","11","12","32","24","11","42","23","11","33","22","33",NA,"12","12","33","32","22","33",NA,"31","13","21","13",NA,"33","22","41","13","21","23","13","33","33","11","21","21","23","12","22","31","31","11","32","13","32","31","12","11","13","33",NA,"13","12","13","23","32","12","21","32","22","11","32","34","23","42","44","32","23","22",NA,"22","11","21","44","22","11","12","11",NA,"22","31","31","52","33","11","31","31","21","21","23","12","22","32","11","32","12",NA,"32","33","12","33","33","32","32","23","12",NA,"21","23","12","12","22","23","55","43","24","32","33","11","44","13","11",NA,"21","22","22","31",NA,"24","23","31","12","12"
"461","i040_B11_ScatOpt4_XZ11","22","11",NA,NA,"12","21",NA,"22",NA,"12","11","11","12",NA,"22","11",NA,NA,NA,"12",NA,NA,"12",NA,NA,NA,"22","22","22","12","11","22","22","11",NA,"12","22","22",NA,"22","22",NA,NA,"11",NA,"11","11","11",NA,NA,NA,NA,"43",NA,"12","32",NA,"32",NA,"22","11","22",NA,NA,"32",NA,"13","13",NA,"22",NA,NA,NA,"41","12","22","32","32","32","33","11","11","11","12","23","22","33",NA,"11","11","33","33","11",NA,"11","23","31",NA,"41","13",NA,"21","12","11","32",NA,NA,"12","32",NA,"22","24",NA,"43","32","22",NA,"21",NA,"22","33",NA,"11","11","11",NA,"23","23","21","56","13","11","13",NA,NA,"31","23","32",NA,"31","33","32",NA,NA,"22",NA,"11","32","33","22","11",NA,"21","33",NA,"12","33","11","13","32","22","33",NA,"22","12","33","11","13","14",NA,"12","42","22","13",NA,NA,"22","13","22",NA
"462","i032_G02_IDGW_S7_HIGH_XZEA","12","12","12","21","22","22","21","21","11","12","11","11","21","11","12","11","22","12","11","12","11","21","21","22","22","21","12","11","22","21","22","21","12","11","12","22","11","22","22","21","24","12","22","22","23","22","22","21","21","22","44","12","24","32","21","23","21","33","12","22","11","13","22","32","31","43","33","13","22","33","31","23","22","24","31","23","22","31","32","33","14","21","21","31","11","22","33","11","21","22","13","22","11","22","11","33","33","44","33","11","21","33","32","11","21","32","21","31","22","34","32","42","43","33","22","22","21","22","12","32","43","12","12","11","11","44","32","13","23","26","33","31","33","21","12","21","23","11","22","31","11","23","13","42","13","33","12","13","33","33","31","13",NA,NA,"12","33","22","21","23","33","25","24","42","22","23","11","44","21","41","42","21","22","22","13","23","42","23","13","22","12"
"463","i032_H01_IDGW_S7_HIGH_XZFA","22","11","22","11","22","22","21","12","11","21","11","22","22","12","12","12","21","21","22","11","11","22","11","21","22","22","11","22","22","12","22","11","11","12","21","22","11","12","12","12","24","22","21","22","22","22","12","12","22","33","24","31","34","31","11","33","22","33","22","11","11","13","32","32","13","34","33","31","22","33","31","23","22","41","13","12","32","13","23","33","41","21","21","31","11","22","13","33","13","32","31","23","13","21","11","31","33","44","31","11","21","33","32","12","12","22","12","13","22","34","33","22","44","22","32","22","21","22","11","32","44","21","12","12","11","44","22","12","21","65","33","31","33","13","11","12","22","11","22","13","11","33","32","22","21","33","22","13","33","23","33","32",NA,NA,"12","33","23","21","23","32","55","23","22","22","23","11","44","21","14","43","11","22","22","33","23","24","21","33","22","22"
"464","i025_F09_IDGW_S3_MID2_XZGA","22","11","22","11","22","22","12","21","11","21","11","22","22","21","21","12","12","21","22","11","11","22","11","21","22","22","11","22","22","12","22","11","11","12","12","22","11",NA,"21","21","42","22","21","22","22","22","21","21","22","33","42","31","34","13","11","33","22","33","22","11","11","31","32","32","13","34","33","31","22","33","31","23","22","41","13","21","32","13","32","33","14","21","12","13","11","22","31","33","31","32","31","32","13","21","11","31","33","44","13","11","12","33","32","12","21","22","21","13","22","43","33","22","44","22","32","22","12","22","11","32","44","21","21","21","11","44","22","12","21","56","33","31","33","13","11","12","22","11","22","13","11","33","23","22","21","33","22","31","33","23","33","23","22",NA,"12","33","32",NA,"32","23","55","23","22","22","23","11","44","12","14","34","11","22","22","33","23","42","12","33","22","22"
"465","i032_A04_IDGW_S7_HIGH_XZHA","22","11","22","21","22","22","22","11","11","12","21","12","22","11","12","22","12","22","22","12","12","22","11","22","21","22","11","21","22","12","22","21","11","21","22","21","12","12","12","12","44","22","22","22","22","22","12","21","12","33","42","31","43","13","11","33","22","33","22","22","11","33","32","32","33","34","23","13","21","13","13","23","22","41","31","13","32","33","23","33","51","11","21","23","12","21","31","31","13","32","31","22","11","22","11","13","33","44","31","22","23","32","22","21","12","22","12","13","32","44","23","24","44","23","23","22","12","22","11","23","44","23","12","31","21","42","23","31","33","52","33","31","31","13","11","12","22","11","22","23","11","22","13","24","31","33","21","31","33","23","12","32",NA,NA,"12","33","22","21","32","23","25","23","22","22","33","31","44","33","41","43","11","22","22","33","23","24","12","33","13","11"
"466","i040_C11_ScatOpt4_YZ2A","12","12","22",NA,"22","22",NA,"22","11","12","21","11","21","11","21","21",NA,NA,NA,"12",NA,NA,"11",NA,"21",NA,"21","22","22","12","22","12","21","11",NA,"22","11",NA,NA,"12","44",NA,NA,"22","22","22","21","21","22","23","44","13","32","21",NA,"33","21","33",NA,"11","11","13","22","23","13",NA,"33","13","22","33","31","23","22","12","33","12","13","33","32","33","15","11","12","23","12","21","31",NA,"12","22","31","32","13",NA,"11","31","33",NA,"13","12","31","32","33","21","12","22","21","13","23","44","22","44","43","22","32","22",NA,"22","21","32","43","12","21","12","11","44","23","13","33","52","33","31","13","13","11","21","22","11","22","13","11","32","31",NA,"31",NA,"21","13","33","23","23",NA,"21",NA,"12","33","23","11","23","32","52","23",NA,"22","32","11","44","12","14","24","12","22","22","31",NA,NA,"13","31","22","21"
"467","i032_B04_IDGW_S7_HIGH_YZ7A","11","22","22","12","22","22","11","22","11","12","11","22","22","11","21","22","11","12","11","11","21","22","11","22","12","22","11","21","12","11","21","12","22","11","21","12","12","22","11","11","34","22","21","11","22","12","22","21","22","32","14","21","42","22","11","23","22","31","22","33","11","34","22","31","33","34","13","13","22","34","12","63","32","22","33","31","12","31","32","13","54","23","13","22","21","33","21","13","12","21","22","23","13","14","13","23","32","54","13","21","32","13","22","22","33","33","21","22","33","33","23","54","14","22","23","21","32","21","12","31","42","11","12","33","11","41","33","21","21","53","31","22","23","33","13","32","33","22","22","22","13","21","23","21","11","12","21","31","33","22","31","21",NA,"33","15","21","32","13","13","32","55","12","12","22","12","31","34","12","12","33","11","22","22","33","22","24","32","11","23","12"
"468","i040_D11_ScatOpt4_YZPE","12","11","22","11","21","21",NA,"12","22","12","22","21","21","12","21","22",NA,NA,NA,"11",NA,NA,"22",NA,"22",NA,"11","22","21","12","11","11","22","11",NA,"11","22","12",NA,"12","41",NA,"22","12","33","12","22","22","11","32","44","11","33","11","21","33","22","23",NA,"22","21","32","22","12","33",NA,"13","21","23","22","33","66","32","14","31","32","11","13","32","33","55","21","31","32","31","33","11",NA,"11","31","13","33","11","44","13","33","31",NA,"33","21","32","11","32","21","44","32","11","21","22","23","32","44","41","43","33","22",NA,"22","12","22","42","11","11","11","11","42","22","22","33","11","11","11","11",NA,"13","21","32","31","22","33","33","22","23",NA,"23",NA,"13","33","32","22","13",NA,"21","11","12","32","32","21","13","33","22","33","22","23","23","33","31","31","44","22","11","22","22","32",NA,NA,"11","22","22","11"
"469","i025_G09_IDGW_S3_MID2_YZQA","11","22","22","22","21","22","21","22","11","11","12","22","22","11","11","22","11","21","11","11","12","22","21","22","11","12","11","12","11","11","21","11","12","21","22","11","22","22","11","11","32","22","22","11","23","21","22","22","22","23","44","22","42","22","11","22","22","32","22","32","12","34","22","12","33","43","33","13","22","34","11","63","32","22","33","12","11","11","23","13","41","13","13","32","22","33","22","11","22","11","22","22","33","11","11","22","23","45","31","11","32","11","21","12","31","33","22","21","23","34","32","44","44","24","32","12","23","13","22","31","44","11","22","33","11","14","33","32","23","33","31","32","32","33","33","13","33","22","22","12","13","13","32","14","11","21","11","33","32","22","13","22","11","33","12","42","23",NA,"11","33","54","22","22","22","22","11","33","22","41","23","11","22","22","23","32","22","23","13","33","22"
"470","i040_E12_ScatOpt4_YZRA","12","22","22","21","22","22","11","22","11","21","11","22","12","11","21","12","11","12",NA,"11",NA,NA,"12","22","11",NA,"11","22","12","11","22","11","12","12",NA,"21","12","22",NA,"11","31",NA,"21","21","23","22","22","21","12","23","14","32","24","22","11","22","22","12",NA,"33","11","23","23","22","32","33","31","31","22","43","21","36","32","22","33","31","21","13","33","33","45","32","13","22","21","33","12","13","21","21","22","23","33","11","11","21","31",NA,"34","12","22","13","22","22","13","33","22","21","23","33","32","45","41","44","23","21",NA,"12",NA,"21","44","11","21","33","11","14","33","21","13","53","11","21","32","33","13","23","33","22","22","22","13","13","23","24","21","22","21","33","33","22","11","21","12",NA,"22","34","12","11","11","33","44","12","21","22","22","11","33","12","11","31","11","22","22","13",NA,"24","23","31","13","21"
"471","i032_C04_IDGW_S7_HIGH_ZZ7A","12","22","22","21","12","22","12","22","11","21","21","22","12","11","21","22","11","21","11","11","12","22","12","22","11","21","11","22","12","11","22","11","21","12","21","21","21","22","11","11","42","22","21","11","22","22","22","21","21","32","14","21","44","22","11","32","22","21","22","33","11","23","32","22","32","33","32","11","22","54","11","66","23","22","33","31","12","31","32","13","15","12","31","32","22","33","23","31","12","12","22","32","13","41","31","23","23","45","33","12","23","13","22","22","13","33","22","11","22","33","32","45","14","24","32","21","33","32","21","33","24","11","21","23","11","14","33","12","31","53","11","31","22","33","13","32","33","23","22","21","33","21","32","24","11","22","12","13","23","22","33","12",NA,"33","15","21","21","11","13","23","55","12","21","22","22","11","34","21","21","33","11","22","22","33","22","32","23","13","32","12"
"472","i040_F11_ScatOpt4_ZZVA","11","22",NA,NA,"22",NA,NA,"22",NA,"21","12","22","22","11","11","21",NA,NA,NA,"11",NA,NA,"11",NA,"11",NA,NA,"22","12","11","22","11","22","11",NA,"12","21","22",NA,"11","43",NA,NA,"12","23","21","22",NA,NA,NA,"14","32",NA,NA,NA,"22",NA,NA,NA,"33","12","23","32",NA,"23","33","32","13",NA,"35",NA,NA,"22","22","33","23","21",NA,"33","13","51","23","11","32","12","33","12",NA,"22","13","12","23","33","11","11","21",NA,NA,"31","21","22","31","21","21","33",NA,"22","12","32",NA,"22","54",NA,"44","22",NA,NA,"12",NA,"33",NA,"11","12","33","11","44","33","13","13","35","11","22","32",NA,"31","21","33","32","22","21","13","11","22","12","11",NA,"21","13","33","22","31",NA,"11",NA,"22","34","22","31","11","33","54","12",NA,"22","21","13","43","12","42","32",NA,NA,"22","23",NA,"32","33","13","13",NA
